00735743	FUN_00735743
006c8f2b	FUN_006c8f2b
006fc36e	FUN_006fc36e
006fc4f2	FUN_006fc4f2
005bcf2f	FUN_005bcf2f
005bdb08	FUN_005bdb08
0073e08f	FUN_0073e08f
005bccea	FUN_005bccea
005bcb51	FUN_005bcb51
0061eb3f	FUN_0061eb3f
005bdd08	FUN_005bdd08
007351e2	FUN_007351e2
005bd89d	FUN_005bd89d
005bc947	FUN_005bc947
0061ea04	FUN_0061ea04
0061ead6	FUN_0061ead6
0061ea6d	FUN_0061ea6d
007355be	FUN_007355be
00735341	FUN_00735341
007352a0	FUN_007352a0
0073ea02	FUN_0073ea02
009947c2	FUN_009947c2
0072f96d	FUN_0072f96d
005bc801	FUN_005bc801
00735673	FUN_00735673
005bc53a	FUN_005bc53a
0074249b	FUN_0074249b
0073b7fb	FUN_0073b7fb
005bd98d	FUN_005bd98d
007353e2	FUN_007353e2
0073b5e0	FUN_0073b5e0
005bd358	FUN_005bd358
0073b629	FUN_0073b629
00735592	FUN_00735592
005bdcdc	FUN_005bdcdc
005bcecf	FUN_005bcecf
0073b663	FUN_0073b663
0073b853	FUN_0073b853
0073b697	FUN_0073b697
0073b710	FUN_0073b710
0073b731	FUN_0073b731
0073b874	FUN_0073b874
005bde20	FUN_005bde20
005bdbcd	FUN_005bdbcd
006cd518	FUN_006cd518
005bc6a7	FUN_005bc6a7
0073ef61	FUN_0073ef61
005bcad2	FUN_005bcad2
005bd6a3	FUN_005bd6a3
004e2d50	FUN_004e2d50
00739d9d	FUN_00739d9d
005bc63d	FUN_005bc63d
005bc8c2	FUN_005bc8c2
0077f001	FUN_0077f001
007352ea	FUN_007352ea
0073538b	FUN_0073538b
007354ed	FUN_007354ed
005bd65c	FUN_005bd65c
005bcef3	FUN_005bcef3
005bcb18	FUN_005bcb18
005bc608	FUN_005bc608
005bc5d3	FUN_005bc5d3
005bce00	FUN_005bce00
00735254	FUN_00735254
0073527a	FUN_0073527a
0073522e	FUN_0073522e
0077f05d	FUN_0077f05d
0073b6e2	FUN_0073b6e2
0073b6b8	FUN_0073b6b8
005bdcc7	FUN_005bdcc7
0073b6ce	FUN_0073b6ce
0073b6fc	FUN_0073b6fc
0073befc	FUN_0073befc
0073bd67	FUN_0073bd67
005bd3bb	FUN_005bd3bb
0073f585	FUN_0073f585
0077f082	FUN_0077f082
0073b684	FUN_0073b684
005bccd8	FUN_005bccd8
005bde42	FUN_005bde42
005bcce1	FUN_005bcce1
005bcadc	FUN_005bcadc
005bcac9	FUN_005bcac9
0073b68e	FUN_0073b68e
0073561b	FUN_0073561b
0073b5d2	FUN_0073b5d2
005bde4b	FUN_005bde4b
0073c694	FUN_0073c694
005bcae5	FUN_005bcae5
005bde39	FUN_005bde39
005bcaa5	FUN_005bcaa5
00735612	FUN_00735612
005bca9c	FUN_005bca9c
005bcab7	FUN_005bcab7
005bca93	FUN_005bca93
005bcaee	FUN_005bcaee
