00849f55	FUN_00849f55
0084947d	FUN_0084947d
00849e44	FUN_00849e44
008498ac	FUN_008498ac
00849bd2	FUN_00849bd2
0084a0de	FUN_0084a0de
00849d0b	FUN_00849d0b
00849b8c	FUN_00849b8c
0084a237	FUN_0084a237
00848699	FUN_00848699
00848591	FUN_00848591
0084867b	FUN_0084867b
00849438	FUN_00849438
00849ac3	FUN_00849ac3
0084a08e	FUN_0084a08e
0084a39b	FUN_0084a39b
0084996f	FUN_0084996f
008496bf	FUN_008496bf
008493b2	FUN_008493b2
0084888e	FUN_0084888e
0084a34d	FUN_0084a34d
008498f6	FUN_008498f6
0084a36f	FUN_0084a36f
00849a46	FUN_00849a46
0084a2ed	FUN_0084a2ed
00849940	FUN_00849940
