0079d35e	FUN_0079d35e
004e16be	FUN_004e16be
004058af	FUN_004058af
00792312	FUN_00792312
00788235	FUN_00788235
00425650	FUN_00425650
00405960	FUN_00405960
007860ba	FUN_007860ba
0043ad7f	FUN_0043ad7f
004e176f	FUN_004e176f
00696123	FUN_00696123
0042559f	FUN_0042559f
0079f4c2	FUN_0079f4c2
00a927a7	FUN_00a927a7
0079ca67	FUN_0079ca67
00787827	FUN_00787827
0079ea37	FUN_0079ea37
0043a687	FUN_0043a687
004051b7	FUN_004051b7
004e0fc6	FUN_004e0fc6
007a1637	FUN_007a1637
007918e7	FUN_007918e7
00695a2b	FUN_00695a2b
00785937	FUN_00785937
00424ea7	FUN_00424ea7
00a91fc6	FUN_00a91fc6
