00a12b49	FUN_00a12b49
00a1517c	FUN_00a1517c
00a14d1f	FUN_00a14d1f
00a1b589	FUN_00a1b589
00a1b671	FUN_00a1b671
00a15644	FUN_00a15644
00a1b840	FUN_00a1b840
00a10b93	FUN_00a10b93
00a10be2	FUN_00a10be2
00a1e3fe	FUN_00a1e3fe
00a10c31	FUN_00a10c31
00a10ca1	FUN_00a10ca1
00a10adc	FUN_00a10adc
00a1e0e0	FUN_00a1e0e0
00a124b3	FUN_00a124b3
00a1278b	FUN_00a1278b
00a126aa	FUN_00a126aa
00a125cd	FUN_00a125cd
00a1286d	FUN_00a1286d
00a12927	FUN_00a12927
00a129e0	FUN_00a129e0
00a12a7d	FUN_00a12a7d
00a12aed	FUN_00a12aed
00a11b46	FUN_00a11b46
00a11526	FUN_00a11526
00a11336	FUN_00a11336
00a13d6d	FUN_00a13d6d
00a13f37	FUN_00a13f37
00a145a7	FUN_00a145a7
00a14b65	FUN_00a14b65
00a13a88	FUN_00a13a88
00a1a6bc	FUN_00a1a6bc
00a14942	FUN_00a14942
00a154c2	FUN_00a154c2
00a14418	FUN_00a14418
00a11132	FUN_00a11132
00a13c5d	FUN_00a13c5d
00a14a55	FUN_00a14a55
00a14aea	FUN_00a14aea
00a13cf2	FUN_00a13cf2
00a10d11	FUN_00a10d11
00a15433	FUN_00a15433
00a10dfc	FUN_00a10dfc
00a14c88	FUN_00a14c88
00a19109	FUN_00a19109
00a1131b	FUN_00a1131b
00a153f9	FUN_00a153f9
00a10e55	FUN_00a10e55
00a1568b	FUN_00a1568b
00a1ab96	FUN_00a1ab96
00a11026	FUN_00a11026
00a1a691	FUN_00a1a691
00a10a0b	FUN_00a10a0b
00a10a32	FUN_00a10a32
00a1a1d8	FUN_00a1a1d8
00a1adc4	FUN_00a1adc4
00a1ac83	FUN_00a1ac83
00a1c1cd	FUN_00a1c1cd
00a1d99d	FUN_00a1d99d
00a1c5ff	FUN_00a1c5ff
00a1c170	FUN_00a1c170
00a1c6ab	FUN_00a1c6ab
00a1d662	FUN_00a1d662
00a1daf7	FUN_00a1daf7
00a1c791	FUN_00a1c791
00a1dc3b	FUN_00a1dc3b
00a1c83d	FUN_00a1c83d
00a1cbcf	FUN_00a1cbcf
00a1ae8e	FUN_00a1ae8e
00a1ad28	FUN_00a1ad28
00a1c1fe	FUN_00a1c1fe
00a1c657	FUN_00a1c657
00a1c1a1	FUN_00a1c1a1
00a1c71f	FUN_00a1c71f
00a1c7e9	FUN_00a1c7e9
00a11057	FUN_00a11057
00a1dd3b	FUN_00a1dd3b
00a1cc3a	FUN_00a1cc3a
00a1c8b1	FUN_00a1c8b1
00a1cd60	FUN_00a1cd60
00a15dcc	FUN_00a15dcc
00a15860	FUN_00a15860
00a15cc3	FUN_00a15cc3
00a1ec11	FUN_00a1ec11
00a15a70	FUN_00a15a70
00a14fb5	FUN_00a14fb5
00a1ef54	FUN_00a1ef54
00a15bd5	FUN_00a15bd5
00a10822	FUN_00a10822
00a1df8c	FUN_00a1df8c
00a1e8c9	FUN_00a1e8c9
00a15b84	FUN_00a15b84
00a17d20	FUN_00a17d20
00a18640	FUN_00a18640
00a1eee9	FUN_00a1eee9
00a15f72	FUN_00a15f72
