record_va	name	table_header_va	vptr_va	slot_count	slots
0x00abf0b0	vn_advisor_ppc_consolshift	0x00abf06c	0x00abf074	7	+0:0x00665891,+0:0x0066616f,+0:0x006661ce,+0:0x004011b5,+0:0x00401010,+0:0x00401490,+0:0x004010cd
0x00abf270	std::exception	0x00abf1b0	0x00abf1b8	3	+0:0x00405190,+0:0x004051b7,+0:0x004051c3
0x00abf280	std::bad_alloc	0x00abf1d0	0x00abf1d8	3	+0:0x004051c8,+0:0x004051b7,+0:0x004051ef
0x00abf290	std::logic_error	0x00abf1f0	0x00abf1f8	3	+0:0x00405876,+0:0x004058af,+0:0x004058cc
0x00abf2a0	std::out_of_range	0x00abf210	0x00abf218	3	+0:0x004058dd,+0:0x004058af,+0:0x00405916
0x00abf2b0	std::runtime_error	0x00abf230	0x00abf238	3	+0:0x00405927,+0:0x00405960,+0:0x0040597d
0x00abf2c0	std::overflow_error	0x00abf250	0x00abf258	3	+0:0x0040598e,+0:0x00405960,+0:0x004059c7
0x00abfe94	backend_t	0x00abf65c	0x00abf664	262	+0:0x00406414,+0:0x0076fdcf,+0:0x00406419,+0:0x0040641e,+0:0x00406427,+0:0x00403387,+0:0x004044b4,+0:0x00401ded,+0:0x00402fa8,+0:0x00406430,+0:0x007700a6,+0:0x00406439,+0:0x00404b07,+0:0x0040644d,+0:0x00406456,+0:0x0040645f,+0:0x00406468,+0:0x00406477,+0:0x004064a4,+0:0x0040670b,+0:0x00406714,+0:0x0040671d,+0:0x0040672b,+0:0x004050d2,+0:0x0077017f,+0:0x007711eb,+0:0x004064ae,+0:0x00405128,+0:0x005bc53a,+0:0x00401024,+0:0x005bc5d3,+0:0x005bc608,+0:0x005bc63d,+0:0x005bc6a7,+0:0x004064c3,+0:0x005bc801,+0:0x005bc8c2,+0:0x005bc947,+0:0x0042420b,+0:0x004239de,+0:0x004064cd,+0:0x005bca8e,+0:0x005bca93,+0:0x004241a3,+0:0x004064d6,+0:0x005bca9c,+0:0x005bcaa5,+0:0x005bcaae,+0:0x005bcab7,+0:0x005bcac0,+0:0x005bcac9,+0:0x005bcad2,+0:0x005bcadc,+0:0x005bcae5,+0:0x005bcaee,+0:0x005bde39,+0:0x005bde42,+0:0x005bde4b,+0:0x004064df,+0:0x0046f5c7,+0:0x0046f8f7,+0:0x0072f96d,+0:0x004064e8,+0:0x00469105,+0:0x0047c2f4,+0:0x00424088,+0:0x00735592,+0:0x0047196d,+0:0x007353e2,+0:0x004a45f0,+0:0x004711e8,+0:0x0046f93f,+0:0x007354ed,+0:0x00471795,+0:0x00471769,+0:0x004064ed,+0:0x004064f2,+0:0x007355be,+0:0x004064f7,+0:0x00406505,+0:0x0040650e,+0:0x00473a91,+0:0x005bcf2f,+0:0x0040651e,+0:0x00735743,+0:0x0077f001,+0:0x0077f05d,+0:0x00406527,+0:0x00406530,+0:0x00406535,+0:0x0040653a,+0:0x005bdbcd,+0:0x006cd518,+0:0x00406544,+0:0x006fc36e,+0:0x006fc4f2,+0:0x006c8f2b,+0:0x007352a0,+0:0x007352ea,+0:0x00735341,+0:0x0073538b,+0:0x00735612,+0:0x0073561b,+0:0x0040654e,+0:0x0040655d,+0:0x00486abc,+0:0x00486b20,+0:0x00486ae9,+0:0x004869f9,+0:0x00486b57,+0:0x005bcb18,+0:0x005bcb51,+0:0x00424164,+0:0x00739d9d,+0:0x005bcb13,+0:0x005bccd3,+0:0x005bcb0a,+0:0x00406567,+0:0x005bccd8,+0:0x005bcce1,+0:0x00406770,+0:0x004067a8,+0:0x00406570,+0:0x00406579,+0:0x00406582,+0:0x0040658b,+0:0x00406594,+0:0x005bde20,+0:0x0040735e,+0:0x0040659d,+0:0x005bccea,+0:0x005bce00,+0:0x004065a2,+0:0x004221e8,+0:0x004a4615,+0:0x005bceca,+0:0x005bcecf,+0:0x005bcef3,+0:0x004065ab,+0:0x005bd353,+0:0x00470998,+0:0x004065b4,+0:0x00424b8f,+0:0x00424b5d,+0:0x004065b9,+0:0x004065be,+0:0x004065cd,+0:0x004065d2,+0:0x004065d7,+0:0x0073bd67,+0:0x0073befc,+0:0x0073c694,+0:0x004065e1,+0:0x004065ea,+0:0x004065f4,+0:0x0073e08f,+0:0x0073ef61,+0:0x0073f585,+0:0x0073ea02,+0:0x004065fe,+0:0x00406608,+0:0x00406612,+0:0x00406617,+0:0x0040661c,+0:0x00406621,+0:0x005bd358,+0:0x005bd6a3,+0:0x00423f45,+0:0x00424027,+0:0x007351e2,+0:0x0073522e,+0:0x00735254,+0:0x0073527a,+0:0x00432726,+0:0x0043a621,+0:0x0043a1b7,+0:0x00437ac1,+0:0x005bd3b2,+0:0x005bd3bb,+0:0x00431851,+0:0x00431985,+0:0x0043269d,+0:0x0040662b,+0:0x005bd3d8,+0:0x00423965,+0:0x00423991,+0:0x005bd65c,+0:0x00422ff4,+0:0x00423ce7,+0:0x00406630,+0:0x00424c85,+0:0x00423e2d,+0:0x00431693,+0:0x0043ec1b,+0:0x005bd89d,+0:0x00423c13,+0:0x00423aa1,+0:0x00424bce,+0:0x00406635,+0:0x0049efb5,+0:0x00423caf,+0:0x0040663e,+0:0x00406647,+0:0x00406651,+0:0x0040665b,+0:0x004242c0,+0:0x005bd98d,+0:0x00424123,+0:0x00406660,+0:0x00406669,+0:0x005bdb08,+0:0x00406672,+0:0x004e2d50,+0:0x0040667c,+0:0x00406681,+0:0x0040668a,+0:0x005bdd08,+0:0x0040668f,+0:0x00406698,+0:0x004066a1,+0:0x004066aa,+0:0x004066b4,+0:0x004066b9,+0:0x004066c3,+0:0x004066cd,+0:0x004066d6,+0:0x004066db,+0:0x004066e0,+0:0x00401d91,+0:0x0074249b,+0:0x004066e5,+0:0x004066ee,+0:0x004066fd,+0:0x00406706,+0:0x005bdcc7,+0:0x005bdcdc,+0:0x00404f81,+0:0x0040505a,+0:0x00404b2f,+0:0x00735673,+0:0x0040673a,+0:0x00424c29,+0:0x0042439b,+0:0x004243b1,+0:0x004244c6,+0:0x0049a873,+0:0x009947c2,+0:0x00446740,+0:0x0040673f,+0:0x00406748,+0:0x00406751,+0:0x00406756,+0:0x0040675e,+0:0x0047c39e,+0:0x0061eb3f,+0:0x0061ea6d,+0:0x0061ea04,+0:0x0061ead6,+0:0x0077f082,+0:0x00406767,+0:0x0048cba0,+0:0x00424c57
0x00abff98	std::exception	0x00abfed8	0x00abfee0	3	+0:0x00424e80,+0:0x00424ea7,+0:0x00424eb3
0x00abffa8	std::bad_alloc	0x00abfef8	0x00abff00	3	+0:0x00424eb8,+0:0x00424ea7,+0:0x00424edf
0x00abffb8	std::logic_error	0x00abff18	0x00abff20	3	+0:0x00425566,+0:0x0042559f,+0:0x004255bc
0x00abffc8	std::out_of_range	0x00abff38	0x00abff40	3	+0:0x004255cd,+0:0x0042559f,+0:0x00425606
0x00abffd8	std::runtime_error	0x00abff58	0x00abff60	3	+0:0x00425617,+0:0x00425650,+0:0x0042566d
0x00abffe8	std::overflow_error	0x00abff78	0x00abff80	3	+0:0x0042567e,+0:0x00425650,+0:0x004256b7
0x00ac0a18	std::exception	0x00ac0998	0x00ac09a0	3	+0:0x0043a660,+0:0x0043a687,+0:0x0043a693
0x00ac0a28	std::bad_alloc	0x00ac09b8	0x00ac09c0	3	+0:0x0043a698,+0:0x0043a687,+0:0x0043a6bf
0x00ac0a38	std::logic_error	0x00ac09d8	0x00ac09e0	3	+0:0x0043ad46,+0:0x0043ad7f,+0:0x0043ad9c
0x00ac0a48	std::out_of_range	0x00ac09f8	0x00ac0a00	3	+0:0x0043adad,+0:0x0043ad7f,+0:0x0043ade6
0x00ac5960	g4_resource_scheduler	0x00ac5810	0x00ac5818	13	+0:0x00486b90,+0:0x00487f47,+0:0x007387cf,+0:0x00738de5,+0:0x00738772,+0:0x00738d12,+0:0x00739097,+0:0x00739679,+0:0x00739659,+0:0x00739ae2,+0:0x00739824,+0:0x00486cbc,+0:0x007399dd
0x00ac5970	ppc970_resource_scheduler	0x00ac5880	0x00ac5888	13	+0:0x00486b90,+0:0x00488266,+0:0x007387cf,+0:0x00738de5,+0:0x00738772,+0:0x00738d12,+0:0x00739097,+0:0x00739679,+0:0x00739659,+0:0x00739ae2,+0:0x00739824,+0:0x00487ff2,+0:0x007399dd
0x00ac5980	ame_resource_scheduler	0x00ac58f0	0x00ac58f8	13	+0:0x0048a852,+0:0x0048af87,+0:0x007387cf,+0:0x00738de5,+0:0x00738772,+0:0x00738d12,+0:0x00739097,+0:0x00739679,+0:0x00739659,+0:0x00739ae2,+0:0x00739824,+0:0x0048a91c,+0:0x007399dd
0x00ace1d0	objectdata	0x00acdd90	0x00acdd98	2	+0:0x004dea14,+0:0x004a5d05
0x00ace1e0	objectdata_twoop	0x00acdda8	0x00acddb0	2	+0:0x004dea19,+0:0x004a5d0f
0x00ace1f0	objectdata_arrayop	0x00acddc0	0x00acddc8	2	+0:0x004dea1e,+0:0x004a5d19
0x00ace200	objectdata_vectorop	0x00acddd8	0x00acdde0	2	+0:0x004dea23,+0:0x004a5d23
0x00ace210	objectdata_compoundop	0x00acddf0	0x00acddf8	2	+0:0x004dea28,+0:0x004a5d2d
0x00ace220	objectdata_magictype	0x00acde08	0x00acde10	2	+0:0x004dea2d,+0:0x004a5d37
0x00ace230	objectdata_qindex	0x00acde20	0x00acde28	2	+0:0x004dea32,+0:0x004a5d41
0x00ace240	objectdata_dot	0x00acde38	0x00acde40	2	+0:0x004dea37,+0:0x004a5d4b
0x00ace250	objectdata_recordtyp	0x00acde50	0x00acde58	2	+0:0x004dea3c,+0:0x004a5d55
0x00ace260	objectdata_subrangeop	0x00acde68	0x00acde70	2	+0:0x004dea41,+0:0x004a5d5f
0x00ace270	objectdata_call	0x00acde80	0x00acde88	2	+0:0x004dea46,+0:0x004a5d69
0x00ace280	objectdata_rouconstr	0x00acde98	0x00acdea0	2	+0:0x004dea4b,+0:0x004a5d73
0x00ace290	objectdata_entryop	0x00acdeb0	0x00acdeb8	2	+0:0x004dea50,+0:0x004a5d7d
0x00ace2a0	objectdata_statfunc	0x00acdec8	0x00acded0	2	+0:0x004dea55,+0:0x004a5d87
0x00ace2b0	objectdata_qaddrs	0x00acdee0	0x00acdee8	2	+0:0x004dea5a,+0:0x004a5d91
0x00ace2c0	objectdata_variable	0x00acdef8	0x00acdf00	2	+0:0x004dea5f,+0:0x004a5d9b
0x00ace2d0	objectdata_varfield	0x00acdf10	0x00acdf18	2	+0:0x004dea64,+0:0x004a5da5
0x00ace2e0	objectdata_generic	0x00acdf28	0x00acdf30	2	+0:0x004dea69,+0:0x004a5daf
0x00ace2f0	objectdata_scalconst	0x00acdf40	0x00acdf48	2	+0:0x004dea6e,+0:0x004a60ed
0x00ace300	objectdata_floatconst	0x00acdf58	0x00acdf60	2	+0:0x004dea73,+0:0x004a60f7
0x00ace310	objectdata_strconst	0x00acdf70	0x00acdf78	2	+0:0x004dea78,+0:0x004a6101
0x00ace320	objectdata_setconstructor	0x00acdf88	0x00acdf90	2	+0:0x004dea7d,+0:0x004a610b
0x00ace330	objectdata_complexop	0x00acdfa0	0x00acdfa8	2	+0:0x004dea82,+0:0x004a6115
0x00ace340	objectdata_data	0x00acdfb8	0x00acdfc0	2	+0:0x004dea87,+0:0x004a611f
0x00ace350	objectdata_qjcond	0x00acdfd0	0x00acdfd8	2	+0:0x004dea8c,+0:0x004a6129
0x00ace360	objectdata_qjmp	0x00acdfe8	0x00acdff0	2	+0:0x004dea91,+0:0x004a6133
0x00ace370	objectdata_qjtab	0x00ace000	0x00ace008	2	+0:0x004dea96,+0:0x004a613d
0x00ace380	objectdata_arithifi	0x00ace018	0x00ace020	2	+0:0x004dea9b,+0:0x004a6147
0x00ace390	objectdata_ifop	0x00ace030	0x00ace038	2	+0:0x004deaa0,+0:0x004a6151
0x00ace3a0	objectdata_predcode	0x00ace048	0x00ace050	2	+0:0x004deaa5,+0:0x004a615b
0x00ace3b0	objectdata_block	0x00ace060	0x00ace068	2	+0:0x004deaaa,+0:0x004a6165
0x00ace3c0	objectdata_undefop	0x00ace078	0x00ace080	2	+0:0x004deaaf,+0:0x004a616f
0x00ace3d0	objectdata_fourop	0x00ace090	0x00ace098	2	+0:0x004deab4,+0:0x004a6179
0x00ace3e0	objectdata_casm	0x00ace0a8	0x00ace0b0	2	+0:0x004deab9,+0:0x004a6183
0x00ace3f0	objectdata_lineop	0x00ace0c0	0x00ace0c8	2	+0:0x004deabe,+0:0x004a618d
0x00ace400	objectdata_commentop	0x00ace0d8	0x00ace0e0	2	+0:0x004deac3,+0:0x004a6197
0x00ace410	objectdata_startscope	0x00ace0f0	0x00ace0f8	2	+0:0x004deac8,+0:0x004a61a1
0x00ace420	objectdata_leavescope	0x00ace108	0x00ace110	2	+0:0x004deacd,+0:0x004a61ab
0x00ace430	objectdata_varargsop	0x00ace120	0x00ace128	2	+0:0x004dead2,+0:0x004a61b5
0x00ace440	objectdata_statexpr	0x00ace138	0x00ace140	2	+0:0x004dead7,+0:0x004a61bf
0x00ace628	std::exception	0x00ace558	0x00ace560	3	+0:0x004e0f9f,+0:0x004e0fc6,+0:0x004e0fd2
0x00ace638	std::bad_alloc	0x00ace578	0x00ace580	3	+0:0x004e0fd7,+0:0x004e0fc6,+0:0x004e0ffe
0x00ace648	std::logic_error	0x00ace598	0x00ace5a0	3	+0:0x004e1685,+0:0x004e16be,+0:0x004e16db
0x00ace658	std::out_of_range	0x00ace5b8	0x00ace5c0	3	+0:0x004e16ec,+0:0x004e16be,+0:0x004e1725
0x00ace668	std::runtime_error	0x00ace5d8	0x00ace5e0	3	+0:0x004e1736,+0:0x004e176f,+0:0x004e178c
0x00ace678	std::overflow_error	0x00ace5f8	0x00ace600	3	+0:0x004e179d,+0:0x004e176f,+0:0x004e17d6
0x00acf300	InterblockDf	0x00acf278	0x00acf280	2	+0:0x00a92860,+0:0x00a92860
0x00acf6d0	TouchesDf	0x00acf688	0x00acf690	2	+0:0x00500898,+0:0x00500b42
0x00acf6e0	LivenessDf	0x00acf6a0	0x00acf6a8	2	+0:0x00500b9f,+0:0x00500cd7
0x00acf6f0	PostLivenessDf	0x00acf6b8	0x00acf6c0	2	+0:0x00500d3f,+0:0x00500d44
0x00afc4e0	backend_basetype	0x00afbb90	0x00afbb98	262	+0:0x005ba5d0,+0:0x0076fdcf,+0:0x005ba5d5,+0:0x005ba5da,+0:0x005ba5e3,+0:0x0076fd8c,+0:0x007692da,+0:0x0076fd44,+0:0x00766cae,+0:0x005ba5ec,+0:0x007700a6,+0:0x005ba5f5,+0:0x0076fd2e,+0:0x005ba609,+0:0x005ba612,+0:0x005ba61b,+0:0x005ba624,+0:0x005ba633,+0:0x005ba660,+0:0x005bab1f,+0:0x005bab28,+0:0x005bab31,+0:0x005bab3f,+0:0x005bab4e,+0:0x0077017f,+0:0x007711eb,+0:0x005ba66a,+0:0x005ba67f,+0:0x005bc53a,+0:0x005ba688,+0:0x005bc5d3,+0:0x005bc608,+0:0x005bc63d,+0:0x005bc6a7,+0:0x005ba692,+0:0x005bc801,+0:0x005bc8c2,+0:0x005bc947,+0:0x005bca13,+0:0x005bca59,+0:0x005ba69c,+0:0x005bca8e,+0:0x005bca93,+0:0x005ba6a5,+0:0x005ba6ae,+0:0x005bca9c,+0:0x005bcaa5,+0:0x005bcaae,+0:0x005bcab7,+0:0x005bcac0,+0:0x005bcac9,+0:0x005bcad2,+0:0x005bcadc,+0:0x005bcae5,+0:0x005bcaee,+0:0x005bde39,+0:0x005bde42,+0:0x005bde4b,+0:0x005ba6b7,+0:0x005bcaf7,+0:0x005bcb00,+0:0x0072f96d,+0:0x005ba6c0,+0:0x005bca85,+0:0x005bcb05,+0:0x005ba6c5,+0:0x005ba6ce,+0:0x005ba6d7,+0:0x005ba6e0,+0:0x005ba6ea,+0:0x005ba6f4,+0:0x005ba6fd,+0:0x005ba706,+0:0x005ba70f,+0:0x005ba718,+0:0x005ba71d,+0:0x005ba722,+0:0x005ba727,+0:0x005ba731,+0:0x005ba73f,+0:0x005ba748,+0:0x005ba758,+0:0x005bcf2f,+0:0x005ba762,+0:0x005ba76b,+0:0x0077f001,+0:0x0077f05d,+0:0x005ba770,+0:0x005ba779,+0:0x005ba77e,+0:0x005ba783,+0:0x005bdbcd,+0:0x006cd518,+0:0x005ba78d,+0:0x006fc36e,+0:0x006fc4f2,+0:0x006c8f2b,+0:0x005ba797,+0:0x005ba7a5,+0:0x005ba7b3,+0:0x005ba7c1,+0:0x005bd9df,+0:0x005bd9e8,+0:0x005ba7cf,+0:0x005ba7de,+0:0x005ba7e8,+0:0x005ba852,+0:0x005ba860,+0:0x005ba86e,+0:0x005ba87c,+0:0x005bcb18,+0:0x005bcb51,+0:0x005bdbaa,+0:0x00739d9d,+0:0x005bcb13,+0:0x005bccd3,+0:0x005bcb0a,+0:0x005ba88a,+0:0x005bccd8,+0:0x005bcce1,+0:0x005ba893,+0:0x005ba89c,+0:0x005ba8a5,+0:0x005ba8ae,+0:0x005ba8b7,+0:0x005ba8c0,+0:0x005ba8c9,+0:0x005bde20,+0:0x005ba8d2,+0:0x005ba935,+0:0x005bccea,+0:0x005bce00,+0:0x005ba93a,+0:0x005bce2d,+0:0x005bce7d,+0:0x005bceca,+0:0x005bcecf,+0:0x005bcef3,+0:0x005ba943,+0:0x005bd353,+0:0x005ba94c,+0:0x005ba951,+0:0x005ba956,+0:0x005ba95b,+0:0x005ba960,+0:0x005ba965,+0:0x005ba974,+0:0x005ba979,+0:0x005ba97e,+0:0x0073bd67,+0:0x0073befc,+0:0x0073c694,+0:0x005ba988,+0:0x005ba991,+0:0x005ba99b,+0:0x0073e08f,+0:0x0073ef61,+0:0x0073f585,+0:0x0073ea02,+0:0x005ba9a5,+0:0x005ba9af,+0:0x005ba9b9,+0:0x005ba9be,+0:0x005ba9c3,+0:0x005ba9c8,+0:0x005bd358,+0:0x005bd6a3,+0:0x005bd73a,+0:0x005bd82a,+0:0x005bca1d,+0:0x005bca2c,+0:0x005bca3b,+0:0x005bca4a,+0:0x005bd393,+0:0x005bd398,+0:0x005bd3a0,+0:0x005bd3a9,+0:0x005bd3b2,+0:0x005bd3bb,+0:0x005bd3c5,+0:0x005bd3ca,+0:0x005bd3cf,+0:0x005ba9d2,+0:0x005bd3d8,+0:0x005bd3dd,+0:0x005bd3e7,+0:0x005bd65c,+0:0x005ba9d7,+0:0x005ba9dc,+0:0x005ba9e6,+0:0x005ba9eb,+0:0x005ba9f3,+0:0x005ba9fc,+0:0x005baa05,+0:0x005bd89d,+0:0x005baa0e,+0:0x005bd972,+0:0x005bd9f1,+0:0x005baa18,+0:0x005bda6a,+0:0x005baa21,+0:0x005baa2d,+0:0x005baa36,+0:0x005baa40,+0:0x005baa4a,+0:0x005baa4f,+0:0x005bd98d,+0:0x005baa54,+0:0x005baa59,+0:0x005baa62,+0:0x005bdb08,+0:0x005baa6b,+0:0x004e2d50,+0:0x005baa75,+0:0x005baa7a,+0:0x005baa83,+0:0x005bdd08,+0:0x005baa88,+0:0x005baa91,+0:0x005baa9a,+0:0x005baaa3,+0:0x005baaad,+0:0x005baab2,+0:0x005baabc,+0:0x005baac6,+0:0x005baacf,+0:0x005baad4,+0:0x005baad9,+0:0x005baade,+0:0x0074249b,+0:0x005baae7,+0:0x005baaf0,+0:0x005baaff,+0:0x005bab08,+0:0x005bdcc7,+0:0x005bdcdc,+0:0x005bab0d,+0:0x005bab16,+0:0x005bdbe6,+0:0x005bab57,+0:0x005bab60,+0:0x005bde11,+0:0x005bab65,+0:0x005bab6e,+0:0x005bab77,+0:0x005bab80,+0:0x009947c2,+0:0x006c4c04,+0:0x005bab85,+0:0x005bab8e,+0:0x005bab97,+0:0x005bab9c,+0:0x005baba4,+0:0x005babad,+0:0x0061eb3f,+0:0x0061ea6d,+0:0x0061ea04,+0:0x0061ead6,+0:0x0077f082,+0:0x005babb6,+0:0x005babbf,+0:0x005babc8
0x00afd5b8	InterblockDf	0x00afd2c0	0x00afd2c8	2	+0:0x00a92860,+0:0x00a92860
0x00afd638	DownSafetyDf	0x00afd388	0x00afd390	2	+0:0x005d940a,+0:0x005d9425
0x00afd648	UpSafetyDf	0x00afd3a0	0x00afd3a8	2	+0:0x005d9566,+0:0x005d9581
0x00afd658	EarliestDf	0x00afd3b8	0x00afd3c0	2	+0:0x005d96aa,+0:0x005d96af
0x00afd668	DelayedDf	0x00afd3d0	0x00afd3d8	2	+0:0x005d9789,+0:0x005d97a4
0x00afd678	LatestDf	0x00afd3e8	0x00afd3f0	2	+0:0x005d98f5,+0:0x005d98fa
0x00afd688	IsolatedDf	0x00afd400	0x00afd408	2	+0:0x005d9a1d,+0:0x005d9a38
0x00afd698	FinalDf	0x00afd418	0x00afd420	2	+0:0x005d9b39,+0:0x005d9b3e
0x00afd6a8	GcseSelectDf	0x00afd430	0x00afd438	2	+0:0x005d9c3c,+0:0x005d9caf
0x00afd6b8	GcseLiveDf	0x00afd448	0x00afd450	2	+0:0x005d9d5b,+0:0x005d9d7b
0x00afd6c8	GcseFinalDf	0x00afd460	0x00afd468	2	+0:0x005d9e6d,+0:0x005d9e72
0x00afd738	HoistAvailDf	0x00afd4f8	0x00afd500	2	+0:0x005f9a83,+0:0x005f9adc
0x00afd748	HoistHelpfulDf	0x00afd510	0x00afd518	2	+0:0x005f9bdf,+0:0x005f9be4
0x00afd758	HoistRedundantDf	0x00afd528	0x00afd530	2	+0:0x005f9c19,+0:0x005f9c39
0x00afd768	HoistFinalDf	0x00afd540	0x00afd548	2	+0:0x005f9d89,+0:0x005f9d8e
0x00afd778	HoistDelayDf	0x00afd558	0x00afd560	2	+0:0x005f9e3d,+0:0x005f9e65
0x00afd788	HoistFinal2Df	0x00afd570	0x00afd578	2	+0:0x005f9fc1,+0:0x005fa09b
0x00afd798	HoistUsableDf	0x00afd588	0x00afd590	2	+0:0x005fa155,+0:0x005fa170
0x00afd7a8	HoistFinal3Df	0x00afd5a0	0x00afd5a8	2	+0:0x005fa269,+0:0x005fa26e
0x00aff0cc	AliasAnalyzer	0x00afef5c	0x00afef64	2	+0:0x005cf400,+0:0x005cf409
0x00aff0dc	TimeAccurateAliasAnalyzer	0x00afef74	0x00afef7c	2	+0:0x005cf40e,+0:0x005cf451
0x00aff0ec	BooleanAccurateAliasAnalyzer	0x00afef8c	0x00afef94	2	+0:0x005db3f1,+0:0x005db4b8
0x00aff16c	ValueNeededDf	0x00aff004	0x00aff00c	2	+0:0x005ea90a,+0:0x005ea96a
0x00aff19c	FCEReachingWriteDf	0x00aff04c	0x00aff054	2	+0:0x005f5279,+0:0x005f5c56
0x00aff1ec	CopyPropDf	0x00aff0a4	0x00aff0ac	2	+0:0x005fc273,+0:0x005fc3a0
0x00aff4ac	InterblockDf	0x00aff434	0x00aff43c	2	+0:0x00a92860,+0:0x00a92860
0x00aff4ec	Checker	0x00aff810	0x00aff818	8	+0:0x00a92860,+0:0x00a92860,+0:0x00a92860,+0:0x00a92860,+0:0x00a92860,+0:0x00a92860,+0:0x00a92860,+0:0x00a92860
0x00aff4fc	CheckerIntStateLValue	0x00aff858	0x00aff860	12	+0:0x00a92860,+0:0x00a92860,+0:0x0060ecc6,+0:0x0060d30f,+0:0x0060ee8f,+0:0x00a92860,+0:0x00606438,+0:0x006034e2,+0:0x00a92860,+0:0x00a92860,+0:0x00a92860,+0:0x00a92860
0x00aff50c	CheckerLValue	0x00aff8c0	0x00aff8c8	8	+0:0x00a92860,+0:0x00a92860,+0:0x00a92860,+0:0x00a92860,+0:0x00a92860,+0:0x00a92860,+0:0x00a92860,+0:0x006034f7
0x00aff51c	CheckerIntStateSafevar	0x00aff908	0x00aff910	12	+0:0x00a92860,+0:0x00a92860,+0:0x0060ecc6,+0:0x0060d30f,+0:0x0060ee8f,+0:0x00a92860,+0:0x00606438,+0:0x0060350c,+0:0x00a92860,+0:0x00a92860,+0:0x00a92860,+0:0x00a92860
0x00aff52c	CheckerIntStateAll	0x00aff970	0x00aff978	12	+0:0x00a92860,+0:0x00a92860,+0:0x0060ecc6,+0:0x0060d30f,+0:0x0060ee8f,+0:0x00a92860,+0:0x00606438,+0:0x00603521,+0:0x00a92860,+0:0x00a92860,+0:0x00a92860,+0:0x00a92860
0x00b01680	CheckerFlow	0x00b00d14	0x00b00d1c	2	+0:0x006032db,+0:0x00611205
0x00b01690	CheckerIntState	0x00b00d2c	0x00b00d34	12	+0:0x00a92860,+0:0x00a92860,+0:0x0060ecc6,+0:0x0060d30f,+0:0x0060ee8f,+0:0x00a92860,+0:0x00606438,+0:0x00a92860,+0:0x00a92860,+0:0x00a92860,+0:0x00a92860,+0:0x00a92860
0x00b016a0	ConstChecker	0x00b00d94	0x00b00d9c	8	+0:0x006044a2,+0:0x00604574,+0:0x0060486e,+0:0x00606284,+0:0x006035fe,+0:0x00606087,+0:0x00606314,+0:0x006034f7
0x00b016b0	EquivChecker	0x00b00ddc	0x00b00de4	8	+0:0x00603603,+0:0x00606e3f,+0:0x00606f1d,+0:0x00607059,+0:0x00603608,+0:0x006074e6,+0:0x00607581,+0:0x006034f7
0x00b016c0	UninitMemChecker	0x00b00e24	0x00b00e2c	8	+0:0x00607766,+0:0x00607cad,+0:0x00607e6d,+0:0x00607de5,+0:0x0060375a,+0:0x0060375f,+0:0x006080a8,+0:0x006034f7
0x00b016d0	RangeChecker	0x00b00e6c	0x00b00e74	8	+0:0x006051cb,+0:0x006059b7,+0:0x00605b0b,+0:0x006062d2,+0:0x00603764,+0:0x00605d43,+0:0x006063ad,+0:0x006034f7
0x00b016e0	MemLeakChecker	0x00b00eb4	0x00b00ebc	12	+0:0x006066b8,+0:0x0060677f,+0:0x0060ecc6,+0:0x0060d30f,+0:0x0060ee8f,+0:0x00606982,+0:0x00606438,+0:0x0060350c,+0:0x006068a3,+0:0x00606908,+0:0x00603769,+0:0x00603773
0x00b016f0	MemLeakCheckerBackwards	0x00b00f1c	0x00b00f24	12	+0:0x0060648e,+0:0x0060652a,+0:0x0060ecc6,+0:0x0060d30f,+0:0x0060ee8f,+0:0x006037fc,+0:0x00606438,+0:0x0060350c,+0:0x00606659,+0:0x006037f7,+0:0x006037b0,+0:0x006037ba
0x00b01700	NULLCheckChecker	0x00b00f84	0x00b00f8c	12	+0:0x0060ad2b,+0:0x0060ae91,+0:0x0060ecc6,+0:0x0060d30f,+0:0x0060ee8f,+0:0x0060384d,+0:0x00606438,+0:0x006034e2,+0:0x0060af20,+0:0x00603848,+0:0x00603801,+0:0x0060380b
0x00b01710	NULLCheckCheckerBackwards	0x00b00fec	0x00b00ff4	12	+0:0x0060af85,+0:0x0060afe1,+0:0x0060ecc6,+0:0x0060d30f,+0:0x0060ee8f,+0:0x0060386b,+0:0x00606438,+0:0x006034e2,+0:0x0060b0eb,+0:0x00603866,+0:0x00603852,+0:0x0060385c
0x00b01720	FreeChecker	0x00b01054	0x00b0105c	12	+0:0x0060b123,+0:0x0060b29e,+0:0x0060ecc6,+0:0x0060d30f,+0:0x0060ee8f,+0:0x0060389d,+0:0x00606438,+0:0x00603521,+0:0x0060b30d,+0:0x00603898,+0:0x00603870,+0:0x0060387a
0x00b01730	FreeCheckerBackwards	0x00b010bc	0x00b010c4	12	+0:0x0060b317,+0:0x0060b430,+0:0x0060ecc6,+0:0x0060d30f,+0:0x0060ee8f,+0:0x006038bb,+0:0x00606438,+0:0x00603521,+0:0x0060b448,+0:0x006038b6,+0:0x006038a2,+0:0x006038ac
0x00b01740	DerefNULLChecker	0x00b01124	0x00b0112c	12	+0:0x0060b452,+0:0x0060b615,+0:0x0060ecc6,+0:0x0060d30f,+0:0x0060ee8f,+0:0x006038d9,+0:0x00606438,+0:0x006034e2,+0:0x0060b64b,+0:0x006038d4,+0:0x006038c0,+0:0x006038ca
0x00b01750	LocalScopeChecker	0x00b0118c	0x00b01194	12	+0:0x0060b655,+0:0x0060b702,+0:0x0060ecc6,+0:0x0060d30f,+0:0x0060ee8f,+0:0x006038f7,+0:0x00606438,+0:0x006034e2,+0:0x0060b8bd,+0:0x006038f2,+0:0x006038de,+0:0x006038e8
0x00b01760	ReadOnlyWriteChecker	0x00b011f4	0x00b011fc	12	+0:0x0060b8f5,+0:0x0060b983,+0:0x0060ecc6,+0:0x0060d30f,+0:0x0060ee8f,+0:0x00603915,+0:0x00606438,+0:0x006034e2,+0:0x0060ba1b,+0:0x00603910,+0:0x006038fc,+0:0x00603906
0x00b01770	NewSingleChecker	0x00b0125c	0x00b01264	12	+0:0x0060ba53,+0:0x0060bb55,+0:0x0060ecc6,+0:0x0060d30f,+0:0x0060ee8f,+0:0x00603933,+0:0x00606438,+0:0x006034e2,+0:0x0060bc06,+0:0x0060392e,+0:0x0060391a,+0:0x00603924
0x00b01780	NewArrayChecker	0x00b012c4	0x00b012cc	12	+0:0x0060bc3e,+0:0x0060bd02,+0:0x0060ecc6,+0:0x0060d30f,+0:0x0060ee8f,+0:0x00603951,+0:0x00606438,+0:0x006034e2,+0:0x0060bded,+0:0x0060394c,+0:0x00603938,+0:0x00603942
0x00b01790	NoReturnChecker	0x00b0132c	0x00b01334	12	+0:0x0060bfb2,+0:0x0060396a,+0:0x0060ecc6,+0:0x0060d30f,+0:0x0060ee8f,+0:0x00603979,+0:0x00606438,+0:0x00603521,+0:0x0060396f,+0:0x0060bffe,+0:0x00603956,+0:0x00603960
0x00b017a0	UnreadChecker	0x00b01394	0x00b0139c	12	+0:0x0060c05a,+0:0x0060c08e,+0:0x0060ecc6,+0:0x0060d30f,+0:0x0060ee8f,+0:0x00603997,+0:0x00606438,+0:0x0060350c,+0:0x0060c0f0,+0:0x00603992,+0:0x0060397e,+0:0x00603988
0x00b017b0	UnreadCheckerBackwards	0x00b013fc	0x00b01404	12	+0:0x0060c128,+0:0x0060c140,+0:0x0060ecc6,+0:0x0060d30f,+0:0x0060ee8f,+0:0x006039c9,+0:0x00606438,+0:0x0060350c,+0:0x0060c2f2,+0:0x006039c4,+0:0x0060399c,+0:0x006039a6
0x00b017c0	NULLCheckDerefChecker	0x00b01464	0x00b0146c	12	+0:0x0060c34e,+0:0x0060c41a,+0:0x0060ecc6,+0:0x0060d30f,+0:0x0060ee8f,+0:0x0060c46a,+0:0x00606438,+0:0x006034e2,+0:0x0060c432,+0:0x006039e2,+0:0x006039ce,+0:0x006039d8
0x00b017d0	UninitReadChecker	0x00b014cc	0x00b014d4	12	+0:0x0060c4ca,+0:0x0060c517,+0:0x0060ecc6,+0:0x0060d30f,+0:0x0060ee8f,+0:0x00603a00,+0:0x00606438,+0:0x0060350c,+0:0x0060c53a,+0:0x006039fb,+0:0x006039e7,+0:0x006039f1
0x00b017e0	UninitReadCheckerBackwards	0x00b01534	0x00b0153c	12	+0:0x0060c578,+0:0x0060c5c0,+0:0x0060ecc6,+0:0x0060d30f,+0:0x0060ee8f,+0:0x00603aa4,+0:0x00606438,+0:0x0060350c,+0:0x0060c628,+0:0x0060c694,+0:0x00603a05,+0:0x00603a0f
0x00b017f0	NoFlowChecker	0x00b0159c	0x00b015a4	12	+0:0x00606a4a,+0:0x00603abd,+0:0x0060ecc6,+0:0x0060d30f,+0:0x0060ee8f,+0:0x00603ad1,+0:0x00606438,+0:0x00603521,+0:0x00603ac2,+0:0x00603acc,+0:0x00603aa9,+0:0x00603ab3
0x00b01800	StrictUninitChecker	0x00b01604	0x00b0160c	12	+0:0x0060810e,+0:0x00608433,+0:0x0060ecc6,+0:0x0060d30f,+0:0x0060ee8f,+0:0x00603af4,+0:0x00606438,+0:0x00603521,+0:0x00603aea,+0:0x006084ef,+0:0x00603ad6,+0:0x00603ae0
0x00b01e58	peep_transformer	0x00b01cc8	0x00b01cd0	9	+0:0x0061fe61,+0:0x0061fe6a,+0:0x0061fe73,+0:0x0061fe7c,+0:0x0061fe85,+0:0x0061fe8e,+0:0x0061fc27,+0:0x0061fd8a,+0:0x0061fe5c
0x00b01e68	pt_condcodes	0x00b01d18	0x00b01d20	9	+0:0x0061fe61,+0:0x0061fe6a,+0:0x0061fe73,+0:0x0061eb9b,+0:0x0061eba4,+0:0x0061ebad,+0:0x0061fc27,+0:0x0061ebb6,+0:0x0061fe5c
0x00b01e78	pt_dead	0x00b01d68	0x00b01d70	9	+0:0x0061ed9a,+0:0x0061ee81,+0:0x0061fe73,+0:0x0061ed77,+0:0x0061ed88,+0:0x0061ed91,+0:0x0061fc27,+0:0x0061ef23,+0:0x0061fe5c
0x00b01e88	pt_alias	0x00b01db8	0x00b01dc0	9	+0:0x0061fe61,+0:0x0061fe6a,+0:0x0061f062,+0:0x0061f047,+0:0x0061f050,+0:0x0061f059,+0:0x0061fc27,+0:0x0061fd8a,+0:0x0061f226
0x00b01e98	pt_const	0x00b01e08	0x00b01e10	9	+0:0x0061fe61,+0:0x0061fe6a,+0:0x0061fe73,+0:0x0061fe41,+0:0x0061fe4a,+0:0x0061fe53,+0:0x0061fc27,+0:0x0061fd8a,+0:0x0061fb3d
0x00b020a0	nonstandard_type_handler	0x00b02060	0x00b02068	3	+0:0x0061fea0,+0:0x00a92860,+0:0x00a92860
0x00b020b0	bytereverser	0x00b02080	0x00b02088	3	+0:0x0061fea0,+0:0x0062036f,+0:0x006204c7
0x00b05b34	vn_advisor_consol	0x00b05934	0x00b0593c	7	+0:0x00665891,+0:0x00665c91,+0:0x00665d24,+0:0x00a92860,+0:0x00a92860,+0:0x00a92860,+0:0x00a92860
0x00b05b44	vn_advisor_consoladd	0x00b05974	0x00b0597c	7	+0:0x00665891,+0:0x00665c91,+0:0x00665d24,+0:0x00665f01,+0:0x00665e82,+0:0x00665e3b,+0:0x00665f70
0x00b05b54	vn_advisor_consolshift	0x00b059b4	0x00b059bc	7	+0:0x00665891,+0:0x0066616f,+0:0x006661ce,+0:0x00665fc4,+0:0x00666295,+0:0x006662e1,+0:0x006660fd
0x00b06c2c	MachopVisitor	0x00b06bbc	0x00b06bc4	3	+0:0x00a92860,+0:0x00696dd5,+0:0x00696df1
0x00b06c5c	Split64TestVisitor	0x00b06bfc	0x00b06c04	3	+0:0x006abe80,+0:0x006abfb6,+0:0x00696df1
0x00b06c6c	std::exception	0x00b06b2c	0x00b06b34	3	+0:0x00695a04,+0:0x00695a2b,+0:0x00695a37
0x00b06c7c	std::bad_alloc	0x00b06b4c	0x00b06b54	3	+0:0x00695a3c,+0:0x00695a2b,+0:0x00695a63
0x00b06c8c	std::logic_error	0x00b06b6c	0x00b06b74	3	+0:0x006960ea,+0:0x00696123,+0:0x00696140
0x00b06c9c	std::out_of_range	0x00b06b8c	0x00b06b94	3	+0:0x00696151,+0:0x00696123,+0:0x0069618a
0x00b07ef0	Split64DoVisitor	0x00b07e3c	0x00b07e44	3	+0:0x006ac165,+0:0x006ac246,+0:0x00696df1
0x00b080a0	MachopVisitor	0x00b08040	0x00b08048	3	+0:0x00a92860,+0:0x006cfb36,+0:0x006cfb52
0x00b080b0	MachopObjectInvalidator	0x00b08060	0x00b08068	3	+0:0x006d77d0,+0:0x006cfb36,+0:0x006cfb52
0x00b080c0	MachopImmpropClearer	0x00b08080	0x00b08088	3	+0:0x006d7ef3,+0:0x006cfb36,+0:0x006cfb52
0x00b09ac8	MachopVisitor	0x00b09a48	0x00b09a50	3	+0:0x00a92860,+0:0x00700460,+0:0x0070047c
0x00b09ad8	MachopChecker	0x00b09a68	0x00b09a70	3	+0:0x007005b0,+0:0x007005ed,+0:0x0070047c
0x00b09ae8	MachopBitoffsetClearer	0x00b09a88	0x00b09a90	3	+0:0x0070136d,+0:0x00700460,+0:0x0070047c
0x00b09af8	AddMachopVisitor	0x00b09aa8	0x00b09ab0	3	+0:0x007013f2,+0:0x00700460,+0:0x0070047c
0x00b0a500	alloc_table	0x00b0a4d8	0x00b0a4e0	4	+0:0x0071dcd0,+0:0x00a92860,+0:0x00a92860,+0:0x00a92860
0x00b0a5c8	alloc_table_hash	0x00b0a550	0x00b0a558	4	+0:0x0071dfdd,+0:0x0071ea8f,+0:0x0071f1a1,+0:0x0071f38a
0x00b0a5d8	alloc_table_btree	0x00b0a578	0x00b0a580	4	+0:0x0071e0a4,+0:0x0071f0b7,+0:0x0071f33f,+0:0x0071f497
0x00b0a5e8	alloc_table_bcl	0x00b0a5a0	0x00b0a5a8	4	+0:0x0071e19f,+0:0x0071e1f5,+0:0x0071e320,+0:0x0071e388
0x00b0b784	backend_basetype2	0x00b0af4c	0x00b0af54	262	+0:0x00734b30,+0:0x0076fdcf,+0:0x00734b35,+0:0x00734b3a,+0:0x00734b43,+0:0x0076fd8c,+0:0x007692da,+0:0x0076fd44,+0:0x00766cae,+0:0x00734b4c,+0:0x007700a6,+0:0x00734b55,+0:0x0076fd2e,+0:0x00734b69,+0:0x00734b72,+0:0x00734b7b,+0:0x00734b84,+0:0x00734b93,+0:0x00734bc0,+0:0x00734fee,+0:0x00734ff7,+0:0x00735000,+0:0x0073500e,+0:0x0073501d,+0:0x0077017f,+0:0x007711eb,+0:0x00734bca,+0:0x00734bdf,+0:0x005bc53a,+0:0x00734be8,+0:0x005bc5d3,+0:0x005bc608,+0:0x005bc63d,+0:0x005bc6a7,+0:0x00734bf2,+0:0x005bc801,+0:0x005bc8c2,+0:0x005bc947,+0:0x005bca13,+0:0x005bca59,+0:0x00734bfc,+0:0x005bca8e,+0:0x005bca93,+0:0x00734c05,+0:0x00734c0e,+0:0x005bca9c,+0:0x005bcaa5,+0:0x005bcaae,+0:0x005bcab7,+0:0x005bcac0,+0:0x005bcac9,+0:0x005bcad2,+0:0x005bcadc,+0:0x005bcae5,+0:0x005bcaee,+0:0x005bde39,+0:0x005bde42,+0:0x005bde4b,+0:0x00734c17,+0:0x005bcaf7,+0:0x005bcb00,+0:0x0072f96d,+0:0x00734c20,+0:0x005bca85,+0:0x005bcb05,+0:0x00734c25,+0:0x00735592,+0:0x00734c2e,+0:0x007353e2,+0:0x0073542d,+0:0x00734c37,+0:0x00734c40,+0:0x007354ed,+0:0x00734c49,+0:0x00734c52,+0:0x00734c57,+0:0x00734c5c,+0:0x007355be,+0:0x00734c61,+0:0x00734c6f,+0:0x00734c78,+0:0x00734c88,+0:0x005bcf2f,+0:0x00734c92,+0:0x00735743,+0:0x0077f001,+0:0x0077f05d,+0:0x00734c9b,+0:0x00734ca4,+0:0x00734ca9,+0:0x00734cae,+0:0x005bdbcd,+0:0x006cd518,+0:0x00734cb8,+0:0x006fc36e,+0:0x006fc4f2,+0:0x006c8f2b,+0:0x007352a0,+0:0x007352ea,+0:0x00735341,+0:0x0073538b,+0:0x00735612,+0:0x0073561b,+0:0x00734cc2,+0:0x00734cd1,+0:0x00734cdb,+0:0x00734d45,+0:0x00734d53,+0:0x00734d61,+0:0x00734d6f,+0:0x005bcb18,+0:0x005bcb51,+0:0x005bdbaa,+0:0x00739d9d,+0:0x005bcb13,+0:0x005bccd3,+0:0x005bcb0a,+0:0x00734d7d,+0:0x005bccd8,+0:0x005bcce1,+0:0x00735098,+0:0x007350d0,+0:0x00734d86,+0:0x00734d8f,+0:0x00734d98,+0:0x00734da1,+0:0x00734daa,+0:0x005bde20,+0:0x00734db3,+0:0x00734e16,+0:0x005bccea,+0:0x005bce00,+0:0x00734e1b,+0:0x005bce2d,+0:0x005bce7d,+0:0x005bceca,+0:0x005bcecf,+0:0x005bcef3,+0:0x00734e24,+0:0x005bd353,+0:0x00734e2d,+0:0x00734e32,+0:0x00734e37,+0:0x00734e3c,+0:0x00734e41,+0:0x00734e46,+0:0x00734e55,+0:0x00734e5a,+0:0x00734e5f,+0:0x0073bd67,+0:0x0073befc,+0:0x0073c694,+0:0x00734e69,+0:0x00734e72,+0:0x00734e7c,+0:0x0073e08f,+0:0x0073ef61,+0:0x0073f585,+0:0x0073ea02,+0:0x00734e86,+0:0x00734e90,+0:0x00734e9a,+0:0x00734e9f,+0:0x00734ea4,+0:0x00734ea9,+0:0x005bd358,+0:0x005bd6a3,+0:0x005bd73a,+0:0x005bd82a,+0:0x007351e2,+0:0x0073522e,+0:0x00735254,+0:0x0073527a,+0:0x005bd393,+0:0x005bd398,+0:0x005bd3a0,+0:0x005bd3a9,+0:0x005bd3b2,+0:0x005bd3bb,+0:0x005bd3c5,+0:0x005bd3ca,+0:0x005bd3cf,+0:0x00734eb3,+0:0x005bd3d8,+0:0x005bd3dd,+0:0x005bd3e7,+0:0x005bd65c,+0:0x00734eb8,+0:0x00734ebd,+0:0x00734ec7,+0:0x00734ecc,+0:0x00734ed4,+0:0x00734edd,+0:0x00734ee6,+0:0x005bd89d,+0:0x00734eef,+0:0x005bd972,+0:0x005bd9f1,+0:0x00734ef9,+0:0x005bda6a,+0:0x00734f02,+0:0x00734f0e,+0:0x00734f17,+0:0x00734f21,+0:0x00734f2b,+0:0x00734f30,+0:0x005bd98d,+0:0x00734f35,+0:0x00734f3a,+0:0x00734f43,+0:0x005bdb08,+0:0x00734f4c,+0:0x004e2d50,+0:0x00734f56,+0:0x00734f5b,+0:0x00734f64,+0:0x005bdd08,+0:0x00734f69,+0:0x00734f72,+0:0x00734f7b,+0:0x00734f84,+0:0x00734f8e,+0:0x00734f93,+0:0x00734f9d,+0:0x00734fa7,+0:0x00734fb0,+0:0x00734fb5,+0:0x00734fba,+0:0x00734fbf,+0:0x0074249b,+0:0x00734fc8,+0:0x00734fd1,+0:0x00734fe0,+0:0x00734fe9,+0:0x005bdcc7,+0:0x005bdcdc,+0:0x0077ef6e,+0:0x0077efbe,+0:0x005bdbe6,+0:0x00735673,+0:0x00735026,+0:0x005bde11,+0:0x0073502b,+0:0x00735034,+0:0x0073503d,+0:0x00735046,+0:0x009947c2,+0:0x006c4c04,+0:0x0073504b,+0:0x00735054,+0:0x0073505d,+0:0x00735062,+0:0x0073506a,+0:0x00735073,+0:0x0061eb3f,+0:0x0061ea6d,+0:0x0061ea04,+0:0x0061ead6,+0:0x0077f082,+0:0x0073507c,+0:0x00735085,+0:0x0073508e
0x00b0b7b8	ws_interface	0x00b0b828	0x00b0b830	13	+0:0x00a92860,+0:0x00a92860,+0:0x00a92860,+0:0x00a92860,+0:0x00a92860,+0:0x00a92860,+0:0x00a92860,+0:0x00a92860,+0:0x00a92860,+0:0x00a92860,+0:0x00a92860,+0:0x00a92860,+0:0x00a92860
0x00b0c0e4	list_scheduler	0x00b0bf40	0x00b0bf48	11	+0:0x00735ab0,+0:0x00737c92,+0:0x00736fa6,+0:0x00737736,+0:0x00a92860,+0:0x00737b5c,+0:0x00a92860,+0:0x00735ab9,+0:0x00735abe,+0:0x007385f8,+0:0x00738528
0x00b0c0f4	resource_model_scheduler	0x00b0bfa0	0x00b0bfa8	13	+0:0x00735ab0,+0:0x0073950f,+0:0x007387cf,+0:0x00738de5,+0:0x00738772,+0:0x00738d12,+0:0x00739097,+0:0x00739679,+0:0x00739659,+0:0x00739ae2,+0:0x00739824,+0:0x00a92860,+0:0x007399dd
0x00b0c104	compat_list_scheduler	0x00b0c084	0x00b0c08c	11	+0:0x00735ab0,+0:0x0073a81f,+0:0x00736fa6,+0:0x00737736,+0:0x0073a849,+0:0x00737b5c,+0:0x0073a7f7,+0:0x00735ab9,+0:0x00735abe,+0:0x007385f8,+0:0x00738528
0x00b0c114	ls_window_scheduler	0x00b0c010	0x00b0c018	13	+0:0x0073aa46,+0:0x00735ac3,+0:0x00735ac8,+0:0x0073aa91,+0:0x0073abbc,+0:0x0073abfc,+0:0x0073acce,+0:0x0073ad76,+0:0x0073add4,+0:0x00735acd,+0:0x00735ae0,+0:0x00735af3,+0:0x00735b00
0x00b0c328	empty	0x00b0c35c	0x00b0c364	23	+0:0x0073b5d2,+0:0x0073b5db,+0:0x0073b5e0,+0:0x0073b629,+0:0x0073b65e,+0:0x0073b663,+0:0x00742622,+0:0x0073b684,+0:0x0073b68e,+0:0x0074281b,+0:0x0073b697,+0:0x0073b6b8,+0:0x0073b6ce,+0:0x0079b5b0,+0:0x0073b6e2,+0:0x0073b6fc,+0:0x0073b710,+0:0x0073b731,+0:0x0073b751,+0:0x0073b7ac,+0:0x0073b7fb,+0:0x0073b853,+0:0x0073b874
0x00b0c7cc	operand_parser	0x00b0c64c	0x00b0c654	23	+0:0x0073b5d2,+0:0x0073b5db,+0:0x0073b5e0,+0:0x0073b629,+0:0x0073b65e,+0:0x0073b663,+0:0x00742622,+0:0x0073b684,+0:0x0073b68e,+0:0x0074281b,+0:0x0073b697,+0:0x0073b6b8,+0:0x0073b6ce,+0:0x0079b5b0,+0:0x0073b6e2,+0:0x0073b6fc,+0:0x0073b710,+0:0x0073b731,+0:0x0073b751,+0:0x0073b7ac,+0:0x0073b7fb,+0:0x0073b853,+0:0x0073b874
0x00b0c7dc	immediate_implicit	0x00b0c70c	0x00b0c714	23	+0:0x0073b890,+0:0x0073b899,+0:0x0078d31f,+0:0x0078d4c7,+0:0x0073b65e,+0:0x00743944,+0:0x00742622,+0:0x0074396e,+0:0x00743723,+0:0x00743a1f,+0:0x0073b697,+0:0x0079b922,+0:0x0079bd33,+0:0x0079b5b0,+0:0x007a1480,+0:0x007a14a0,+0:0x007a14c0,+0:0x007a14e1,+0:0x0078da29,+0:0x0078da77,+0:0x0073b7fb,+0:0x0078da83,+0:0x0078da8f
0x00b0c89c	Val	0x00b0c92c	0x00b0c934	25	+0:0x00747c41,+0:0x00748931,+0:0x00746f50,+0:0x00746f73,+0:0x00746f96,+0:0x00746fb9,+0:0x00746fdc,+0:0x00746fff,+0:0x00747014,+0:0x00747029,+0:0x0074703e,+0:0x00747053,+0:0x00747065,+0:0x00747077,+0:0x00747c38,+0:0x0074724f,+0:0x00747258,+0:0x00747261,+0:0x0074726a,+0:0x00747273,+0:0x0074727c,+0:0x00747285,+0:0x0074728e,+0:0x00747297,+0:0x00a92860
0x00b0c8ac	Num	0x00b0c9fc	0x00b0ca04	25	+0:0x00747c41,+0:0x00748931,+0:0x00746f50,+0:0x00746f73,+0:0x00746f96,+0:0x00746fb9,+0:0x00746fdc,+0:0x00746fff,+0:0x00747014,+0:0x00747029,+0:0x0074703e,+0:0x00747053,+0:0x00747065,+0:0x00747077,+0:0x00747c38,+0:0x0074724f,+0:0x00747cd2,+0:0x00747261,+0:0x0074726a,+0:0x00747273,+0:0x0074727c,+0:0x00747285,+0:0x0074728e,+0:0x00747297,+0:0x00747cdb
0x00b0c8bc	Unk	0x00b0cacc	0x00b0cad4	26	+0:0x00747c41,+0:0x00748931,+0:0x00746f50,+0:0x00746f73,+0:0x00746f96,+0:0x00746fb9,+0:0x00746fdc,+0:0x00746fff,+0:0x00747014,+0:0x00747029,+0:0x0074703e,+0:0x00747053,+0:0x00747065,+0:0x00747077,+0:0x00747c38,+0:0x0074724f,+0:0x00747258,+0:0x00747d4a,+0:0x0074726a,+0:0x00747273,+0:0x0074727c,+0:0x00747285,+0:0x0074728e,+0:0x00747297,+0:0x00747d53,+0:0x00a92860
0x00b0c8cc	Bot	0x00b0cba4	0x00b0cbac	26	+0:0x00747c41,+0:0x00748931,+0:0x00746f50,+0:0x00746f73,+0:0x00746f96,+0:0x00746fb9,+0:0x00746fdc,+0:0x00746fff,+0:0x00747014,+0:0x00747029,+0:0x0074703e,+0:0x00747053,+0:0x00747065,+0:0x00747077,+0:0x00747c38,+0:0x0074724f,+0:0x00747258,+0:0x00747d4a,+0:0x00747dd5,+0:0x00747273,+0:0x0074727c,+0:0x00747285,+0:0x0074728e,+0:0x00747297,+0:0x00747d53,+0:0x00747dde
0x00b0c8dc	Mem	0x00b0cc7c	0x00b0cc84	26	+0:0x00747c41,+0:0x00748931,+0:0x00746f50,+0:0x00746f73,+0:0x00746f96,+0:0x00746fb9,+0:0x00746fdc,+0:0x00746fff,+0:0x00747014,+0:0x00747029,+0:0x0074703e,+0:0x00747053,+0:0x00747065,+0:0x00747077,+0:0x00747c38,+0:0x0074724f,+0:0x00747258,+0:0x00747d4a,+0:0x0074726a,+0:0x00747ed8,+0:0x0074727c,+0:0x00747285,+0:0x0074728e,+0:0x00747297,+0:0x00747d53,+0:0x00747ee1
0x00b0c8ec	Alu	0x00b0cd54	0x00b0cd5c	25	+0:0x0074812e,+0:0x00748931,+0:0x00746f50,+0:0x00746f73,+0:0x00746f96,+0:0x00746fb9,+0:0x00746fdc,+0:0x00746fff,+0:0x00747014,+0:0x00747029,+0:0x0074703e,+0:0x00747053,+0:0x00747065,+0:0x00747077,+0:0x00747246,+0:0x00748125,+0:0x00747258,+0:0x00747261,+0:0x0074726a,+0:0x00747273,+0:0x0074727c,+0:0x00747285,+0:0x0074728e,+0:0x00747297,+0:0x00a92860
0x00b0c8fc	Bop	0x00b0ce24	0x00b0ce2c	26	+0:0x0074812e,+0:0x00748931,+0:0x00746f50,+0:0x00746f73,+0:0x00746f96,+0:0x00746fb9,+0:0x00746fdc,+0:0x00746fff,+0:0x00747014,+0:0x00747029,+0:0x0074703e,+0:0x00747053,+0:0x00747065,+0:0x00747077,+0:0x00747246,+0:0x00748125,+0:0x00747258,+0:0x00747261,+0:0x0074726a,+0:0x00747273,+0:0x007481db,+0:0x00747285,+0:0x0074728e,+0:0x00747297,+0:0x007481e4,+0:0x00a92860
0x00b0c90c	Ncm	0x00b0cefc	0x00b0cf04	26	+0:0x0074812e,+0:0x00748931,+0:0x00746f50,+0:0x00746f73,+0:0x00746f96,+0:0x00746fb9,+0:0x00746fdc,+0:0x00746fff,+0:0x00747014,+0:0x00747029,+0:0x0074703e,+0:0x00747053,+0:0x00747065,+0:0x00747077,+0:0x00747246,+0:0x00748125,+0:0x00747258,+0:0x00747261,+0:0x0074726a,+0:0x00747273,+0:0x007481db,+0:0x00747285,+0:0x007482e8,+0:0x00747297,+0:0x007481e4,+0:0x00748388
0x00b0c91c	Uop	0x00b0cfd4	0x00b0cfdc	25	+0:0x0074812e,+0:0x00748931,+0:0x00746f50,+0:0x00746f73,+0:0x00746f96,+0:0x00746fb9,+0:0x00746fdc,+0:0x00746fff,+0:0x00747014,+0:0x00747029,+0:0x0074703e,+0:0x00747053,+0:0x00747065,+0:0x00747077,+0:0x00747246,+0:0x00748125,+0:0x00747258,+0:0x00747261,+0:0x0074726a,+0:0x00747273,+0:0x0074727c,+0:0x00747285,+0:0x0074728e,+0:0x007483f8,+0:0x00748401
0x00b0d2d4	Exp	0x00b0d134	0x00b0d13c	24	+0:0x00a92860,+0:0x00748931,+0:0x00746f50,+0:0x00746f73,+0:0x00746f96,+0:0x00746fb9,+0:0x00746fdc,+0:0x00746fff,+0:0x00747014,+0:0x00747029,+0:0x0074703e,+0:0x00747053,+0:0x00747065,+0:0x00747077,+0:0x00747246,+0:0x0074724f,+0:0x00747258,+0:0x00747261,+0:0x0074726a,+0:0x00747273,+0:0x0074727c,+0:0x00747285,+0:0x0074728e,+0:0x00747297
0x00b0d2e4	Cmm	0x00b0d1fc	0x00b0d204	26	+0:0x0074812e,+0:0x00748805,+0:0x00746f50,+0:0x00746f73,+0:0x00746f96,+0:0x00746fb9,+0:0x00746fdc,+0:0x00746fff,+0:0x00747014,+0:0x00747029,+0:0x0074703e,+0:0x00747053,+0:0x00747065,+0:0x00747077,+0:0x00747246,+0:0x00748125,+0:0x00747258,+0:0x00747261,+0:0x0074726a,+0:0x00747273,+0:0x007481db,+0:0x00748266,+0:0x0074728e,+0:0x00747297,+0:0x007481e4,+0:0x0074826f
0x00b0d3b8	obj_iter	0x00b0d578	0x00b0d580	3	+0:0x00a92860,+0:0x00a92860,+0:0x00a92860
0x00b0d3c8	singleton_iter	0x00b0d328	0x00b0d330	3	+0:0x0074a248,+0:0x0074a25b,+0:0x0074a26f
0x00b0d3d8	var_multimap	0x00b0d4c8	0x00b0d4d0	10	+0:0x00a92860,+0:0x00a92860,+0:0x00a92860,+0:0x00a92860,+0:0x00a92860,+0:0x00a92860,+0:0x00a92860,+0:0x00a92860,+0:0x00a92860,+0:0x00a92860
0x00b0d3e8	var_disjointsets	0x00b0d368	0x00b0d370	4	+0:0x00a92860,+0:0x00a92860,+0:0x00a92860,+0:0x00a92860
0x00b0d3f8	objectlist_iter	0x00b0d348	0x00b0d350	3	+0:0x0074a36a,+0:0x0074a350,+0:0x0074a37d
0x00b0d408	var_multimap_impl	0x00b0d520	0x00b0d528	10	+0:0x0074a392,+0:0x0074a3d9,+0:0x0074a41e,+0:0x0074a477,+0:0x0074a4d0,+0:0x0074a4e8,+0:0x0074a4fd,+0:0x0074a547,+0:0x0074a589,+0:0x0074a61d
0x00b0d418	var_map<objectlist>::var_map_iter	0x00b0d598	0x00b0d5a0	3	+0:0x0074a284,+0:0x0074a303,+0:0x0074a33b
0x00b0d428	var_disjointsets_impl	0x00b0d390	0x00b0d398	4	+0:0x0074a780,+0:0x0074a7b6,+0:0x0074a846,+0:0x0074a869
0x00b0d680	obj_iter	0x00b0d640	0x00b0d648	3	+0:0x00a92860,+0:0x00a92860,+0:0x00a92860
0x00b0d8b8	objpairlist_searchiter	0x00b0d898	0x00b0d8a0	3	+0:0x0074d343,+0:0x0074d3ac,+0:0x0074afa4
0x00b0d908	InterblockDf	0x00b0d8f0	0x00b0d8f8	2	+0:0x00a92860,+0:0x00a92860
0x00b0e82c	backend_dataflow	0x00b0e53c	0x00b0e544	28	+0:0x0074dae0,+0:0x0076fdcf,+0:0x0074dae5,+0:0x0074daea,+0:0x0074daf3,+0:0x0076fd8c,+0:0x007692da,+0:0x0076fd44,+0:0x00766cae,+0:0x0074dafc,+0:0x007700a6,+0:0x0074db05,+0:0x0076fd2e,+0:0x0074db19,+0:0x0074db22,+0:0x0074db2b,+0:0x0074db34,+0:0x0074db43,+0:0x0074db70,+0:0x0076c5f7,+0:0x0076c612,+0:0x0074db7a,+0:0x0076ce1e,+0:0x0074db88,+0:0x0077017f,+0:0x007711eb,+0:0x0074db91,+0:0x0074dba6
0x00b0e83c	IndDataFlow	0x00b0e624	0x00b0e62c	15	+0:0x00a92860,+0:0x00a92860,+0:0x0074dd47,+0:0x0074dd4c,+0:0x0074dd69,+0:0x0074dd86,+0:0x0074dd9f,+0:0x00a92860,+0:0x0074ddb8,+0:0x0074ddbd,+0:0x0074ddc7,+0:0x00a92860,+0:0x0076da5c,+0:0x0076da6c,+0:0x0074ddcc
0x00b0e84c	RBFwdDataFlow	0x00b0e6a4	0x00b0e6ac	15	+0:0x0076e5c3,+0:0x0076e876,+0:0x0074e21a,+0:0x00753da9,+0:0x0074dd69,+0:0x00753eb5,+0:0x0074dd9f,+0:0x00753f4e,+0:0x0076e139,+0:0x0074ddbd,+0:0x00753c6c,+0:0x0076e53f,+0:0x0076da5c,+0:0x0076da6c,+0:0x0074ddcc
0x00b0e85c	RBBkwdDataFlow	0x00b0e724	0x00b0e72c	15	+0:0x0076e643,+0:0x0076ec9e,+0:0x0074e300,+0:0x0074dd4c,+0:0x0074e30e,+0:0x0074dd86,+0:0x0074e377,+0:0x00753fc7,+0:0x0076da7c,+0:0x0074e3bd,+0:0x0074ddc7,+0:0x0076e46b,+0:0x0076da5c,+0:0x0076da6c,+0:0x0074ddcc
0x00b0e86c	RegReNameBkwdDataFlow	0x00b0e7a4	0x00b0e7ac	15	+0:0x0076a145,+0:0x0076a4bf,+0:0x0074dd47,+0:0x0074dd4c,+0:0x0074e3d6,+0:0x0074dd86,+0:0x0074e429,+0:0x0074e464,+0:0x0074ddb8,+0:0x0076a5ce,+0:0x0074ddc7,+0:0x0076a793,+0:0x0076da5c,+0:0x0076da6c,+0:0x0074ddcc
0x00b0e91c	InterblockDf	0x00b0e8d4	0x00b0e8dc	2	+0:0x00a92860,+0:0x00a92860
0x00b0ed44	VNFwdDataFlow	0x00b0ecb0	0x00b0ecb8	15	+0:0x00779f66,+0:0x0077a131,+0:0x00779b03,+0:0x00779b11,+0:0x00774486,+0:0x00779c05,+0:0x007744a3,+0:0x00779cfc,+0:0x007744bc,+0:0x007744c1,+0:0x007744cb,+0:0x0077a910,+0:0x00779add,+0:0x00779afe,+0:0x00775706
0x00b0edf0	ScavengingFixup	0x00b0ed90	0x00b0ed98	11	+0:0x00780a92,+0:0x00a92860,+0:0x007808d0,+0:0x007808d9,+0:0x007808e2,+0:0x007808f2,+0:0x00780902,+0:0x0078090b,+0:0x00a92860,+0:0x00a92860,+0:0x00780914
0x00b0f1ec	std::exception	0x00b0f16c	0x00b0f174	3	+0:0x00785910,+0:0x00785937,+0:0x00785943
0x00b0f1fc	std::bad_alloc	0x00b0f18c	0x00b0f194	3	+0:0x00785948,+0:0x00785937,+0:0x0078596f
0x00b0f20c	std::logic_error	0x00b0f1ac	0x00b0f1b4	3	+0:0x00786081,+0:0x007860ba,+0:0x007860d7
0x00b0f21c	std::length_error	0x00b0f1cc	0x00b0f1d4	3	+0:0x007860e8,+0:0x007860ba,+0:0x00786121
0x00b0f5dc	std::exception	0x00b0f53c	0x00b0f544	3	+0:0x00787800,+0:0x00787827,+0:0x00787833
0x00b0f5ec	std::bad_alloc	0x00b0f55c	0x00b0f564	3	+0:0x00787838,+0:0x00787827,+0:0x0078785f
0x00b0f5fc	std::logic_error	0x00b0f57c	0x00b0f584	3	+0:0x007881fc,+0:0x00788235,+0:0x00788252
0x00b0f60c	std::length_error	0x00b0f59c	0x00b0f5a4	3	+0:0x00788263,+0:0x00788235,+0:0x0078829c
0x00b0f61c	std::out_of_range	0x00b0f5bc	0x00b0f5c4	3	+0:0x007882ad,+0:0x00788235,+0:0x007882e6
0x00b10d30	register_range	0x00b105b0	0x00b105b8	23	+0:0x0078acb8,+0:0x0078ae3a,+0:0x0078ada6,+0:0x0078addc,+0:0x0078af4d,+0:0x00742a3b,+0:0x00742622,+0:0x0078a665,+0:0x00742bcd,+0:0x0074281b,+0:0x00742c28,+0:0x0079b5c2,+0:0x0079b63f,+0:0x0079b5b0,+0:0x007a127c,+0:0x007a129c,+0:0x007a12bc,+0:0x007a12dd,+0:0x0078b2a2,+0:0x0078b309,+0:0x0078a7dc,+0:0x0078b33f,+0:0x0078b375
0x00b10d40	register_set	0x00b10068	0x00b10070	23	+0:0x0078b6c7,+0:0x0078b8ab,+0:0x0078b7db,+0:0x0078b81f,+0:0x0078b927,+0:0x00742c51,+0:0x00742622,+0:0x00742e0d,+0:0x00742e72,+0:0x0074281b,+0:0x0078a678,+0:0x0079b669,+0:0x0079b710,+0:0x0079b5b0,+0:0x007a12fd,+0:0x007a131d,+0:0x007a133d,+0:0x007a135e,+0:0x0078bc7c,+0:0x0078bce3,+0:0x0078a7dc,+0:0x0078bd19,+0:0x0078bd4f
0x00b10d50	register_implicit	0x00b10670	0x00b10678	23	+0:0x0078a5b3,+0:0x0078a5bc,+0:0x0078a5c1,+0:0x0078a60a,+0:0x0078be11,+0:0x00742ef7,+0:0x00742622,+0:0x0074308b,+0:0x0078a66f,+0:0x007430b7,+0:0x0078a678,+0:0x0079b73a,+0:0x0079b7cd,+0:0x0079b5b0,+0:0x007a137e,+0:0x007a139e,+0:0x007a13be,+0:0x007a13df,+0:0x0078a732,+0:0x0078c15d,+0:0x0078a7dc,+0:0x0078a834,+0:0x0078a855
0x00b10d60	textset	0x00b10128	0x00b10130	23	+0:0x0078dfda,+0:0x0078e142,+0:0x0078a5c1,+0:0x0078e0d1,+0:0x0078a63f,+0:0x0078a871,+0:0x00742622,+0:0x0078a665,+0:0x0078a66f,+0:0x0074281b,+0:0x0078a678,+0:0x0079b7f8,+0:0x0079b8e2,+0:0x0079b5b0,+0:0x007a13ff,+0:0x007a141f,+0:0x007a143f,+0:0x007a1460,+0:0x0078a732,+0:0x0078a78d,+0:0x0078a7dc,+0:0x0078a87b,+0:0x0078a855
0x00b10d70	immediate	0x00b101e8	0x00b101f0	23	+0:0x0078c28b,+0:0x0078cd07,+0:0x0078d31f,+0:0x0078d4c7,+0:0x0078a63f,+0:0x007432aa,+0:0x00742622,+0:0x0078a665,+0:0x00743723,+0:0x007438b4,+0:0x0078a678,+0:0x0079b922,+0:0x0079bc62,+0:0x0079b5b0,+0:0x007a1480,+0:0x007a14a0,+0:0x007a14c0,+0:0x007a14e1,+0:0x0078da29,+0:0x0078da77,+0:0x0078a7dc,+0:0x0078da83,+0:0x0078da8f
0x00b10d80	register_list	0x00b10a30	0x00b10a38	23	+0:0x0079059f,+0:0x00790805,+0:0x0078a5c1,+0:0x0078a60a,+0:0x0078a63f,+0:0x0078a644,+0:0x00742622,+0:0x0078a665,+0:0x0078a66f,+0:0x0074281b,+0:0x0078a678,+0:0x0078a699,+0:0x0078a6af,+0:0x0079b5b0,+0:0x0078a6c3,+0:0x0078a6dd,+0:0x0078a6f1,+0:0x0078a712,+0:0x0078a732,+0:0x0078a78d,+0:0x0078a7dc,+0:0x0078a834,+0:0x0078a855
0x00b10d90	statictext	0x00b102a8	0x00b102b0	23	+0:0x0078db80,+0:0x0078dbf2,+0:0x0078a5c1,+0:0x0078a60a,+0:0x0078a63f,+0:0x0078a644,+0:0x00742622,+0:0x0078a665,+0:0x00743bcd,+0:0x0074281b,+0:0x0078a678,+0:0x0078a699,+0:0x0078a6af,+0:0x0079b5b0,+0:0x0078a6c3,+0:0x0078a6dd,+0:0x0078a6f1,+0:0x0078a712,+0:0x0078a732,+0:0x0078dcfb,+0:0x0078a7dc,+0:0x0078a885,+0:0x0078a855
0x00b10da0	hardcode	0x00b10368	0x00b10370	23	+0:0x0078a5b3,+0:0x0078a5bc,+0:0x0078de53,+0:0x0078ddf0,+0:0x0078a63f,+0:0x0078a644,+0:0x00742622,+0:0x0078a665,+0:0x0078a66f,+0:0x0074281b,+0:0x0078a678,+0:0x0078a699,+0:0x0078a6af,+0:0x0079b5b0,+0:0x0078a6c3,+0:0x0078a6dd,+0:0x0078a6f1,+0:0x0078a712,+0:0x0078a732,+0:0x0078de86,+0:0x0078a7dc,+0:0x0078a88f,+0:0x0078a855
0x00b10db0	compose	0x00b107f0	0x00b107f8	23	+0:0x0078e4fa,+0:0x0078e84d,+0:0x0078eb1d,+0:0x0078ec37,+0:0x0078ed64,+0:0x00744328,+0:0x00744931,+0:0x0078a665,+0:0x0078a66f,+0:0x0074520f,+0:0x0078a678,+0:0x0079bfc6,+0:0x0079c30a,+0:0x0079c628,+0:0x007a1501,+0:0x007a1521,+0:0x007a1541,+0:0x007a1562,+0:0x0078ef64,+0:0x0078f047,+0:0x0078f12a,+0:0x0078f278,+0:0x0078f35b
0x00b10dc0	choose	0x00b10428	0x00b10430	23	+0:0x0078f66f,+0:0x0078f94d,+0:0x0078fb8b,+0:0x0078f9fa,+0:0x0078fc59,+0:0x0074563b,+0:0x0074567e,+0:0x0078a665,+0:0x0078a66f,+0:0x00745727,+0:0x0078a899,+0:0x0079c8c8,+0:0x0079c993,+0:0x0079b5b0,+0:0x007a1582,+0:0x007a15a2,+0:0x007a15c2,+0:0x007a15e3,+0:0x0078fcf0,+0:0x0078fd46,+0:0x0078a7dc,+0:0x0078fe03,+0:0x0078fe59
0x00b10dd0	multiple_fields	0x00b104e8	0x00b104f0	23	+0:0x0078ff0b,+0:0x0078ff51,+0:0x0078ff7b,+0:0x0078ffd3,+0:0x0079015a,+0:0x00745783,+0:0x007457ad,+0:0x0078a665,+0:0x0078a66f,+0:0x0074582f,+0:0x0078a678,+0:0x0078a8c8,+0:0x0078a8f5,+0:0x0079b5b0,+0:0x0078a924,+0:0x0078a953,+0:0x0078a984,+0:0x0078a9b3,+0:0x0078a732,+0:0x00790184,+0:0x0078a7dc,+0:0x007901ad,+0:0x0078a855
0x00b10de0	split_fields	0x00b10970	0x00b10978	23	+0:0x00790349,+0:0x0079037d,+0:0x007903a7,+0:0x00790442,+0:0x0078a63f,+0:0x0078a644,+0:0x00742622,+0:0x0078a665,+0:0x0078a66f,+0:0x0074281b,+0:0x0078a678,+0:0x0078a699,+0:0x0078a6af,+0:0x0079b5b0,+0:0x0078a6c3,+0:0x0078a6dd,+0:0x0078a6f1,+0:0x0078a712,+0:0x0078a732,+0:0x0078a78d,+0:0x0078a7dc,+0:0x0078a834,+0:0x0078a855
0x00b10df0	suffix	0x00b10c70	0x00b10c78	23	+0:0x007912d2,+0:0x007913bd,+0:0x007913f8,+0:0x00791425,+0:0x0078a63f,+0:0x0078a644,+0:0x00742622,+0:0x0078a665,+0:0x0078a66f,+0:0x0074281b,+0:0x0078a678,+0:0x0078a699,+0:0x0078a6af,+0:0x0079b5b0,+0:0x0078a6c3,+0:0x0078a6dd,+0:0x0078a6f1,+0:0x0078a712,+0:0x0078a732,+0:0x0078a78d,+0:0x0078a7dc,+0:0x0078a834,+0:0x0078a855
0x00b10e00	join	0x00b10bb0	0x00b10bb8	23	+0:0x00790b2e,+0:0x00790fa6,+0:0x0079103a,+0:0x007910ce,+0:0x0078a63f,+0:0x0078a644,+0:0x00742622,+0:0x0078a665,+0:0x0078a66f,+0:0x0074281b,+0:0x0078a678,+0:0x0078a699,+0:0x0078a6af,+0:0x0079b5b0,+0:0x0078a6c3,+0:0x0078a6dd,+0:0x0078a6f1,+0:0x0078a712,+0:0x0078a732,+0:0x00791176,+0:0x0079118f,+0:0x0078a834,+0:0x0078a855
0x00b10e10	sameas	0x00b108b0	0x00b108b8	23	+0:0x00790a91,+0:0x00790aa9,+0:0x0078a5c1,+0:0x0078a60a,+0:0x0078a63f,+0:0x0078a644,+0:0x00742622,+0:0x0078a665,+0:0x0078a66f,+0:0x0074281b,+0:0x0078a678,+0:0x0078a699,+0:0x0078a6af,+0:0x0079b5b0,+0:0x0078a6c3,+0:0x0078a6dd,+0:0x0078a6f1,+0:0x0078a712,+0:0x0078a732,+0:0x0078a78d,+0:0x0078a7dc,+0:0x0078a834,+0:0x0078a855
0x00b10e20	ignore	0x00b10730	0x00b10738	23	+0:0x0078dd90,+0:0x0078a5bc,+0:0x0078a5c1,+0:0x0078a60a,+0:0x0078a63f,+0:0x0078a644,+0:0x00742622,+0:0x0078a665,+0:0x0078a66f,+0:0x0074281b,+0:0x0078a678,+0:0x0078a699,+0:0x0078a6af,+0:0x0079b5b0,+0:0x0078a6c3,+0:0x0078a6dd,+0:0x0078a6f1,+0:0x0078a712,+0:0x0078a732,+0:0x0078a78d,+0:0x0078a7dc,+0:0x0078a834,+0:0x0078a855
0x00b10e30	mnemonic_placeholder	0x00b10af0	0x00b10af8	23	+0:0x00790a1c,+0:0x0078a5bc,+0:0x0078a5c1,+0:0x0078a60a,+0:0x0078a63f,+0:0x0078a644,+0:0x00742622,+0:0x0078a665,+0:0x0078a66f,+0:0x0074281b,+0:0x0078a678,+0:0x0078a699,+0:0x0078a6af,+0:0x0079b5b0,+0:0x0078a6c3,+0:0x0078a6dd,+0:0x0078a6f1,+0:0x0078a712,+0:0x0078a732,+0:0x0078a78d,+0:0x0078a7dc,+0:0x0078a834,+0:0x0078a855
0x00b10f10	std::exception	0x00b10e70	0x00b10e78	3	+0:0x007918c0,+0:0x007918e7,+0:0x007918f3
0x00b10f20	std::bad_alloc	0x00b10e90	0x00b10e98	3	+0:0x007918f8,+0:0x007918e7,+0:0x0079191f
0x00b10f30	std::logic_error	0x00b10eb0	0x00b10eb8	3	+0:0x007922d9,+0:0x00792312,+0:0x0079232f
0x00b10f40	std::length_error	0x00b10ed0	0x00b10ed8	3	+0:0x00792340,+0:0x00792312,+0:0x00792379
0x00b10f50	std::out_of_range	0x00b10ef0	0x00b10ef8	3	+0:0x0079238a,+0:0x00792312,+0:0x007923c3
0x00b1155c	Disassembler	0x00b114b4	0x00b114bc	18	+0:0x00796e31,+0:0x00795c8c,+0:0x00795c95,+0:0x00795ca2,+0:0x00795cc3,+0:0x00795ccd,+0:0x00797bb6,+0:0x00798d6d,+0:0x007991de,+0:0x0079ab66,+0:0x00795cec,+0:0x00795cf6,+0:0x00796ef1,+0:0x00795d00,+0:0x007972fd,+0:0x00795d0c,+0:0x00795d15,+0:0x00795d2b
0x00b11aa8	std::exception	0x00b11a28	0x00b11a30	3	+0:0x0079ca40,+0:0x0079ca67,+0:0x0079ca73
0x00b11ab8	std::bad_alloc	0x00b11a48	0x00b11a50	3	+0:0x0079ca78,+0:0x0079ca67,+0:0x0079ca9f
0x00b11ac8	std::logic_error	0x00b11a68	0x00b11a70	3	+0:0x0079d325,+0:0x0079d35e,+0:0x0079d37b
0x00b11ad8	std::length_error	0x00b11a88	0x00b11a90	3	+0:0x0079d38c,+0:0x0079d35e,+0:0x0079d3c5
0x00b11f18	IndInst::instop	0x00b11e78	0x00b11e80	3	+0:0x0079d717,+0:0x00a92860,+0:0x0079d917
0x00b11f28	IndInst::instopreg	0x00b11e98	0x00b11ea0	3	+0:0x0079d73e,+0:0x0079d993,+0:0x0079da64
0x00b11f38	IndInst::instopimm	0x00b11eb8	0x00b11ec0	3	+0:0x0079d765,+0:0x0079daaf,+0:0x0079dba8
0x00b11f48	IndInst::instopcomp	0x00b11ed8	0x00b11ee0	3	+0:0x0079dc2a,+0:0x0079dcba,+0:0x0079dd7a
0x00b11f58	IndInst::instopreglist	0x00b11ef8	0x00b11f00	3	+0:0x0079de2e,+0:0x0079deed,+0:0x0079e0ab
0x00b12008	std::exception	0x00b11f88	0x00b11f90	3	+0:0x0079ea10,+0:0x0079ea37,+0:0x0079ea43
0x00b12018	std::bad_alloc	0x00b11fa8	0x00b11fb0	3	+0:0x0079ea48,+0:0x0079ea37,+0:0x0079ea6f
0x00b12028	std::logic_error	0x00b11fc8	0x00b11fd0	3	+0:0x0079f489,+0:0x0079f4c2,+0:0x0079f4df
0x00b12038	std::length_error	0x00b11fe8	0x00b11ff0	3	+0:0x0079f4f0,+0:0x0079f4c2,+0:0x0079f529
0x00b125a0	IndInst::IndInstInterface	0x00b12568	0x00b12570	6	+0:0x0079f959,+0:0x0079f9bd,+0:0x0079fa60,+0:0x0079fdcc,+0:0x007a023e,+0:0x007a044d
0x00b12800	OutputGen	0x00b12738	0x00b12740	4	+0:0x00a92860,+0:0x007a0ddc,+0:0x007a0e16,+0:0x007a0e54
0x00b12810	SimpleOutputGen	0x00b12760	0x00b12768	4	+0:0x007a0ed0,+0:0x007a0f69,+0:0x007a0ff2,+0:0x007a0e54
0x00b12820	FileOutputGen	0x00b12788	0x00b12790	4	+0:0x007a1026,+0:0x007a1060,+0:0x007a1098,+0:0x007a0e54
0x00b12830	BufferOutputGen	0x00b127b0	0x00b127b8	4	+0:0x007a10d3,+0:0x007a10fe,+0:0x007a0e16,+0:0x007a0e54
0x00b12840	DebugOutputGen	0x00b127d8	0x00b127e0	4	+0:0x007a11cf,+0:0x007a1239,+0:0x007a0e16,+0:0x007a0e54
0x00b12cf4	std::exception	0x00b12cb4	0x00b12cbc	3	+0:0x007a1610,+0:0x007a1637,+0:0x007a1643
0x00b12d04	std::bad_alloc	0x00b12cd4	0x00b12cdc	3	+0:0x007a1648,+0:0x007a1637,+0:0x007a166f
0x00bd48a0	std::exception	0x00bd4800	0x00bd4808	3	+0:0x00a91fa0,+0:0x00a91fc6,+0:0x00a9284f
0x00bd48b0	std::bad_alloc	0x00bd4820	0x00bd4828	3	+0:0x00a91fd9,+0:0x00a91fc6,+0:0x00a91fd0
0x00bd48c0	std::logic_error	0x00bd4840	0x00bd4848	3	+0:0x00a9276f,+0:0x00a927a7,+0:0x00a927c4
0x00bd48d0	std::length_error	0x00bd4860	0x00bd4868	3	+0:0x00a927cd,+0:0x00a927a7,+0:0x00a92805
0x00bd48e0	std::out_of_range	0x00bd4880	0x00bd4888	3	+0:0x00a9280e,+0:0x00a927a7,+0:0x00a92846
