name,string_va,registration_refs,kind
SubstituteVariantsVisitor,0x00acd2a8,0x00acd058,compiler_internal_registration
LivenessDf,0x00acf3c3,0x00acf6e4,compiler_internal_registration
PostLivenessDf,0x00acf3ce,0x00acf6f4,compiler_internal_registration
AliasAnalyzer,0x00afd938,0x00aff0d0,compiler_internal_registration
TimeAccurateAliasAnalyzer,0x00afd946,0x00aff0e0,compiler_internal_registration
BooleanAccurateAliasAnalyzer,0x00afda80,0x00aff0f0,compiler_internal_registration
g4_resource_scheduler,0x00ac5468,0x00ac5964,compiler_internal_registration
ppc970_resource_scheduler,0x00ac547e,0x00ac5974,compiler_internal_registration
ame_resource_scheduler,0x00ac5498,0x00ac5984,compiler_internal_registration
list_scheduler,0x00b0b7ff,0x00b0c0e8,compiler_internal_registration
resource_model_scheduler,0x00b0b80e,0x00b0c0f8,compiler_internal_registration
compat_list_scheduler,0x00b0b7dc,0x00b0c108,compiler_internal_registration
ls_window_scheduler,0x00b0b7c8,0x00b0c118,compiler_internal_registration
spill_variable_set::listener,0x00b0d6f1,0x00b0d6a4,compiler_internal_registration
