va,name,category,confidence,evidence
0x00a938ff,pe_entry,entry,high,"PE AddressOfEntryPoint; calls 0x00aa424c then jumps to CRT startup"
0x00a937ad,crt_startup,entry,high,"MSVC-style startup; calls 0x00995fd0 with process argument globals"
0x00995fd0,application_entry,entry,high,"called by CRT; initializes generator and returns process status"
0x005b99a2,gen_init,driver,high,"direct string xrefs to gen_init"
0x006ae504,codegen,backend,high,"direct codegen string and decompiled call spine"
0x006ad8d8,independent_optimize,optimizer,high,"called directly by codegen"
0x006a0b1d,makeproc,backend,high,"direct makeproc timing string; called by codegen"
0x006a51dd,pre_alloc_scheduling,scheduler,high,"direct pre_alloc_scheduling string; selects scheduler pass 1/3"
0x006adf1c,allocate_registers,register_allocator,high,"Before Allocate string; direct call to register_allocation_core"
0x0069bf55,register_allocation_core,register_allocator,high,"direct register_allocation string and target dispatch hook"
0x006ac8eb,fixup_driver,backend,high,"called immediately after register allocation"
0x006aca15,backend_dataflow_peephole,optimizer,high,"Before Peephole string; called after fixup"
0x006ace63,branch_optimize_driver,optimizer,high,"called after backend dataflow/peephole"
0x006747de,branches_and_post_alloc,backend,high,"branch/post-allocation cleanup and target hook"
0x006ae05c,codewrite,codegen,high,"direct codewrite string; target dispatch slot +0x5e4"
0x0066fad9,schedule_pass_1,scheduler,high,"Before/After Scheduling strings; window/gap-filling behavior"
0x00739e6a,schedule_pass_2,scheduler,high,"list-scheduling diagnostics and resource-model calls"
0x0073a363,schedule_pass_3,scheduler,high,"list-scheduling diagnostics; target scheduling hook +0x394"
0x0051c208,propagateconstants,optimizer,high,"pass string"
0x0053eade,loop_unroll,optimizer,high,"loop-unroll diagnostics"
0x00545735,dooptimize,optimizer,high,"direct dooptimize string"
0x0054c4a7,SIMD_vectorize,optimizer,high,"vectorization diagnostics"
0x005522d5,find_loop_invariants,optimizer,high,"direct pass string"
0x005558f2,possible_induction_var,optimizer,high,"direct analysis string"
0x00557560,check_possible_alias,optimizer,high,"direct alias-analysis string"
0x00568597,object_motion,optimizer,medium,"named from clustered pass diagnostics"
0x00589e83,substitute_driver,optimizer,medium,"named from clustered pass diagnostics"
0x005cb7e0,treepeep,optimizer,medium,"peephole/tree rewrite diagnostics"
0x0066b178,dflow_vn_forward,optimizer,high,"dataflow/value-numbering diagnostics"
0x006ef6cb,optimize_tail_calls,optimizer,high,"tail-call optimization diagnostics"
0x0071661c,spill_candidate,register_allocator,high,"SPILL OLD diagnostic"
0x0071bc67,allocate_variable,register_allocator,high,"COALESCE diagnostics"
0x0074c01c,coalesce_stage,register_allocator,high,"%;COALESCE stage diagnostic"
0x0074c6e1,spill_stage,register_allocator,high,"%;SPILL stage diagnostic"
0x004816a0,powerpc_anchor,target_backend,medium,"two direct xrefs to POWERPC string at 0x00ac527a"
