record_offset,method_offset,this_adjust,target_va,function_name,body_size,known_role
0x000,0x004,0,0x00abfe94,,,
0x008,0x00c,0,0x00406414,FUN_00406414,5,
0x010,0x014,0,0x0076fdcf,FUN_0076fdcf,727,
0x018,0x01c,0,0x00406419,FUN_00406419,5,
0x020,0x024,0,0x0040641e,FUN_0040641e,9,
0x028,0x02c,0,0x00406427,FUN_00406427,9,
0x030,0x034,0,0x00403387,FUN_00403387,4397,
0x038,0x03c,0,0x004044b4,FUN_004044b4,1619,
0x040,0x044,0,0x00401ded,FUN_00401ded,4539,
0x048,0x04c,0,0x00402fa8,FUN_00402fa8,991,
0x050,0x054,0,0x00406430,FUN_00406430,9,
0x058,0x05c,0,0x007700a6,FUN_007700a6,141,
0x060,0x064,0,0x00406439,FUN_00406439,20,
0x068,0x06c,0,0x00404b07,FUN_00404b07,40,
0x070,0x074,0,0x0040644d,FUN_0040644d,9,
0x078,0x07c,0,0x00406456,FUN_00406456,9,
0x080,0x084,0,0x0040645f,FUN_0040645f,9,
0x088,0x08c,0,0x00406468,FUN_00406468,15,
0x090,0x094,0,0x00406477,FUN_00406477,45,
0x098,0x09c,0,0x004064a4,FUN_004064a4,10,
0x0a0,0x0a4,0,0x0040670b,FUN_0040670b,9,
0x0a8,0x0ac,0,0x00406714,FUN_00406714,9,
0x0b0,0x0b4,0,0x0040671d,FUN_0040671d,14,
0x0b8,0x0bc,0,0x0040672b,FUN_0040672b,15,
0x0c0,0x0c4,0,0x004050d2,FUN_004050d2,86,
0x0c8,0x0cc,0,0x0077017f,FUN_0077017f,4204,
0x0d0,0x0d4,0,0x007711eb,FUN_007711eb,4403,
0x0d8,0x0dc,0,0x004064ae,FUN_004064ae,21,
0x0e0,0x0e4,0,0x00405128,FUN_00405128,95,
0x0e8,0x0ec,0,0x005bc53a,FUN_005bc53a,153,
0x0f0,0x0f4,0,0x00401024,FUN_00401024,169,
0x0f8,0x0fc,0,0x005bc5d3,FUN_005bc5d3,53,
0x100,0x104,0,0x005bc608,FUN_005bc608,53,
0x108,0x10c,0,0x005bc63d,FUN_005bc63d,106,
0x110,0x114,0,0x005bc6a7,FUN_005bc6a7,346,
0x118,0x11c,0,0x004064c3,FUN_004064c3,10,
0x120,0x124,0,0x005bc801,FUN_005bc801,173,
0x128,0x12c,0,0x005bc8c2,FUN_005bc8c2,105,
0x130,0x134,0,0x005bc947,FUN_005bc947,204,
0x138,0x13c,0,0x0042420b,FUN_0042420b,10,
0x140,0x144,0,0x004239de,FUN_004239de,195,
0x148,0x14c,0,0x004064cd,FUN_004064cd,9,
0x150,0x154,0,0x005bca8e,FUN_005bca8e,5,
0x158,0x15c,0,0x005bca93,FUN_005bca93,9,
0x160,0x164,0,0x004241a3,FUN_004241a3,104,
0x168,0x16c,0,0x004064d6,FUN_004064d6,9,
0x170,0x174,0,0x005bca9c,FUN_005bca9c,9,
0x178,0x17c,0,0x005bcaa5,FUN_005bcaa5,9,
0x180,0x184,0,0x005bcaae,FUN_005bcaae,9,
0x188,0x18c,0,0x005bcab7,FUN_005bcab7,9,
0x190,0x194,0,0x005bcac0,FUN_005bcac0,9,
0x198,0x19c,0,0x005bcac9,FUN_005bcac9,9,
0x1a0,0x1a4,0,0x005bcad2,FUN_005bcad2,10,
0x1a8,0x1ac,0,0x005bcadc,FUN_005bcadc,9,
0x1b0,0x1b4,0,0x005bcae5,FUN_005bcae5,9,
0x1b8,0x1bc,0,0x005bcaee,FUN_005bcaee,9,
0x1c0,0x1c4,0,0x005bde39,FUN_005bde39,9,
0x1c8,0x1cc,0,0x005bde42,FUN_005bde42,9,
0x1d0,0x1d4,0,0x005bde4b,FUN_005bde4b,9,
0x1d8,0x1dc,0,0x004064df,FUN_004064df,9,
0x1e0,0x1e4,0,0x0046f5c7,FUN_0046f5c7,816,
0x1e8,0x1ec,0,0x0046f8f7,FUN_0046f8f7,72,
0x1f0,0x1f4,0,0x0072f96d,FUN_0072f96d,251,
0x1f8,0x1fc,0,0x004064e8,FUN_004064e8,5,
0x200,0x204,0,0x00469105,FUN_00469105,78,
0x208,0x20c,0,0x0047c2f4,FUN_0047c2f4,170,
0x210,0x214,0,0x00424088,FUN_00424088,155,
0x218,0x21c,0,0x00735592,FUN_00735592,44,
0x220,0x224,0,0x0047196d,FUN_0047196d,44,
0x228,0x22c,0,0x007353e2,FUN_007353e2,75,
0x230,0x234,0,0x004a45f0,FUN_004a45f0,37,
0x238,0x23c,0,0x004711e8,FUN_004711e8,1409,
0x240,0x244,0,0x0046f93f,FUN_0046f93f,931,
0x248,0x24c,0,0x007354ed,FUN_007354ed,84,
0x250,0x254,0,0x00471795,FUN_00471795,472,
0x258,0x25c,0,0x00471769,FUN_00471769,44,
0x260,0x264,0,0x004064ed,FUN_004064ed,5,
0x268,0x26c,0,0x004064f2,FUN_004064f2,5,
0x270,0x274,0,0x007355be,FUN_007355be,84,
0x278,0x27c,0,0x004064f7,FUN_004064f7,14,
0x280,0x284,0,0x00406505,FUN_00406505,9,
0x288,0x28c,0,0x0040650e,FUN_0040650e,16,
0x290,0x294,0,0x00473a91,FUN_00473a91,39,
0x298,0x29c,0,0x005bcf2f,FUN_005bcf2f,1060,
0x2a0,0x2a4,0,0x0040651e,FUN_0040651e,9,
0x2a8,0x2ac,0,0x00735743,FUN_00735743,824,
0x2b0,0x2b4,0,0x0077f001,FUN_0077f001,92,
0x2b8,0x2bc,0,0x0077f05d,FUN_0077f05d,37,
0x2c0,0x2c4,0,0x00406527,FUN_00406527,9,
0x2c8,0x2cc,0,0x00406530,FUN_00406530,5,
0x2d0,0x2d4,0,0x00406535,FUN_00406535,5,
0x2d8,0x2dc,0,0x0040653a,FUN_0040653a,10,
0x2e0,0x2e4,0,0x005bdbcd,FUN_005bdbcd,25,
0x2e8,0x2ec,0,0x006cd518,FUN_006cd518,25,
0x2f0,0x2f4,0,0x00406544,FUN_00406544,10,
0x2f8,0x2fc,0,0x006fc36e,FUN_006fc36e,388,
0x300,0x304,0,0x006fc4f2,FUN_006fc4f2,355,
0x308,0x30c,0,0x006c8f2b,FUN_006c8f2b,740,
0x310,0x314,0,0x007352a0,FUN_007352a0,74,
0x318,0x31c,0,0x007352ea,FUN_007352ea,87,
0x320,0x324,0,0x00735341,FUN_00735341,74,
0x328,0x32c,0,0x0073538b,FUN_0073538b,87,
0x330,0x334,0,0x00735612,FUN_00735612,9,
0x338,0x33c,0,0x0073561b,FUN_0073561b,9,
0x340,0x344,0,0x0040654e,FUN_0040654e,15,
0x348,0x34c,0,0x0040655d,FUN_0040655d,10,
0x350,0x354,0,0x00486abc,FUN_00486abc,45,
0x358,0x35c,0,0x00486b20,FUN_00486b20,55,
0x360,0x364,0,0x00486ae9,FUN_00486ae9,55,
0x368,0x36c,0,0x004869f9,FUN_004869f9,195,
0x370,0x374,0,0x00486b57,FUN_00486b57,9,
0x378,0x37c,0,0x005bcb18,FUN_005bcb18,57,
0x380,0x384,0,0x005bcb51,FUN_005bcb51,386,
0x388,0x38c,0,0x00424164,FUN_00424164,63,
0x390,0x394,0,0x00739d9d,FUN_00739d9d,127,scheduler_relink_or_commit_hook
0x398,0x39c,0,0x005bcb13,FUN_005bcb13,5,
0x3a0,0x3a4,0,0x005bccd3,FUN_005bccd3,5,
0x3a8,0x3ac,0,0x005bcb0a,FUN_005bcb0a,9,
0x3b0,0x3b4,0,0x00406567,FUN_00406567,9,
0x3b8,0x3bc,0,0x005bccd8,FUN_005bccd8,9,
0x3c0,0x3c4,0,0x005bcce1,FUN_005bcce1,9,
0x3c8,0x3cc,0,0x00406770,FUN_00406770,56,
0x3d0,0x3d4,0,0x004067a8,FUN_004067a8,9,
0x3d8,0x3dc,0,0x00406570,FUN_00406570,9,
0x3e0,0x3e4,0,0x00406579,FUN_00406579,9,
0x3e8,0x3ec,0,0x00406582,FUN_00406582,9,
0x3f0,0x3f4,0,0x0040658b,FUN_0040658b,9,
0x3f8,0x3fc,0,0x00406594,FUN_00406594,9,
0x400,0x404,0,0x005bde20,FUN_005bde20,25,
0x408,0x40c,0,0x0040735e,FUN_0040735e,323,
0x410,0x414,0,0x0040659d,FUN_0040659d,5,
0x418,0x41c,0,0x005bccea,FUN_005bccea,278,
0x420,0x424,0,0x005bce00,FUN_005bce00,45,
0x428,0x42c,0,0x004065a2,FUN_004065a2,9,
0x430,0x434,0,0x004221e8,FUN_004221e8,133,
0x438,0x43c,0,0x004a4615,FUN_004a4615,341,
0x440,0x444,0,0x005bceca,FUN_005bceca,5,
0x448,0x44c,0,0x005bcecf,FUN_005bcecf,36,
0x450,0x454,0,0x005bcef3,FUN_005bcef3,60,
0x458,0x45c,0,0x004065ab,FUN_004065ab,9,
0x460,0x464,0,0x005bd353,FUN_005bd353,5,
0x468,0x46c,0,0x00470998,FUN_00470998,2128,pre_branch_target_hook
0x470,0x474,0,0x004065b4,FUN_004065b4,5,fixup_target_hook_noop_in_this_build
0x478,0x47c,0,0x00424b8f,FUN_00424b8f,63,
0x480,0x484,0,0x00424b5d,FUN_00424b5d,50,post_expand_target_hook
0x488,0x48c,0,0x004065b9,FUN_004065b9,5,
0x490,0x494,0,0x004065be,FUN_004065be,15,
0x498,0x49c,0,0x004065cd,FUN_004065cd,5,
0x4a0,0x4a4,0,0x004065d2,FUN_004065d2,5,
0x4a8,0x4ac,0,0x004065d7,FUN_004065d7,10,
0x4b0,0x4b4,0,0x0073bd67,FUN_0073bd67,10,
0x4b8,0x4bc,0,0x0073befc,FUN_0073befc,10,
0x4c0,0x4c4,0,0x0073c694,FUN_0073c694,9,
0x4c8,0x4cc,0,0x004065e1,FUN_004065e1,9,
0x4d0,0x4d4,0,0x004065ea,FUN_004065ea,10,
0x4d8,0x4dc,0,0x004065f4,FUN_004065f4,10,
0x4e0,0x4e4,0,0x0073e08f,FUN_0073e08f,402,
0x4e8,0x4ec,0,0x0073ef61,FUN_0073ef61,15,
0x4f0,0x4f4,0,0x0073f585,FUN_0073f585,10,
0x4f8,0x4fc,0,0x0073ea02,FUN_0073ea02,64,
0x500,0x504,0,0x004065fe,FUN_004065fe,10,
0x508,0x50c,0,0x00406608,FUN_00406608,10,
0x510,0x514,0,0x00406612,FUN_00406612,5,
0x518,0x51c,0,0x00406617,FUN_00406617,5,
0x520,0x524,0,0x0040661c,FUN_0040661c,5,post_register_allocation_target_hook_noop_in_this_build
0x528,0x52c,0,0x00406621,FUN_00406621,10,
0x530,0x534,0,0x005bd358,FUN_005bd358,59,
0x538,0x53c,0,0x005bd6a3,FUN_005bd6a3,151,
0x540,0x544,0,0x00423f45,FUN_00423f45,226,
0x548,0x54c,0,0x00424027,FUN_00424027,97,
0x550,0x554,0,0x007351e2,FUN_007351e2,76,
0x558,0x55c,0,0x0073522e,FUN_0073522e,38,
0x560,0x564,0,0x00735254,FUN_00735254,38,
0x568,0x56c,0,0x0073527a,FUN_0073527a,38,
0x570,0x574,0,0x00432726,FUN_00432726,328,
0x578,0x57c,0,0x0043a621,FUN_0043a621,8,
0x580,0x584,0,0x0043a1b7,FUN_0043a1b7,1130,
0x588,0x58c,0,0x00437ac1,FUN_00437ac1,9599,
0x590,0x594,0,0x005bd3b2,FUN_005bd3b2,9,
0x598,0x59c,0,0x005bd3bb,FUN_005bd3bb,10,
0x5a0,0x5a4,0,0x00431851,FUN_00431851,5,
0x5a8,0x5ac,0,0x00431985,FUN_00431985,15,
0x5b0,0x5b4,0,0x0043269d,FUN_0043269d,137,
0x5b8,0x5bc,0,0x0040662b,FUN_0040662b,5,
0x5c0,0x5c4,0,0x005bd3d8,FUN_005bd3d8,5,
0x5c8,0x5cc,0,0x00423965,FUN_00423965,44,
0x5d0,0x5d4,0,0x00423991,FUN_00423991,77,
0x5d8,0x5dc,0,0x005bd65c,FUN_005bd65c,71,
0x5e0,0x5e4,0,0x00422ff4,FUN_00422ff4,2417,final_codewrite_target_hook
0x5e8,0x5ec,0,0x00423ce7,FUN_00423ce7,326,
0x5f0,0x5f4,0,0x00406630,FUN_00406630,5,
0x5f8,0x5fc,0,0x00424c85,FUN_00424c85,102,
0x600,0x604,0,0x00423e2d,FUN_00423e2d,280,
0x608,0x60c,0,0x00431693,FUN_00431693,63,
0x610,0x614,0,0x0043ec1b,FUN_0043ec1b,40,
0x618,0x61c,0,0x005bd89d,FUN_005bd89d,213,
0x620,0x624,0,0x00423c13,FUN_00423c13,156,
0x628,0x62c,0,0x00423aa1,FUN_00423aa1,370,
0x630,0x634,0,0x00424bce,FUN_00424bce,91,
0x638,0x63c,0,0x00406635,FUN_00406635,9,
0x640,0x644,0,0x0049efb5,FUN_0049efb5,976,
0x648,0x64c,0,0x00423caf,FUN_00423caf,56,
0x650,0x654,0,0x0040663e,FUN_0040663e,9,
0x658,0x65c,0,0x00406647,FUN_00406647,10,
0x660,0x664,0,0x00406651,FUN_00406651,10,
0x668,0x66c,0,0x0040665b,FUN_0040665b,5,
0x670,0x674,0,0x004242c0,FUN_004242c0,219,
0x678,0x67c,0,0x005bd98d,FUN_005bd98d,82,branch_instruction_predicate_or_filter
0x680,0x684,0,0x00424123,FUN_00424123,65,
0x688,0x68c,0,0x00406660,FUN_00406660,9,
0x690,0x694,0,0x00406669,FUN_00406669,9,
0x698,0x69c,0,0x005bdb08,FUN_005bdb08,162,
0x6a0,0x6a4,0,0x00406672,FUN_00406672,10,
0x6a8,0x6ac,0,0x004e2d50,FUN_004e2d50,135,
0x6b0,0x6b4,0,0x0040667c,FUN_0040667c,5,
0x6b8,0x6bc,0,0x00406681,FUN_00406681,9,
0x6c0,0x6c4,0,0x0040668a,FUN_0040668a,5,optional_fixup_target_hook_noop_in_this_build
0x6c8,0x6cc,0,0x005bdd08,FUN_005bdd08,265,
0x6d0,0x6d4,0,0x0040668f,FUN_0040668f,9,
0x6d8,0x6dc,0,0x00406698,FUN_00406698,9,
0x6e0,0x6e4,0,0x004066a1,FUN_004066a1,9,
0x6e8,0x6ec,0,0x004066aa,FUN_004066aa,10,
0x6f0,0x6f4,0,0x004066b4,FUN_004066b4,5,
0x6f8,0x6fc,0,0x004066b9,FUN_004066b9,10,
0x700,0x704,0,0x004066c3,FUN_004066c3,10,
0x708,0x70c,0,0x004066cd,FUN_004066cd,9,
0x710,0x714,0,0x004066d6,FUN_004066d6,5,
0x718,0x71c,0,0x004066db,FUN_004066db,5,
0x720,0x724,0,0x004066e0,FUN_004066e0,5,
0x728,0x72c,0,0x00401d91,FUN_00401d91,45,
0x730,0x734,0,0x0074249b,FUN_0074249b,91,
0x738,0x73c,0,0x004066e5,FUN_004066e5,9,
0x740,0x744,0,0x004066ee,FUN_004066ee,15,
0x748,0x74c,0,0x004066fd,FUN_004066fd,9,
0x750,0x754,0,0x00406706,FUN_00406706,5,
0x758,0x75c,0,0x005bdcc7,FUN_005bdcc7,21,
0x760,0x764,0,0x005bdcdc,FUN_005bdcdc,44,
0x768,0x76c,0,0x00404f81,FUN_00404f81,217,
0x770,0x774,0,0x0040505a,FUN_0040505a,120,
0x778,0x77c,0,0x00404b2f,FUN_00404b2f,793,
0x780,0x784,0,0x00735673,FUN_00735673,163,
0x788,0x78c,0,0x0040673a,FUN_0040673a,5,
0x790,0x794,0,0x00424c29,FUN_00424c29,46,
0x798,0x79c,0,0x0042439b,FUN_0042439b,22,
0x7a0,0x7a4,0,0x004243b1,FUN_004243b1,277,
0x7a8,0x7ac,0,0x004244c6,FUN_004244c6,1687,
0x7b0,0x7b4,0,0x0049a873,FUN_0049a873,294,
0x7b8,0x7bc,0,0x009947c2,FUN_009947c2,310,
0x7c0,0x7c4,0,0x00446740,FUN_00446740,279,
0x7c8,0x7cc,0,0x0040673f,FUN_0040673f,9,
0x7d0,0x7d4,0,0x00406748,FUN_00406748,9,
0x7d8,0x7dc,0,0x00406751,FUN_00406751,5,
0x7e0,0x7e4,0,0x00406756,FUN_00406756,8,
0x7e8,0x7ec,0,0x0040675e,FUN_0040675e,9,
0x7f0,0x7f4,0,0x0047c39e,FUN_0047c39e,70,
0x7f8,0x7fc,0,0x0061eb3f,FUN_0061eb3f,92,
0x800,0x804,0,0x0061ea6d,FUN_0061ea6d,105,
0x808,0x80c,0,0x0061ea04,FUN_0061ea04,105,
0x810,0x814,0,0x0061ead6,FUN_0061ead6,105,
0x818,0x81c,0,0x0077f082,FUN_0077f082,10,
0x820,0x824,0,0x00406767,FUN_00406767,9,
0x828,0x82c,0,0x0048cba0,FUN_0048cba0,289,
0x830,0x834,0,0x00424c57,FUN_00424c57,46,branch_merge_target_helper
