00437ac1	FUN_00437ac1
00401ded	FUN_00401ded
00403387	FUN_00403387
00422ff4	FUN_00422ff4
00470998	FUN_00470998
004244c6	FUN_004244c6
00446740	FUN_00446740
0049efb5	FUN_0049efb5
004711e8	FUN_004711e8
0043a1b7	FUN_0043a1b7
00404f81	FUN_00404f81
0046f93f	FUN_0046f93f
0046f5c7	FUN_0046f5c7
00471795	FUN_00471795
00423aa1	FUN_00423aa1
00423ce7	FUN_00423ce7
0040505a	FUN_0040505a
0040735e	FUN_0040735e
00423e2d	FUN_00423e2d
00404b2f	FUN_00404b2f
004242c0	FUN_004242c0
00423c13	FUN_00423c13
0043269d	FUN_0043269d
004a4615	FUN_004a4615
00432726	FUN_00432726
004243b1	FUN_004243b1
00423f45	FUN_00423f45
00424c57	FUN_00424c57
00424c85	FUN_00424c85
00424027	FUN_00424027
00423991	FUN_00423991
0049a873	FUN_0049a873
00424b5d	FUN_00424b5d
004239de	FUN_004239de
0047c2f4	FUN_0047c2f4
00401024	FUN_00401024
00424088	FUN_00424088
004221e8	FUN_004221e8
004050d2	FUN_004050d2
00469105	FUN_00469105
00424b8f	FUN_00424b8f
00431693	FUN_00431693
00406770	FUN_00406770
00423caf	FUN_00423caf
00423965	FUN_00423965
0043ec1b	FUN_0043ec1b
004a45f0	FUN_004a45f0
0048cba0	FUN_0048cba0
004066ee	FUN_004066ee
0040672b	FUN_0040672b
00406468	FUN_00406468
0040654e	FUN_0040654e
004065be	FUN_004065be
0040671d	FUN_0040671d
004869f9	FUN_004869f9
004066aa	FUN_004066aa
0040655d	FUN_0040655d
00406651	FUN_00406651
004066c3	FUN_004066c3
00406544	FUN_00406544
00406608	FUN_00406608
00406647	FUN_00406647
004064a4	FUN_004064a4
004065fe	FUN_004065fe
004066b9	FUN_004066b9
0042420b	FUN_0042420b
004241a3	FUN_004241a3
00405128	FUN_00405128
00424bce	FUN_00424bce
0046f8f7	FUN_0046f8f7
0047c39e	FUN_0047c39e
00424123	FUN_00424123
00424164	FUN_00424164
00486b20	FUN_00486b20
00486ae9	FUN_00486ae9
00424c29	FUN_00424c29
00406477	FUN_00406477
00401d91	FUN_00401d91
00486abc	FUN_00486abc
00471769	FUN_00471769
0047196d	FUN_0047196d
00404b07	FUN_00404b07
00473a91	FUN_00473a91
0042439b	FUN_0042439b
004064ae	FUN_004064ae
00406439	FUN_00406439
0040650e	FUN_0040650e
00431985	FUN_00431985
004064f7	FUN_004064f7
00406621	FUN_00406621
004064c3	FUN_004064c3
004065ea	FUN_004065ea
004065d7	FUN_004065d7
0040653a	FUN_0040653a
004065f4	FUN_004065f4
00406672	FUN_00406672
00406582	FUN_00406582
004066cd	FUN_004066cd
004064d6	FUN_004064d6
0040663e	FUN_0040663e
00406669	FUN_00406669
0040670b	FUN_0040670b
00406527	FUN_00406527
0040673f	FUN_0040673f
00406698	FUN_00406698
004064df	FUN_004064df
004065e1	FUN_004065e1
0040668f	FUN_0040668f
00406714	FUN_00406714
004066a1	FUN_004066a1
004064cd	FUN_004064cd
00406579	FUN_00406579
004065a2	FUN_004065a2
00406748	FUN_00406748
00486b57	FUN_00486b57
004066fd	FUN_004066fd
0040658b	FUN_0040658b
00406567	FUN_00406567
00406767	FUN_00406767
00406427	FUN_00406427
00406681	FUN_00406681
00406594	FUN_00406594
004067a8	FUN_004067a8
00406430	FUN_00406430
004065ab	FUN_004065ab
00406635	FUN_00406635
0040651e	FUN_0040651e
004066e5	FUN_004066e5
00406660	FUN_00406660
00406456	FUN_00406456
00406570	FUN_00406570
0040641e	FUN_0040641e
0040644d	FUN_0040644d
0040675e	FUN_0040675e
00406505	FUN_00406505
0040645f	FUN_0040645f
00406756	FUN_00406756
0043a621	FUN_0043a621
00406530	FUN_00406530
004065d2	FUN_004065d2
004066e0	FUN_004066e0
00406617	FUN_00406617
00406414	FUN_00406414
0040668a	FUN_0040668a
004064f2	FUN_004064f2
0040673a	FUN_0040673a
00406612	FUN_00406612
004066d6	FUN_004066d6
004066b4	FUN_004066b4
00431851	FUN_00431851
00406706	FUN_00406706
004066db	FUN_004066db
0040665b	FUN_0040665b
004065b4	FUN_004065b4
0040662b	FUN_0040662b
0040667c	FUN_0040667c
00406751	FUN_00406751
00406630	FUN_00406630
004065cd	FUN_004065cd
0040661c	FUN_0040661c
004065b9	FUN_004065b9
004064ed	FUN_004064ed
004064e8	FUN_004064e8
00406419	FUN_00406419
00406535	FUN_00406535
0040659d	FUN_0040659d
00797bb6	FUN_00797bb6
007991de	FUN_007991de
00798d6d	FUN_00798d6d
00797786	FUN_00797786
00797576	FUN_00797576
00797352	FUN_00797352
0079750c	FUN_0079750c
007976e9	FUN_007976e9
00797446	FUN_00797446
00797540	FUN_00797540
0079766e	FUN_0079766e
007976c5	FUN_007976c5
007976a4	FUN_007976a4
00797427	FUN_00797427
00797333	FUN_00797333
00735743	FUN_00735743
006c8f2b	FUN_006c8f2b
006fc36e	FUN_006fc36e
006fc4f2	FUN_006fc4f2
005bcf2f	FUN_005bcf2f
005bdb08	FUN_005bdb08
0073e08f	FUN_0073e08f
005bccea	FUN_005bccea
005bcb51	FUN_005bcb51
0061eb3f	FUN_0061eb3f
005bdd08	FUN_005bdd08
007351e2	FUN_007351e2
005bd89d	FUN_005bd89d
005bc947	FUN_005bc947
0061ea04	FUN_0061ea04
0061ead6	FUN_0061ead6
0061ea6d	FUN_0061ea6d
007355be	FUN_007355be
00735341	FUN_00735341
007352a0	FUN_007352a0
0073ea02	FUN_0073ea02
009947c2	FUN_009947c2
0072f96d	FUN_0072f96d
005bc801	FUN_005bc801
00735673	FUN_00735673
005bc53a	FUN_005bc53a
0074249b	FUN_0074249b
0073b7fb	FUN_0073b7fb
005bd98d	FUN_005bd98d
007353e2	FUN_007353e2
0073b5e0	FUN_0073b5e0
005bd358	FUN_005bd358
0073b629	FUN_0073b629
00735592	FUN_00735592
005bdcdc	FUN_005bdcdc
005bcecf	FUN_005bcecf
0073b663	FUN_0073b663
0073b853	FUN_0073b853
0073b697	FUN_0073b697
0073b710	FUN_0073b710
0073b731	FUN_0073b731
0073b874	FUN_0073b874
005bde20	FUN_005bde20
005bdbcd	FUN_005bdbcd
006cd518	FUN_006cd518
005bc6a7	FUN_005bc6a7
0073ef61	FUN_0073ef61
005bcad2	FUN_005bcad2
005bd6a3	FUN_005bd6a3
004e2d50	FUN_004e2d50
00739d9d	FUN_00739d9d
005bc63d	FUN_005bc63d
005bc8c2	FUN_005bc8c2
0077f001	FUN_0077f001
007352ea	FUN_007352ea
0073538b	FUN_0073538b
007354ed	FUN_007354ed
005bd65c	FUN_005bd65c
005bcef3	FUN_005bcef3
005bcb18	FUN_005bcb18
005bc608	FUN_005bc608
005bc5d3	FUN_005bc5d3
005bce00	FUN_005bce00
00735254	FUN_00735254
0073527a	FUN_0073527a
0073522e	FUN_0073522e
0077f05d	FUN_0077f05d
0073b6e2	FUN_0073b6e2
0073b6b8	FUN_0073b6b8
005bdcc7	FUN_005bdcc7
0073b6ce	FUN_0073b6ce
0073b6fc	FUN_0073b6fc
0073befc	FUN_0073befc
0073bd67	FUN_0073bd67
005bd3bb	FUN_005bd3bb
0073f585	FUN_0073f585
0077f082	FUN_0077f082
0073b684	FUN_0073b684
005bccd8	FUN_005bccd8
005bde42	FUN_005bde42
005bcce1	FUN_005bcce1
005bcadc	FUN_005bcadc
005bcac9	FUN_005bcac9
0073b68e	FUN_0073b68e
0073561b	FUN_0073561b
0073b5d2	FUN_0073b5d2
005bde4b	FUN_005bde4b
0073c694	FUN_0073c694
005bcae5	FUN_005bcae5
005bde39	FUN_005bde39
005bcaa5	FUN_005bcaa5
00735612	FUN_00735612
005bca9c	FUN_005bca9c
005bcab7	FUN_005bcab7
005bca93	FUN_005bca93
005bcaee	FUN_005bcaee
005bcaae	FUN_005bcaae
005bcac0	FUN_005bcac0
005bd3b2	FUN_005bd3b2
005bcb0a	FUN_005bcb0a
005bceca	FUN_005bceca
005bd353	FUN_005bd353
005bd3d8	FUN_005bd3d8
005bcb13	FUN_005bcb13
005bca8e	FUN_005bca8e
005bccd3	FUN_005bccd3
0073b65e	FUN_0073b65e
0073b5db	FUN_0073b5db
0078e4fa	FUN_0078e4fa
0078ffd3	FUN_0078ffd3
0078f66f	FUN_0078f66f
0078e142	FUN_0078e142
00790805	FUN_00790805
00790575	FUN_00790575
007903a7	FUN_007903a7
0078e84d	FUN_0078e84d
0079059f	FUN_0079059f
0079058a	FUN_0079058a
0078f9fa	FUN_0078f9fa
0078f12a	FUN_0078f12a
0078ec37	FUN_0078ec37
0078eb1d	FUN_0078eb1d
0078f35b	FUN_0078f35b
0078dfda	FUN_0078dfda
0078fb8b	FUN_0078fb8b
0078e0d1	FUN_0078e0d1
0078ddf0	FUN_0078ddf0
0078fe59	FUN_0078fe59
0078ff7b	FUN_0078ff7b
0078fcf0	FUN_0078fcf0
0078fe03	FUN_0078fe03
0078ff0b	FUN_0078ff0b
0078de53	FUN_0078de53
0078ed64	FUN_0078ed64
00790a91	FUN_00790a91
00790aa9	FUN_00790aa9
0078ef64	FUN_0078ef64
0078f047	FUN_0078f047
0078f278	FUN_0078f278
0078f94d	FUN_0078f94d
0078fc59	FUN_0078fc59
00790349	FUN_00790349
0079037d	FUN_0079037d
0078ff51	FUN_0078ff51
0079015a	FUN_0079015a
00790184	FUN_00790184
007901ad	FUN_007901ad
0078e2ac	FUN_0078e2ac
00790a1c	FUN_00790a1c
0078dd90	FUN_0078dd90
0078de86	FUN_0078de86
0078f45c	FUN_0078f45c
007901d6	FUN_007901d6
0078de90	FUN_0078de90
00790514	FUN_00790514
00790abd	FUN_00790abd
00790a2e	FUN_00790a2e
0078feb2	FUN_0078feb2
0078dda2	FUN_0078dda2
0078dd43	FUN_0078dd43
007909cf	FUN_007909cf
0079deed	FUN_0079deed
0079dc2a	FUN_0079dc2a
0079daaf	FUN_0079daaf
0079e0ab	FUN_0079e0ab
0079d993	FUN_0079d993
0079dcba	FUN_0079dcba
0079de2e	FUN_0079de2e
0079dd7a	FUN_0079dd7a
0079dba8	FUN_0079dba8
0079da64	FUN_0079da64
0079e1d4	FUN_0079e1d4
0079e180	FUN_0079e180
0079e5db	FUN_0079e5db
0079e1b0	FUN_0079e1b0
0050a241	FUN_0050a241
004ffbf5	FUN_004ffbf5
004ffe82	FUN_004ffe82
004ccd37	FUN_004ccd37
007a10fe	FUN_007a10fe
007a0ff2	FUN_007a0ff2
007a10d3	FUN_007a10d3
007a0e99	FUN_007a0e99
007a1141	FUN_007a1141
007a1191	FUN_007a1191
00790442	FUN_00790442
00786b92	FUN_00786b92
00786c7b	FUN_00786c7b
00787081	FUN_00787081
00786fa4	FUN_00786fa4
00786eaf	FUN_00786eaf
00787041	FUN_00787041
00786f2d	FUN_00786f2d
007866a2	FUN_007866a2
0078660b	FUN_0078660b
007865dc	FUN_007865dc
00787406	FUN_00787406
0078712a	FUN_0078712a
0079c8c8	FUN_0079c8c8
0079c764	FUN_0079c764
0079b8e2	FUN_0079b8e2
0079b7cd	FUN_0079b7cd
0079b63f	FUN_0079b63f
0079b710	FUN_0079b710
0079f9bd	FUN_0079f9bd
0079f959	FUN_0079f959
00796e31	FUN_00796e31
00796ef1	FUN_00796ef1
00795ca2	FUN_00795ca2
00795ccd	FUN_00795ccd
00795d15	FUN_00795d15
00795c95	FUN_00795c95
00795d00	FUN_00795d00
00795cf6	FUN_00795cf6
00795cec	FUN_00795cec
00795cc3	FUN_00795cc3
00795c8c	FUN_00795c8c
00795d0c	FUN_00795d0c
00795d2b	FUN_00795d2b
0079d717	FUN_0079d717
0079d765	FUN_0079d765
0079d73e	FUN_0079d73e
007a023e	FUN_007a023e
007a00b6	FUN_007a00b6
007a0028	FUN_007a0028
007a0ad3	FUN_007a0ad3
