004aad62	FUN_004aad62
004c6cdd	FUN_004c6cdd
004addd5	FUN_004addd5
004aca06	FUN_004aca06
004c72ab	FUN_004c72ab
004af7cd	FUN_004af7cd
004c7702	FUN_004c7702
009af583	FUN_009af583
0099d850	FUN_0099d850
0099f6d7	FUN_0099f6d7
004a999b	FUN_004a999b
004a969d	FUN_004a969d
009b9cc3	FUN_009b9cc3
00999878	FUN_00999878
0099e8c4	FUN_0099e8c4
009a4d70	FUN_009a4d70
009b9450	FUN_009b9450
009b1fc4	FUN_009b1fc4
009b11b8	FUN_009b11b8
009b1d00	FUN_009b1d00
009b1e89	FUN_009b1e89
0099a980	FUN_0099a980
004c5950	FUN_004c5950
0099fab9	FUN_0099fab9
009ae83d	FUN_009ae83d
004af148	FUN_004af148
004ac8db	FUN_004ac8db
009ae0e1	FUN_009ae0e1
00993c9c	FUN_00993c9c
009abf2f	FUN_009abf2f
009ab627	FUN_009ab627
0099df5e	FUN_0099df5e
0099e3cd	FUN_0099e3cd
0099bdec	FUN_0099bdec
009c04fa	FUN_009c04fa
009ad2cc	FUN_009ad2cc
009b829f	FUN_009b829f
009c0920	FUN_009c0920
009942bb	FUN_009942bb
0099f9dc	FUN_0099f9dc
00993d5a	FUN_00993d5a
009a4c2a	FUN_009a4c2a
009a4d04	FUN_009a4d04
00993d32	FUN_00993d32
0099bf64	FUN_0099bf64
0099bf4b	FUN_0099bf4b
009aa6c6	FUN_009aa6c6
009b0ea4	FUN_009b0ea4
00992f50	FUN_00992f50
00998bc2	FUN_00998bc2
00995fac	FUN_00995fac
009b938b	FUN_009b938b
009adeb4	FUN_009adeb4
009addfc	FUN_009addfc
009aa157	FUN_009aa157
009aa1fa	FUN_009aa1fa
009adf6c	FUN_009adf6c
009ae042	FUN_009ae042
009a8068	FUN_009a8068
009adf42	FUN_009adf42
009b5b49	FUN_009b5b49
0099fa58	FUN_0099fa58
0099c630	FUN_0099c630
004d7902	FUN_004d7902
009abd39	FUN_009abd39
009aa8e5	FUN_009aa8e5
009ab73a	FUN_009ab73a
009aacfc	FUN_009aacfc
004e427d	FUN_004e427d
009a57d0	FUN_009a57d0
009b80af	FUN_009b80af
009b5d62	FUN_009b5d62
009a6757	FUN_009a6757
009b7d5b	FUN_009b7d5b
009a678e	FUN_009a678e
009a78b2	FUN_009a78b2
009b2224	FUN_009b2224
009aa6ac	FUN_009aa6ac
009aef72	FUN_009aef72
009a4696	FUN_009a4696
0099f505	FUN_0099f505
009b455e	FUN_009b455e
009ab8d8	FUN_009ab8d8
009a0916	FUN_009a0916
009aa653	FUN_009aa653
009abb4c	FUN_009abb4c
009ab879	FUN_009ab879
009b43fd	FUN_009b43fd
009aa93d	FUN_009aa93d
009b75f8	FUN_009b75f8
009b7f81	FUN_009b7f81
009a58c2	FUN_009a58c2
009aef33	FUN_009aef33
009a744f	FUN_009a744f
009b5092	FUN_009b5092
009a6dba	FUN_009a6dba
009b73a8	FUN_009b73a8
009a65cd	FUN_009a65cd
009ab99a	FUN_009ab99a
009aadbb	FUN_009aadbb
009b8f14	FUN_009b8f14
009b4b34	FUN_009b4b34
009a45c3	FUN_009a45c3
009b784c	FUN_009b784c
009b8f5e	FUN_009b8f5e
009aa5fa	FUN_009aa5fa
009ab88e	FUN_009ab88e
009ab83d	FUN_009ab83d
009aa560	FUN_009aa560
009aad72	FUN_009aad72
009a8117	FUN_009a8117
009b4c70	FUN_009b4c70
009b76c3	FUN_009b76c3
009b8d91	FUN_009b8d91
009b4235	FUN_009b4235
009ab7bd	FUN_009ab7bd
009b8b70	FUN_009b8b70
009a6728	FUN_009a6728
009b8968	FUN_009b8968
009b891e	FUN_009b891e
005aed39	FUN_005aed39
009a801c	FUN_009a801c
009a612a	FUN_009a612a
009a600d	FUN_009a600d
009a6412	FUN_009a6412
009a5f49	FUN_009a5f49
009a5e20	FUN_009a5e20
009a8003	FUN_009a8003
009b7af8	FUN_009b7af8
009b7ad5	FUN_009b7ad5
009b7bc8	FUN_009b7bc8
009b3092	FUN_009b3092
009b5a32	FUN_009b5a32
009ae57a	FUN_009ae57a
009ae4d4	FUN_009ae4d4
0099ec6d	FUN_0099ec6d
009b4066	FUN_009b4066
009b3ecb	FUN_009b3ecb
0099c447	FUN_0099c447
009a67f7	FUN_009a67f7
009d6334	FUN_009d6334
009acbd6	FUN_009acbd6
009acba8	FUN_009acba8
009a9ca5	FUN_009a9ca5
00993f97	FUN_00993f97
009a6c2a	FUN_009a6c2a
009b7a89	FUN_009b7a89
009b7d9d	FUN_009b7d9d
009b7308	FUN_009b7308
009b3d0f	FUN_009b3d0f
009ae45c	FUN_009ae45c
009ae74f	FUN_009ae74f
009af632	FUN_009af632
009a6bcc	FUN_009a6bcc
009a6bfb	FUN_009a6bfb
0099dc76	FUN_0099dc76
009a9c62	FUN_009a9c62
009a7f9a	FUN_009a7f9a
009ae81e	FUN_009ae81e
009b5b3d	FUN_009b5b3d
009b90d0	FUN_009b90d0
009a58fe	FUN_009a58fe
009b2672	FUN_009b2672
009a9536	FUN_009a9536
009a9569	FUN_009a9569
009ae38a	FUN_009ae38a
009a6c78	FUN_009a6c78
009a6c96	FUN_009a6c96
009a80ac	FUN_009a80ac
009a6cb0	FUN_009a6cb0
009b237d	FUN_009b237d
009a80f8	FUN_009a80f8
009a8054	FUN_009a8054
009a802c	FUN_009a802c
009b3037	FUN_009b3037
009b261a	FUN_009b261a
009b907c	FUN_009b907c
009a6784	FUN_009a6784
009b8f1e	FUN_009b8f1e
009a80c4	FUN_009a80c4
009a9c90	FUN_009a9c90
009a8040	FUN_009a8040
009a8098	FUN_009a8098
009b8f4c	FUN_009b8f4c
009a80e8	FUN_009a80e8
009a808c	FUN_009a808c
009a8080	FUN_009a8080
009a8074	FUN_009a8074
009a677a	FUN_009a677a
009a810d	FUN_009a810d
009d4131	FUN_009d4131
009d41cd	FUN_009d41cd
005a6986	FUN_005a6986
009be118	FUN_009be118
009d42c5	FUN_009d42c5
009d54a9	FUN_009d54a9
009bdc90	FUN_009bdc90
009bc0c8	FUN_009bc0c8
009bde9a	FUN_009bde9a
009d6934	FUN_009d6934
009dacf8	FUN_009dacf8
009dc6fe	FUN_009dc6fe
009daa7e	FUN_009daa7e
009d43cd	FUN_009d43cd
009bb45d	FUN_009bb45d
009bec37	FUN_009bec37
009bb48d	FUN_009bb48d
009c11d9	FUN_009c11d9
009c0ebc	FUN_009c0ebc
009c0f44	FUN_009c0f44
009bfdcd	FUN_009bfdcd
009c0445	FUN_009c0445
009c0e3a	FUN_009c0e3a
009c0493	FUN_009c0493
009c047d	FUN_009c047d
009c018c	FUN_009c018c
