006747de	branches_and_post_alloc
006ad8d8	independent_optimize
006ae504	codegen
006a0b1d	makeproc
006ae05c	codewrite
006adf1c	allocate_registers
006ace63	branch_optimize_driver
006ac8eb	fixup_driver
006a51dd	pre_alloc_scheduling
006ef6cb	optimize_tail_calls
0069bf55	register_allocation_core
0066fad9	schedule_pass_1
00739e6a	schedule_pass_2
0073a363	schedule_pass_3
0077017f	FUN_0077017f
007711eb	FUN_007711eb
0076fdcf	FUN_0076fdcf
0061fc27	FUN_0061fc27
0076fd44	FUN_0076fd44
0076fd8c	FUN_0076fd8c
007700a6	FUN_007700a6
0074dd4c	FUN_0074dd4c
0074dd69	FUN_0074dd69
00700460	FUN_00700460
006cfb36	FUN_006cfb36
0074dd86	FUN_0074dd86
0074dd9f	FUN_0074dd9f
00696df1	FUN_00696df1
0070047c	FUN_0070047c
006cfb52	FUN_006cfb52
0076da5c	FUN_0076da5c
0076da6c	FUN_0076da6c
0061fd8a	FUN_0061fd8a
0074ddbd	FUN_0074ddbd
0076fd2e	FUN_0076fd2e
0061fe6a	FUN_0061fe6a
0061fe61	FUN_0061fe61
0074ddcc	FUN_0074ddcc
0074ddc7	FUN_0074ddc7
0074dd47	FUN_0074dd47
0074ddb8	FUN_0074ddb8
00737c92	FUN_00737c92
0076e876	FUN_0076e876
00753c6c	FUN_00753c6c
00753f4e	FUN_00753f4e
00753da9	FUN_00753da9
00753eb5	FUN_00753eb5
0076e53f	FUN_0076e53f
0076e5c3	FUN_0076e5c3
0074e21a	FUN_0074e21a
00739097	FUN_00739097
00739824	FUN_00739824
00738528	FUN_00738528
00738d12	FUN_00738d12
00737b5c	FUN_00737b5c
007385f8	FUN_007385f8
00739ae2	FUN_00739ae2
00736fa6	FUN_00736fa6
007387cf	FUN_007387cf
00737736	FUN_00737736
00738de5	FUN_00738de5
007399dd	FUN_007399dd
00739679	FUN_00739679
00738772	FUN_00738772
00739659	FUN_00739659
00486b90	FUN_00486b90
00735ab0	FUN_00735ab0
00735abe	FUN_00735abe
00735ab9	FUN_00735ab9
0061f226	FUN_0061f226
0061f062	FUN_0061f062
0061f047	FUN_0061f047
0061f059	FUN_0061f059
0061f050	FUN_0061f050
0078af4d	FUN_0078af4d
00742a3b	FUN_00742a3b
0078ae3a	FUN_0078ae3a
0078b2a2	FUN_0078b2a2
0078b375	FUN_0078b375
0078acb8	FUN_0078acb8
00742c28	FUN_00742c28
0078addc	FUN_0078addc
00742bcd	FUN_00742bcd
0078ada6	FUN_0078ada6
007a12bc	FUN_007a12bc
007a12dd	FUN_007a12dd
007a129c	FUN_007a129c
007a127c	FUN_007a127c
0078b33f	FUN_0078b33f
0078b309	FUN_0078b309
0078b927	FUN_0078b927
00742c51	FUN_00742c51
0078b8ab	FUN_0078b8ab
0078bc7c	FUN_0078bc7c
00742e0d	FUN_00742e0d
0078bd4f	FUN_0078bd4f
0078b6c7	FUN_0078b6c7
0078b81f	FUN_0078b81f
00742e72	FUN_00742e72
0078b7db	FUN_0078b7db
007a133d	FUN_007a133d
007a131d	FUN_007a131d
007a135e	FUN_007a135e
007a12fd	FUN_007a12fd
0078bd19	FUN_0078bd19
0078bce3	FUN_0078bce3
0078be11	FUN_0078be11
00742ef7	FUN_00742ef7
007430b7	FUN_007430b7
0074308b	FUN_0074308b
007a13be	FUN_007a13be
007a139e	FUN_007a139e
007a13df	FUN_007a13df
007a137e	FUN_007a137e
0078c15d	FUN_0078c15d
0076ce1e	FUN_0076ce1e
0076c5f7	FUN_0076c5f7
0076c612	FUN_0076c612
0074db34	FUN_0074db34
0074db7a	FUN_0074db7a
0074db70	FUN_0074db70
0074db43	FUN_0074db43
0074db91	FUN_0074db91
0074db05	FUN_0074db05
0074db22	FUN_0074db22
0074daf3	FUN_0074daf3
0074dafc	FUN_0074dafc
0074dba6	FUN_0074dba6
0074db2b	FUN_0074db2b
0074db88	FUN_0074db88
0074daea	FUN_0074daea
0074db19	FUN_0074db19
0074dae0	FUN_0074dae0
0074dae5	FUN_0074dae5
00779f66	FUN_00779f66
0077a910	FUN_0077a910
00779cfc	FUN_00779cfc
00779b11	FUN_00779b11
00775706	FUN_00775706
00774486	FUN_00774486
007744a3	FUN_007744a3
007744c1	FUN_007744c1
00779add	FUN_00779add
00779b03	FUN_00779b03
00779afe	FUN_00779afe
007744cb	FUN_007744cb
007744bc	FUN_007744bc
0048a91c	FUN_0048a91c
0048af87	FUN_0048af87
0048a852	FUN_0048a852
00742622	FUN_00742622
0078a7dc	FUN_0078a7dc
0078a5c1	FUN_0078a5c1
0078a60a	FUN_0078a60a
0078a644	FUN_0078a644
0078a834	FUN_0078a834
0078a678	FUN_0078a678
0078a6f1	FUN_0078a6f1
0078a712	FUN_0078a712
0078a855	FUN_0078a855
0079b5b0	FUN_0079b5b0
0078a6c3	FUN_0078a6c3
0078a699	FUN_0078a699
0078a6dd	FUN_0078a6dd
0078a6af	FUN_0078a6af
0078a665	FUN_0078a665
0078a66f	FUN_0078a66f
0078a5b3	FUN_0078a5b3
0078a5bc	FUN_0078a5bc
0078a63f	FUN_0078a63f
00500d44	FUN_00500d44
00500d3f	FUN_00500d3f
00486cbc	FUN_00486cbc
00487f47	FUN_00487f47
0076ec9e	FUN_0076ec9e
0076e643	FUN_0076e643
0076e46b	FUN_0076e46b
00753fc7	FUN_00753fc7
0074e30e	FUN_0074e30e
0074e377	FUN_0074e377
0076da7c	FUN_0076da7c
0074e3bd	FUN_0074e3bd
0074e300	FUN_0074e300
0076a4bf	FUN_0076a4bf
0076a5ce	FUN_0076a5ce
0076a793	FUN_0076a793
0076a145	FUN_0076a145
0074e464	FUN_0074e464
0074e3d6	FUN_0074e3d6
0074e429	FUN_0074e429
00488266	FUN_00488266
00487ff2	FUN_00487ff2
0073aa91	FUN_0073aa91
0073ad76	FUN_0073ad76
0073abfc	FUN_0073abfc
0073acce	FUN_0073acce
0073add4	FUN_0073add4
0073aa46	FUN_0073aa46
0073abbc	FUN_0073abbc
00735ae0	FUN_00735ae0
00735acd	FUN_00735acd
00735af3	FUN_00735af3
00735b00	FUN_00735b00
00735ac3	FUN_00735ac3
00735ac8	FUN_00735ac8
0073950f	FUN_0073950f
0073a849	FUN_0073a849
0073a81f	FUN_0073a81f
0073a7f7	FUN_0073a7f7
005f9e65	FUN_005f9e65
005f9e3d	FUN_005f9e3d
005f9c39	FUN_005f9c39
005f9c19	FUN_005f9c19
00500b9f	FUN_00500b9f
00500cd7	FUN_00500cd7
007013f2	FUN_007013f2
006ac246	FUN_006ac246
006ac165	FUN_006ac165
0071dfdd	FUN_0071dfdd
0071ea8f	FUN_0071ea8f
0071f1a1	FUN_0071f1a1
0071f38a	FUN_0071f38a
005d97a4	FUN_005d97a4
005d9789	FUN_005d9789
005d9425	FUN_005d9425
005d940a	FUN_005d940a
006abe80	FUN_006abe80
006abfb6	FUN_006abfb6
005d9581	FUN_005d9581
005d9566	FUN_005d9566
005f9adc	FUN_005f9adc
005f9a83	FUN_005f9a83
0071e388	FUN_0071e388
0071e19f	FUN_0071e19f
0071e1f5	FUN_0071e1f5
0071e320	FUN_0071e320
00590544	FUN_00590544
007249b3	FUN_007249b3
006a174a	FUN_006a174a
0072156a	FUN_0072156a
004185fe	FUN_004185fe
0068b441	FUN_0068b441
007244d3	FUN_007244d3
0072445c	FUN_0072445c
006a1f2d	FUN_006a1f2d
007261cb	FUN_007261cb
007229ee	FUN_007229ee
005fc3a0	FUN_005fc3a0
005fc273	FUN_005fc273
0071f497	FUN_0071f497
0071e0a4	FUN_0071e0a4
0071f0b7	FUN_0071f0b7
0071f33f	FUN_0071f33f
00a93020	FUN_00a93020
00a93380	FUN_00a93380
005af19b	FUN_005af19b
005af171	FUN_005af171
005b98f9	FUN_005b98f9
005aeced	FUN_005aeced
005d98fa	FUN_005d98fa
005d98f5	FUN_005d98f5
005d9a38	FUN_005d9a38
005d9a1d	FUN_005d9a1d
005fa170	FUN_005fa170
005fa155	FUN_005fa155
005d9d7b	FUN_005d9d7b
005d9d5b	FUN_005d9d5b
005d96af	FUN_005d96af
005d96aa	FUN_005d96aa
005f9fc1	FUN_005f9fc1
005fa09b	FUN_005fa09b
005db4b8	FUN_005db4b8
005db3f1	FUN_005db3f1
005ea90a	FUN_005ea90a
005ea96a	FUN_005ea96a
00500b42	FUN_00500b42
00500898	FUN_00500898
005f9be4	FUN_005f9be4
005f9bdf	FUN_005f9bdf
0071dcd0	FUN_0071dcd0
0066e96b	FUN_0066e96b
0066f13e	FUN_0066f13e
0066ecc4	FUN_0066ecc4
004836e4	FUN_004836e4
0066eeb5	FUN_0066eeb5
0066ec65	FUN_0066ec65
0066eefc	FUN_0066eefc
0066efc1	FUN_0066efc1
0066ef64	FUN_0066ef64
0066f11b	FUN_0066f11b
0066efac	FUN_0066efac
00696dd5	FUN_00696dd5
005d9b3e	FUN_005d9b3e
005d9b39	FUN_005d9b39
005d9e72	FUN_005d9e72
005d9e6d	FUN_005d9e6d
005f9d8e	FUN_005f9d8e
005f9d89	FUN_005f9d89
005d9caf	FUN_005d9caf
005d9c3c	FUN_005d9c3c
005fa26e	FUN_005fa26e
005fa269	FUN_005fa269
005f5c56	FUN_005f5c56
005f5279	FUN_005f5279
005cf40e	FUN_005cf40e
005cf451	FUN_005cf451
004a5d05	FUN_004a5d05
004dea14	FUN_004dea14
004a6147	FUN_004a6147
004dea9b	FUN_004dea9b
004a5d19	FUN_004a5d19
004dea1e	FUN_004dea1e
004a6165	FUN_004a6165
004deaaa	FUN_004deaaa
004a5d69	FUN_004a5d69
004dea46	FUN_004dea46
004a6183	FUN_004a6183
004deab9	FUN_004deab9
004a6197	FUN_004a6197
004deac3	FUN_004deac3
004a6115	FUN_004a6115
004dea82	FUN_004dea82
004a5d2d	FUN_004a5d2d
004dea28	FUN_004dea28
004a611f	FUN_004a611f
004dea87	FUN_004dea87
004a5d4b	FUN_004a5d4b
004dea37	FUN_004dea37
004a5d7d	FUN_004a5d7d
004dea50	FUN_004dea50
004a60f7	FUN_004a60f7
004dea73	FUN_004dea73
004a6179	FUN_004a6179
004deab4	FUN_004deab4
004a5daf	FUN_004a5daf
004dea69	FUN_004dea69
004a6151	FUN_004a6151
004deaa0	FUN_004deaa0
004a61ab	FUN_004a61ab
004deacd	FUN_004deacd
004a618d	FUN_004a618d
004deabe	FUN_004deabe
004a5d37	FUN_004a5d37
004dea2d	FUN_004dea2d
004a615b	FUN_004a615b
004deaa5	FUN_004deaa5
004a5d91	FUN_004a5d91
004dea5a	FUN_004dea5a
004a5d41	FUN_004a5d41
004dea32	FUN_004dea32
004a6129	FUN_004a6129
004dea8c	FUN_004dea8c
004a6133	FUN_004a6133
004dea91	FUN_004dea91
004a613d	FUN_004a613d
004dea96	FUN_004dea96
004a5d55	FUN_004a5d55
004dea3c	FUN_004dea3c
004a5d73	FUN_004a5d73
004dea4b	FUN_004dea4b
004a60ed	FUN_004a60ed
004dea6e	FUN_004dea6e
004a610b	FUN_004a610b
004dea7d	FUN_004dea7d
004a61a1	FUN_004a61a1
004deac8	FUN_004deac8
004a61bf	FUN_004a61bf
004dead7	FUN_004dead7
004a5d87	FUN_004a5d87
004dea55	FUN_004dea55
004a6101	FUN_004a6101
004dea78	FUN_004dea78
004a5d5f	FUN_004a5d5f
004dea41	FUN_004dea41
004a5d0f	FUN_004a5d0f
004dea19	FUN_004dea19
004a616f	FUN_004a616f
004deaaf	FUN_004deaaf
004a61b5	FUN_004a61b5
004dead2	FUN_004dead2
004a5da5	FUN_004a5da5
004dea64	FUN_004dea64
004a5d9b	FUN_004a5d9b
004dea5f	FUN_004dea5f
004a5d23	FUN_004a5d23
004dea23	FUN_004dea23
005cf400	FUN_005cf400
005cf409	FUN_005cf409
