group_id	root_record_va	root_name	member_count	max_depth	categories	members
objectdata@0x00ace1d0	0x00ace1d0	objectdata	40	1	IR/object-model:40	objectdata@0x00ace1d0;objectdata_twoop@0x00ace1e0;objectdata_arrayop@0x00ace1f0;objectdata_vectorop@0x00ace200;objectdata_compoundop@0x00ace210;objectdata_magictype@0x00ace220;objectdata_qindex@0x00ace230;objectdata_dot@0x00ace240;objectdata_recordtyp@0x00ace250;objectdata_subrangeop@0x00ace260;objectdata_call@0x00ace270;objectdata_rouconstr@0x00ace280;objectdata_entryop@0x00ace290;objectdata_statfunc@0x00ace2a0;objectdata_qaddrs@0x00ace2b0;objectdata_variable@0x00ace2c0;objectdata_varfield@0x00ace2d0;objectdata_generic@0x00ace2e0;objectdata_scalconst@0x00ace2f0;objectdata_floatconst@0x00ace300;objectdata_strconst@0x00ace310;objectdata_setconstructor@0x00ace320;objectdata_complexop@0x00ace330;objectdata_data@0x00ace340;objectdata_qjcond@0x00ace350;objectdata_qjmp@0x00ace360;objectdata_qjtab@0x00ace370;objectdata_arithifi@0x00ace380;objectdata_ifop@0x00ace390;objectdata_predcode@0x00ace3a0;objectdata_block@0x00ace3b0;objectdata_undefop@0x00ace3c0;objectdata_fourop@0x00ace3d0;objectdata_casm@0x00ace3e0;objectdata_lineop@0x00ace3f0;objectdata_commentop@0x00ace400;objectdata_startscope@0x00ace410;objectdata_leavescope@0x00ace420;objectdata_varargsop@0x00ace430;objectdata_statexpr@0x00ace440
Checker@0x00aff4ec	0x00aff4ec	Checker	29	3	other:29	Checker@0x00aff4ec;CheckerIntStateLValue@0x00aff4fc;CheckerLValue@0x00aff50c;CheckerIntStateSafevar@0x00aff51c;CheckerIntStateAll@0x00aff52c;CheckerIntState@0x00b01690;ConstChecker@0x00b016a0;EquivChecker@0x00b016b0;UninitMemChecker@0x00b016c0;RangeChecker@0x00b016d0;MemLeakChecker@0x00b016e0;MemLeakCheckerBackwards@0x00b016f0;NULLCheckChecker@0x00b01700;NULLCheckCheckerBackwards@0x00b01710;FreeChecker@0x00b01720;FreeCheckerBackwards@0x00b01730;DerefNULLChecker@0x00b01740;LocalScopeChecker@0x00b01750;ReadOnlyWriteChecker@0x00b01760;NewSingleChecker@0x00b01770;NewArrayChecker@0x00b01780;NoReturnChecker@0x00b01790;UnreadChecker@0x00b017a0;UnreadCheckerBackwards@0x00b017b0;NULLCheckDerefChecker@0x00b017c0;UninitReadChecker@0x00b017d0;UninitReadCheckerBackwards@0x00b017e0;NoFlowChecker@0x00b017f0;StrictUninitChecker@0x00b01800
ObjectVisitor@0x00afd5c8	0x00afd5c8	ObjectVisitor	28	3	other:22;optimizer/analysis:5;IR/object-model:1	HasSideEffectVisitor@0x00afd4d8;ObjectVisitor@0x00afd5c8;ExprAdder@0x00afd5d8;ChildrenCollector@0x00afd5e8;FindTempCopy@0x00afd5f8;VolatileMerger@0x00afd608;IPTypeFinder@0x00afd618;CompSetComputer@0x00afd628;Substitutor@0x00afd6d8;Substitutor::Finder@0x00afd6e8;NestedUpdater@0x00afd6f8;ExtraReplacesUpdater@0x00afd708;DeleteUnread2Visitor@0x00afd718;SimpleSideEffectRemover@0x00afd728;ExprFinder@0x00aff0bc;TreeReshaper@0x00aff0fc;DirectAccessVarFinder@0x00aff10c;PreCompSetComputer@0x00aff11c;SideEffectsRemover@0x00aff12c;WriteMarker@0x00aff13c;PSMComputer@0x00aff14c;UseDefMarker@0x00aff15c;LocalConstProp@0x00aff17c;ReachingWriteComp@0x00aff18c;DeadStoreRemover@0x00aff1ac;FCEExprCounter@0x00aff1bc;HoistSetComputer@0x00aff1cc;CopyPropVisitor@0x00aff1dc
InterblockDf@0x00afd5b8	0x00afd5b8	InterblockDf	22	1	optimizer/analysis:22	InterblockDf@0x00afd5b8;DownSafetyDf@0x00afd638;UpSafetyDf@0x00afd648;EarliestDf@0x00afd658;DelayedDf@0x00afd668;LatestDf@0x00afd678;IsolatedDf@0x00afd688;FinalDf@0x00afd698;GcseSelectDf@0x00afd6a8;GcseLiveDf@0x00afd6b8;GcseFinalDf@0x00afd6c8;HoistAvailDf@0x00afd738;HoistHelpfulDf@0x00afd748;HoistRedundantDf@0x00afd758;HoistFinalDf@0x00afd768;HoistDelayDf@0x00afd778;HoistFinal2Df@0x00afd788;HoistUsableDf@0x00afd798;HoistFinal3Df@0x00afd7a8;ValueNeededDf@0x00aff16c;FCEReachingWriteDf@0x00aff19c;CopyPropDf@0x00aff1ec
operand_parser@0x00b0c7cc	0x00b0c7cc	operand_parser	20	2	other:16;register-allocation:4	empty@0x00b0c328;operand_parser@0x00b0c7cc;immediate_implicit@0x00b0c7dc;register_range@0x00b10d30;register_set@0x00b10d40;register_implicit@0x00b10d50;textset@0x00b10d60;immediate@0x00b10d70;register_list@0x00b10d80;statictext@0x00b10d90;hardcode@0x00b10da0;compose@0x00b10db0;choose@0x00b10dc0;multiple_fields@0x00b10dd0;split_fields@0x00b10de0;suffix@0x00b10df0;join@0x00b10e00;sameas@0x00b10e10;ignore@0x00b10e20;mnemonic_placeholder@0x00b10e30
vn_advisor@0x00b053a8	0x00b053a8	vn_advisor	17	3	other:16;optimizer/analysis:1	vn_advisor_ppc_consolshift@0x00abf0b0;vn_advisor@0x00b053a8;vn_advisor_consol@0x00b05b34;vn_advisor_consoladd@0x00b05b44;vn_advisor_consolshift@0x00b05b54;vn_advisor_copyprop@0x00b05b64;vn_advisor_intomove@0x00b05b74;vn_advisor_preintomove@0x00b05b84;vn_advisor_removeinst2@0x00b05ba4;vn_advisor_removeinst@0x00b05bb4;vn_advisor_mergeaddload@0x00b05bc4;vn_advisor_constprop@0x00b05bd4;vn_advisor_debug@0x00b05be4;vn_advisor_bkwdremoveinst@0x00b05bf4;vn_advisor_use_pull@0x00b05c04;vn_advisor_combine_shifts2@0x00b05c44;vn_advisor_advance_src_writes@0x00b05c54
Exp@0x00b0d2d4	0x00b0d2d4	Exp	11	3	other:11	Val@0x00b0c89c;Num@0x00b0c8ac;Unk@0x00b0c8bc;Bot@0x00b0c8cc;Mem@0x00b0c8dc;Alu@0x00b0c8ec;Bop@0x00b0c8fc;Ncm@0x00b0c90c;Uop@0x00b0c91c;Exp@0x00b0d2d4;Cmm@0x00b0d2e4
pl_bool@0x00b05eb0	0x00b05eb0	pl_bool	10	1	other:9;register-allocation:1	pl_bool@0x00b05eb0;kill_may_happen_other_than@0x00b05ec0;may_be_killed_before_helper@0x00b05ed0;may_be_read_helper@0x00b05ee0;may_be_read_helper::inner_helper@0x00b05ef0;register_changer@0x00b06018;replace_dest@0x00b06028;replace_dest::replace_one_dest@0x00b06038;unique_pl@0x00b06048;write_may_be_killed@0x00b06058
ObjectVisitor@0x00b039cc	0x00b039cc	ObjectVisitor	9	1	other:8;IR/object-model:1	ObjectVisitor@0x00b039cc;ExprAdder@0x00b039dc;CallFinder@0x00b039ec;GlobalMarker@0x00b039fc;VarFuncReferenced@0x00b03a0c;VarFuncFinder@0x00b03a1c;ArgReplacer@0x00b03a2c;ConstructorReplacer@0x00b03a3c;GlobalReplacer@0x00b03a4c
ObjectVisitor@0x00acd024	0x00acd024	ObjectVisitor	8	1	optimizer/analysis:5;other:2;IR/object-model:1	ObjectVisitor@0x00acd024;VarValueofFinder@0x00acd044;SubstituteVariantsVisitor@0x00acd054;SetVolatileAddressVisitor@0x00acd064;lvalue_checker_type@0x00acd084;FindAsmVisitor@0x00acd094;UnionVisitor@0x00acd0a4;RemoveZeroSizedLocalsVisitor@0x00ace450
pl_bool@0x00b05388	0x00b05388	pl_bool	8	1	other:8	pl_bool@0x00b05388;was_replaced@0x00b053c8;vn_advisor_preintomove::register_finder@0x00b05b94;vn_advisor_use_pull::replacer@0x00b05c14;vn_advisor_use_pull::searcher@0x00b05c24;vn_advisor_use_pull::good_provider@0x00b05c34;vn_advisor_advance_src_writes::new_targ_is_touched@0x00b05c84;is_pred_shift@0x00b05c94
ObjectVisitor@0x00acf310	0x00acf310	ObjectVisitor	7	1	optimizer/analysis:5;IR/object-model:1;other:1	ObjectVisitor@0x00acf310;qadd_visitor@0x00acf320;qifop_visitor@0x00acf330;qd_visitor@0x00acf340;qderef_visitor@0x00acf350;CvtifSubstitute@0x00acf360;recursive_if_fixer@0x00acf370
ObjectVisitor@0x00aff4bc	0x00aff4bc	ObjectVisitor	7	1	other:5;IR/object-model:1;optimizer/analysis:1	ObjectVisitor@0x00aff4bc;ExprAdder@0x00aff4cc;CheckerPostVisit@0x00aff4dc;InlineVisit@0x00aff53c;FindRTECVars@0x00aff54c;RemoveRTECVisitor@0x00aff55c;CheckerVisit@0x00b01670
ObjectVisitor@0x00b0189c	0x00b0189c	ObjectVisitor	7	2	optimizer/analysis:5;IR/object-model:1;other:1	ObjectVisitor@0x00b0189c;TransformStatementVisitor@0x00b018ac;BreakupExpressionVisitor@0x00b01aec;ReverseQjfalseVisitor@0x00b01afc;ReverseTwoopVisitor@0x00b01b0c;ExpandUpdatesVisitor@0x00b01b1c;ShiftVariables@0x00b01b2c
std_exception@0x00abf270	0x00abf270	std::exception	6	2	runtime/std:6	std::exception@0x00abf270;std::bad_alloc@0x00abf280;std::logic_error@0x00abf290;std::out_of_range@0x00abf2a0;std::runtime_error@0x00abf2b0;std::overflow_error@0x00abf2c0
std_exception@0x00abff98	0x00abff98	std::exception	6	2	runtime/std:6	std::exception@0x00abff98;std::bad_alloc@0x00abffa8;std::logic_error@0x00abffb8;std::out_of_range@0x00abffc8;std::runtime_error@0x00abffd8;std::overflow_error@0x00abffe8
std_exception@0x00ace628	0x00ace628	std::exception	6	2	runtime/std:6	std::exception@0x00ace628;std::bad_alloc@0x00ace638;std::logic_error@0x00ace648;std::out_of_range@0x00ace658;std::runtime_error@0x00ace668;std::overflow_error@0x00ace678
ObjectVisitor@0x00ad0fbc	0x00ad0fbc	ObjectVisitor	6	1	other:3;optimizer/analysis:2;IR/object-model:1	ObjectVisitor@0x00ad0fbc;VarMarker@0x00ad0fdc;ReturnOverlapVisitor@0x00ad0fec;NonLocalMemoryVisitor@0x00ad0ffc;DoInlineFlagReturnVars@0x00ad100c;DoInlineCheckRetVar@0x00ad101c
ObjectVisitor@0x00b03ea0	0x00b03ea0	ObjectVisitor	6	1	other:3;optimizer/analysis:2;IR/object-model:1	ObjectVisitor@0x00b03ea0;CallReplacer@0x00b03eb0;ConfusingWrites@0x00b03ec0;GlobalVisitor@0x00b044a8;ConstVisitor@0x00b044b8;WriteFinder@0x00b044c8
list_scheduler@0x00b0c0e4	0x00b0c0e4	list_scheduler	6	2	scheduler:6	g4_resource_scheduler@0x00ac5960;ppc970_resource_scheduler@0x00ac5970;ame_resource_scheduler@0x00ac5980;list_scheduler@0x00b0c0e4;resource_model_scheduler@0x00b0c0f4;compat_list_scheduler@0x00b0c104
InterblockDf@0x00b0d908	0x00b0d908	InterblockDf	6	2	optimizer/analysis:6	InterblockDf@0x00b0d908;IndDataFlow@0x00b0e83c;RBFwdDataFlow@0x00b0e84c;RBBkwdDataFlow@0x00b0e85c;RegReNameBkwdDataFlow@0x00b0e86c;VNFwdDataFlow@0x00b0ed44
ObjectVisitor@0x00ac0198	0x00ac0198	ObjectVisitor	5	1	optimizer/analysis:3;IR/object-model:1;other:1	ObjectVisitor@0x00ac0198;VectorOpsAnalyzer@0x00ac01a8;SizeVisitor@0x00ac01b8;RearrangeVisitor@0x00ac01c8;RearrangeReplacer@0x00ac01d8
ObjectVisitor@0x00add7c0	0x00add7c0	ObjectVisitor	5	1	other:2;optimizer/analysis:2;IR/object-model:1	ObjectVisitor@0x00add7c0;SearchForLinPlusConst@0x00add7d0;qderef_collector@0x00add7e0;NonTailcallVisitor@0x00addc98;DangerousVisitor@0x00addca8
peep_transformer@0x00b01e58	0x00b01e58	peep_transformer	5	1	other:4;optimizer/analysis:1	peep_transformer@0x00b01e58;pt_condcodes@0x00b01e68;pt_dead@0x00b01e78;pt_alias@0x00b01e88;pt_const@0x00b01e98
std_exception@0x00b0f5dc	0x00b0f5dc	std::exception	5	2	runtime/std:5	std::exception@0x00b0f5dc;std::bad_alloc@0x00b0f5ec;std::logic_error@0x00b0f5fc;std::length_error@0x00b0f60c;std::out_of_range@0x00b0f61c
std_exception@0x00b10f10	0x00b10f10	std::exception	5	2	runtime/std:5	std::exception@0x00b10f10;std::bad_alloc@0x00b10f20;std::logic_error@0x00b10f30;std::length_error@0x00b10f40;std::out_of_range@0x00b10f50
IndInst_instop@0x00b11f18	0x00b11f18	IndInst::instop	5	1	other:5	IndInst::instop@0x00b11f18;IndInst::instopreg@0x00b11f28;IndInst::instopimm@0x00b11f38;IndInst::instopcomp@0x00b11f48;IndInst::instopreglist@0x00b11f58
OutputGen@0x00b12800	0x00b12800	OutputGen	5	1	other:5	OutputGen@0x00b12800;SimpleOutputGen@0x00b12810;FileOutputGen@0x00b12820;BufferOutputGen@0x00b12830;DebugOutputGen@0x00b12840
std_exception@0x00bd48a0	0x00bd48a0	std::exception	5	2	runtime/std:5	std::exception@0x00bd48a0;std::bad_alloc@0x00bd48b0;std::logic_error@0x00bd48c0;std::length_error@0x00bd48d0;std::out_of_range@0x00bd48e0
std_exception@0x00ac0a18	0x00ac0a18	std::exception	4	2	runtime/std:4	std::exception@0x00ac0a18;std::bad_alloc@0x00ac0a28;std::logic_error@0x00ac0a38;std::out_of_range@0x00ac0a48
InterblockDf@0x00acf300	0x00acf300	InterblockDf	4	1	optimizer/analysis:4	InterblockDf@0x00acf300;TouchesDf@0x00acf6d0;LivenessDf@0x00acf6e0;PostLivenessDf@0x00acf6f0
ObjectVisitor@0x00ad2ad4	0x00ad2ad4	ObjectVisitor	4	1	other:3;IR/object-model:1	ObjectVisitor@0x00ad2ad4;WriteLocFinder@0x00ad2ae4;InitFinder@0x00ad2af4;VolatileFinder@0x00ad4ce8
pl_void@0x00b05398	0x00b05398	pl_void	4	1	other:4	pl_void@0x00b05398;pl_apply_readers@0x00b053b8;vn_advisor_advance_src_writes::find_dup_read@0x00b05c64;vn_advisor_advance_src_writes::find_copy@0x00b05c74
pl_void@0x00b05d10	0x00b05d10	pl_void	4	1	other:4	pl_void@0x00b05d10;mark_undead@0x00b05d20;pl_apply_readers@0x00b05d30;save_vnpl@0x00b05d40
std_exception@0x00b06c6c	0x00b06c6c	std::exception	4	2	runtime/std:4	std::exception@0x00b06c6c;std::bad_alloc@0x00b06c7c;std::logic_error@0x00b06c8c;std::out_of_range@0x00b06c9c
MachopVisitor@0x00b09ac8	0x00b09ac8	MachopVisitor	4	1	optimizer/analysis:2;other:2	MachopVisitor@0x00b09ac8;MachopChecker@0x00b09ad8;MachopBitoffsetClearer@0x00b09ae8;AddMachopVisitor@0x00b09af8
alloc_table@0x00b0a500	0x00b0a500	alloc_table	4	1	register-allocation:4	alloc_table@0x00b0a500;alloc_table_hash@0x00b0a5c8;alloc_table_btree@0x00b0a5d8;alloc_table_bcl@0x00b0a5e8
obj_iter@0x00b0d3b8	0x00b0d3b8	obj_iter	4	1	other:4	obj_iter@0x00b0d3b8;singleton_iter@0x00b0d3c8;objectlist_iter@0x00b0d3f8;var_map<objectlist>::var_map_iter@0x00b0d418
backend_dataflow@0x00b0e82c	0x00b0e82c	backend_dataflow	4	3	other:3;optimizer/analysis:1	backend_t@0x00abfe94;backend_basetype@0x00afc4e0;backend_basetype2@0x00b0b784;backend_dataflow@0x00b0e82c
pl_void@0x00b0e92c	0x00b0e92c	pl_void	4	1	other:4	pl_void@0x00b0e92c;mark_undead@0x00b0e93c;apply_and_kill_vol_readers@0x00b0e94c;inst_dist@0x00b0ed54
std_exception@0x00b0f1ec	0x00b0f1ec	std::exception	4	2	runtime/std:4	std::exception@0x00b0f1ec;std::bad_alloc@0x00b0f1fc;std::logic_error@0x00b0f20c;std::length_error@0x00b0f21c
std_exception@0x00b11aa8	0x00b11aa8	std::exception	4	2	runtime/std:4	std::exception@0x00b11aa8;std::bad_alloc@0x00b11ab8;std::logic_error@0x00b11ac8;std::length_error@0x00b11ad8
std_exception@0x00b12008	0x00b12008	std::exception	4	2	runtime/std:4	std::exception@0x00b12008;std::bad_alloc@0x00b12018;std::logic_error@0x00b12028;std::length_error@0x00b12038
ObjectVisitor@0x00ace4c8	0x00ace4c8	ObjectVisitor	3	1	other:2;IR/object-model:1	ObjectVisitor@0x00ace4c8;FixupEHBlock@0x00ace4d8;FixupEH@0x00ace514
ObjectVisitor@0x00ad1ea0	0x00ad1ea0	ObjectVisitor	3	1	IR/object-model:1;other:1;optimizer/analysis:1	ObjectVisitor@0x00ad1ea0;FloatConversionFinder@0x00ad1eb0;DottedVectorVisitor@0x00ad1ec0
AliasAnalyzer@0x00aff0cc	0x00aff0cc	AliasAnalyzer	3	1	optimizer/analysis:3	AliasAnalyzer@0x00aff0cc;TimeAccurateAliasAnalyzer@0x00aff0dc;BooleanAccurateAliasAnalyzer@0x00aff0ec
ObjectVisitor@0x00b01ed0	0x00b01ed0	ObjectVisitor	3	2	other:2;IR/object-model:1	ObjectVisitor@0x00b01ed0;nonstandard_type_handler@0x00b020a0;bytereverser@0x00b020b0
ObjectVisitor@0x00b04530	0x00b04530	ObjectVisitor	3	1	other:2;IR/object-model:1	ObjectVisitor@0x00b04530;ReferenceFinder@0x00b04540;DependencyFinder@0x00b047a4
ObjectVisitor@0x00b051e0	0x00b051e0	ObjectVisitor	3	1	other:2;IR/object-model:1	ObjectVisitor@0x00b051e0;ExprChecker@0x00b0523c;UniquesnumChecker@0x00b0524c
ObjectVisitor@0x00b06c1c	0x00b06c1c	ObjectVisitor	3	1	IR/object-model:1;other:1;optimizer/analysis:1	ObjectVisitor@0x00b06c1c;VarMarker2@0x00b06c3c;weak_call_visitor@0x00b06c4c
MachopVisitor@0x00b06c2c	0x00b06c2c	MachopVisitor	3	1	optimizer/analysis:3	MachopVisitor@0x00b06c2c;Split64TestVisitor@0x00b06c5c;Split64DoVisitor@0x00b07ef0
MachopVisitor@0x00b080a0	0x00b080a0	MachopVisitor	3	1	other:2;optimizer/analysis:1	MachopVisitor@0x00b080a0;MachopObjectInvalidator@0x00b080b0;MachopImmpropClearer@0x00b080c0
forEachFunctor_crossblock_preads_fix_entry@0x00b09bfc	0x00b09bfc	forEachFunctor<crossblock_preads_fix_entry *>	3	1	other:3	forEachFunctor<crossblock_preads_fix_entry *>@0x00b09bfc;fcpfl@0x00b09c0c;a2pf@0x00b09c1c
ScopeTreeVisitor@0x00acd034	0x00acd034	ScopeTreeVisitor	2	1	optimizer/analysis:1;other:1	ScopeTreeVisitor@0x00acd034;ClearCopiedScopeTreeInfo@0x00acd074
ScopeTreeVisitor@0x00ad0fcc	0x00ad0fcc	ScopeTreeVisitor	2	1	optimizer/analysis:1;other:1	ScopeTreeVisitor@0x00ad0fcc;DoInlineIncrScopes@0x00ad102c
ObjectVisitor@0x00ad1e08	0x00ad1e08	ObjectVisitor	2	1	IR/object-model:1;other:1	ObjectVisitor@0x00ad1e08;IfopFinder@0x00ad1e18
ObjectVisitor@0x00addce8	0x00addce8	ObjectVisitor	2	1	IR/object-model:1;optimizer/analysis:1	ObjectVisitor@0x00addce8;ExceptionVisitor@0x00addcf8
ObjectVisitor@0x00afcb18	0x00afcb18	ObjectVisitor	2	1	IR/object-model:1;other:1	ObjectVisitor@0x00afcb18;VariableReplacerOnce@0x00afcb28
InterblockDf@0x00aff4ac	0x00aff4ac	InterblockDf	2	1	optimizer/analysis:1;other:1	InterblockDf@0x00aff4ac;CheckerFlow@0x00b01680
ObjectVisitor@0x00b03c88	0x00b03c88	ObjectVisitor	2	1	IR/object-model:1;other:1	ObjectVisitor@0x00b03c88;VarrefFinder@0x00b03c98
ObjectVisitor@0x00b049b0	0x00b049b0	ObjectVisitor	2	1	IR/object-model:1;optimizer/analysis:1	ObjectVisitor@0x00b049b0;ReplaceExprStrVisitor@0x00b051a0
ws_interface@0x00b0b7b8	0x00b0b7b8	ws_interface	2	1	other:1;scheduler:1	ws_interface@0x00b0b7b8;ls_window_scheduler@0x00b0c114
var_multimap@0x00b0d3d8	0x00b0d3d8	var_multimap	2	1	other:2	var_multimap@0x00b0d3d8;var_multimap_impl@0x00b0d408
var_disjointsets@0x00b0d3e8	0x00b0d3e8	var_disjointsets	2	1	other:2	var_disjointsets@0x00b0d3e8;var_disjointsets_impl@0x00b0d428
obj_iter@0x00b0d5c8	0x00b0d5c8	obj_iter	2	1	other:2	obj_iter@0x00b0d5c8;var_map<objectlist>::var_map_iter@0x00b0d5d8
obj_iter@0x00b0d680	0x00b0d680	obj_iter	2	1	other:2	obj_iter@0x00b0d680;objpairlist_searchiter@0x00b0d8b8
update_listener_object_variable@0x00b0d690	0x00b0d690	update_listener<object_variable>	2	1	other:1;register-allocation:1	update_listener<object_variable>@0x00b0d690;spill_variable_set::listener@0x00b0d6a0
std_exception@0x00b12cf4	0x00b12cf4	std::exception	2	1	runtime/std:2	std::exception@0x00b12cf4;std::bad_alloc@0x00b12d04
vn_advisor@0x00abf018	0x00abf018	vn_advisor	1	0	other:1	vn_advisor@0x00abf018
InterblockDf@0x00b0e91c	0x00b0e91c	InterblockDf	1	0	optimizer/analysis:1	InterblockDf@0x00b0e91c
ScavengingFixup@0x00b0edf0	0x00b0edf0	ScavengingFixup	1	0	other:1	ScavengingFixup@0x00b0edf0
register_map@0x00b1154c	0x00b1154c	register_map	1	0	register-allocation:1	register_map@0x00b1154c
Disassembler@0x00b1155c	0x00b1155c	Disassembler	1	0	other:1	Disassembler@0x00b1155c
IndInst_IndInstInterface@0x00b125a0	0x00b125a0	IndInst::IndInstInterface	1	0	other:1	IndInst::IndInstInterface@0x00b125a0
std_type_info@0x00bd49a0	0x00bd49a0	std::type_info	1	0	runtime/std:1	std::type_info@0x00bd49a0
