function_va	function_name	class_record_va	class_name	family_root_name	role_hypothesis	confidence	store_ref_count	xref_count	own_virtual_slots	classes_touched_by_function	class_chain_coherent	nearest_preceding_virtual_gap	xref_addresses	instructions	suggested_label
0x004014f7	FUN_004014f7	0x00abf0b0	vn_advisor_ppc_consolshift	vn_advisor	constructor_like_final_type	0.88	1	2		3	true		0x00401554,0x00401559	MOV ECX,0xabf06c || MOV dword ptr [EAX + 0x8],ECX	vn_advisor_ppc_consolshift__constructor_like_final_type
0x004014f7	FUN_004014f7	0x00b05b34	vn_advisor_consol	vn_advisor	base_subobject_vptr_write	0.76	1	2		3	true		0x00401536,0x0040153b	MOV ECX,0xb05934 || MOV dword ptr [EAX + 0x8],ECX	vn_advisor_consol__base_subobject_vptr_write
0x004014f7	FUN_004014f7	0x00b05b54	vn_advisor_consolshift	vn_advisor	base_subobject_vptr_write	0.76	1	2		3	true		0x0040153e,0x00401543	MOV ECX,0xb059b4 || MOV dword ptr [EAX + 0x8],ECX	vn_advisor_consolshift__base_subobject_vptr_write
0x00405200	FUN_00405200	0x00abf270	std::exception	std::exception	vtable_reference	0.34	0	1		2	true		0x0040523b	MOV ECX,0xabf1b0	std_exception__vtable_reference
0x00405200	FUN_00405200	0x00abf280	std::bad_alloc	std::exception	vtable_reference	0.34	0	1		2	true		0x0040524b	MOV EAX,0xabf1d0	std_bad_alloc__vtable_reference
0x004059d8	FUN_004059d8	0x00abf270	std::exception	std::exception	base_subobject_vptr_write	0.76	1	2		3	true		0x00405a68,0x00405a6d	MOV ECX,0xabf1b0 || MOV dword ptr [EBP + -0x28],ECX	std_exception__base_subobject_vptr_write
0x004059d8	FUN_004059d8	0x00abf290	std::logic_error	std::exception	base_subobject_vptr_write	0.76	1	2		3	true		0x00405a73,0x00405a78	MOV EAX,0xabf1f0 || MOV dword ptr [EBP + -0x28],EAX	std_logic_error__base_subobject_vptr_write
0x004059d8	FUN_004059d8	0x00abf2a0	std::out_of_range	std::exception	constructor_like_final_type	0.88	1	2		3	true		0x00405cda,0x00405cdf	MOV EAX,0xabf210 || MOV dword ptr [EBP + -0x28],EAX	std_out_of_range__constructor_like_final_type
0x00405fae	FUN_00405fae	0x00abf270	std::exception	std::exception	base_subobject_vptr_write	0.76	1	2		3	true		0x0040600b,0x00406010	MOV ECX,0xabf1b0 || MOV dword ptr [EBP + -0x28],ECX	std_exception__base_subobject_vptr_write
0x00405fae	FUN_00405fae	0x00abf2b0	std::runtime_error	std::exception	base_subobject_vptr_write	0.76	1	2		3	true		0x00406016,0x0040601b	MOV EAX,0xabf230 || MOV dword ptr [EBP + -0x28],EAX	std_runtime_error__base_subobject_vptr_write
0x00405fae	FUN_00405fae	0x00abf2c0	std::overflow_error	std::exception	constructor_like_final_type	0.88	1	2		3	true		0x0040627d,0x00406282	MOV EAX,0xabf250 || MOV dword ptr [EBP + -0x28],EAX	std_overflow_error__constructor_like_final_type
0x0042226d	FUN_0042226d	0x00abf270	std::exception	std::exception	base_subobject_vptr_write	0.76	3	6		3	true		0x004223a7,0x004223ac,0x00422799,0x0042279e,0x00422afc,0x00422b01	MOV EAX,0xabf1b0 || MOV ECX,0xabf1b0 || MOV dword ptr [EBP + -0x2c],EAX || MOV dword ptr [EBP + -0x6c],ECX || MOV dword ptr [EBP + 0xffffff54],ECX	std_exception__base_subobject_vptr_write
0x0042226d	FUN_0042226d	0x00abf290	std::logic_error	std::exception	base_subobject_vptr_write	0.76	3	6		3	true		0x004223b8,0x004223bd,0x004227a4,0x004227a9,0x00422b07,0x00422b0c	MOV EAX,0xabf1f0 || MOV dword ptr [EBP + -0x2c],EAX || MOV dword ptr [EBP + -0x6c],EAX || MOV dword ptr [EBP + 0xffffff54],EAX	std_logic_error__base_subobject_vptr_write
0x0042226d	FUN_0042226d	0x00abf2a0	std::out_of_range	std::exception	constructor_like_final_type	0.88	3	6		3	true		0x0042268e,0x00422693,0x00422a0b,0x00422a10,0x00422d7a,0x00422d7f	MOV EAX,0xabf210 || MOV dword ptr [EBP + -0x2c],EAX || MOV dword ptr [EBP + -0x6c],EAX || MOV dword ptr [EBP + 0xffffff54],EAX	std_out_of_range__constructor_like_final_type
0x00422ff4	FUN_00422ff4	0x00abf270	std::exception	std::exception	base_subobject_vptr_write	0.76	2	4		3	true		0x004231df,0x004231e4,0x00423531,0x00423536	MOV ECX,0xabf1b0 || MOV dword ptr [EBP + -0x34],ECX || MOV dword ptr [EBP + -0x74],ECX	std_exception__base_subobject_vptr_write
0x00422ff4	FUN_00422ff4	0x00abf290	std::logic_error	std::exception	base_subobject_vptr_write	0.76	2	4		3	true		0x004231ea,0x004231ef,0x0042353c,0x00423541	MOV EAX,0xabf1f0 || MOV dword ptr [EBP + -0x34],EAX || MOV dword ptr [EBP + -0x74],EAX	std_logic_error__base_subobject_vptr_write
0x00422ff4	FUN_00422ff4	0x00abf2a0	std::out_of_range	std::exception	constructor_like_final_type	0.88	2	4		3	true		0x00423451,0x00423456,0x004237af,0x004237b4	MOV EAX,0xabf210 || MOV dword ptr [EBP + -0x34],EAX || MOV dword ptr [EBP + -0x74],EAX	std_out_of_range__constructor_like_final_type
0x00424ceb	FUN_00424ceb	0x00abfe94	backend_t	backend_dataflow	constructor_like_final_type	0.88	1	2		2	true		0x00424e1c,0x00424e21	MOV EAX,0xabf65c || MOV dword ptr [EBX],EAX	backend_t__constructor_like_final_type
0x00424ceb	FUN_00424ceb	0x00b0b784	backend_basetype2	backend_dataflow	base_subobject_vptr_write	0.76	1	2		2	true		0x00424e15,0x00424e1a	MOV EAX,0xb0af4c || MOV dword ptr [EBX],EAX	backend_basetype2__base_subobject_vptr_write
0x00424ef0	FUN_00424ef0	0x00abff98	std::exception	std::exception	vtable_reference	0.34	0	1		2	true		0x00424f2b	MOV ECX,0xabfed8	std_exception__vtable_reference
0x00424ef0	FUN_00424ef0	0x00abffa8	std::bad_alloc	std::exception	vtable_reference	0.34	0	1		2	true		0x00424f3b	MOV EAX,0xabfef8	std_bad_alloc__vtable_reference
0x004256c8	FUN_004256c8	0x00abff98	std::exception	std::exception	base_subobject_vptr_write	0.76	1	2		3	true		0x00425758,0x0042575d	MOV ECX,0xabfed8 || MOV dword ptr [EBP + -0x28],ECX	std_exception__base_subobject_vptr_write
0x004256c8	FUN_004256c8	0x00abffb8	std::logic_error	std::exception	base_subobject_vptr_write	0.76	1	2		3	true		0x00425763,0x00425768	MOV EAX,0xabff18 || MOV dword ptr [EBP + -0x28],EAX	std_logic_error__base_subobject_vptr_write
0x004256c8	FUN_004256c8	0x00abffc8	std::out_of_range	std::exception	constructor_like_final_type	0.88	1	2		3	true		0x004259ca,0x004259cf	MOV EAX,0xabff38 || MOV dword ptr [EBP + -0x28],EAX	std_out_of_range__constructor_like_final_type
0x00425b92	FUN_00425b92	0x00abff98	std::exception	std::exception	base_subobject_vptr_write	0.76	1	2		3	true		0x00425bef,0x00425bf4	MOV ECX,0xabfed8 || MOV dword ptr [EBP + -0x28],ECX	std_exception__base_subobject_vptr_write
0x00425b92	FUN_00425b92	0x00abffd8	std::runtime_error	std::exception	base_subobject_vptr_write	0.76	1	2		3	true		0x00425bfa,0x00425bff	MOV EAX,0xabff58 || MOV dword ptr [EBP + -0x28],EAX	std_runtime_error__base_subobject_vptr_write
0x00425b92	FUN_00425b92	0x00abffe8	std::overflow_error	std::exception	constructor_like_final_type	0.88	1	2		3	true		0x00425e61,0x00425e66	MOV EAX,0xabff78 || MOV dword ptr [EBP + -0x28],EAX	std_overflow_error__constructor_like_final_type
0x0043a6d0	FUN_0043a6d0	0x00ac0a18	std::exception	std::exception	vtable_reference	0.34	0	1		2	true		0x0043a70b	MOV ECX,0xac0998	std_exception__vtable_reference
0x0043a6d0	FUN_0043a6d0	0x00ac0a28	std::bad_alloc	std::exception	vtable_reference	0.34	0	1		2	true		0x0043a71b	MOV EAX,0xac09b8	std_bad_alloc__vtable_reference
0x0043adf7	FUN_0043adf7	0x00ac0a18	std::exception	std::exception	base_subobject_vptr_write	0.76	1	2		3	true		0x0043ae87,0x0043ae8c	MOV ECX,0xac0998 || MOV dword ptr [EBP + -0x28],ECX	std_exception__base_subobject_vptr_write
0x0043adf7	FUN_0043adf7	0x00ac0a38	std::logic_error	std::exception	base_subobject_vptr_write	0.76	1	2		3	true		0x0043ae92,0x0043ae97	MOV EAX,0xac09d8 || MOV dword ptr [EBP + -0x28],EAX	std_logic_error__base_subobject_vptr_write
0x0043adf7	FUN_0043adf7	0x00ac0a48	std::out_of_range	std::exception	constructor_like_final_type	0.88	1	2		3	true	17	0x0043b0f9,0x0043b0fe	MOV EAX,0xac09f8 || MOV dword ptr [EBP + -0x28],EAX	std_out_of_range__constructor_like_final_type
0x00486b99	FUN_00486b99	0x00ac5960	g4_resource_scheduler	list_scheduler	constructor_like	0.93	1	2		1	true	9	0x00486bcc,0x00486bd1	MOV EAX,0xac5810 || MOV dword ptr [EBX + 0x3c],EAX	g4_resource_scheduler__constructor_like
0x00487f60	FUN_00487f60	0x00ac5970	ppc970_resource_scheduler	list_scheduler	constructor_like	0.93	1	2		1	true		0x00487f95,0x00487f9a	MOV EAX,0xac5880 || MOV dword ptr [EBX + 0x3c],EAX	ppc970_resource_scheduler__constructor_like
0x0048a79c	FUN_0048a79c	0x00ac5980	ame_resource_scheduler	list_scheduler	constructor_like	0.93	1	2		1	true		0x0048a7cf,0x0048a7d4	MOV EAX,0xac58f0 || MOV dword ptr [EBX + 0x3c],EAX	ame_resource_scheduler__constructor_like
0x004aad62	FUN_004aad62	0x00ace1d0	objectdata	objectdata	multi_type_factory_or_dispatch	0.46	1	72		37	false		0x004aaf93,0x004aaf98,0x004ab039,0x004ab03e,0x004ab0bf,0x004ab0c4,0x004ab14c,0x004ab151,0x004ab25e,0x004ab263,0x004ab34f,0x004ab354,0x004ab4d4,0x004ab4d9,0x004ab5f3,0x004ab5f8,0x004ab6dc,0x004ab6e1,0x004ab7af,0x004ab7b4,0x004aba1c,0x004aba21,0x004abab8,0x004ababd,0x004abb5e,0x004abb63,0x004abbfb,0x004abc00,0x004abc8f,0x004abc94,0x004abd3f,0x004abd44,0x004abddb,0x004abde0,0x004abe74,0x004abe79,0x004abee4,0x004abee9,0x004abf54,0x004abf59,0x004ac023,0x004ac028,0x004ac093,0x004ac098,0x004ac103,0x004ac108,0x004ac19d,0x004ac1a2,0x004ac214,0x004ac219,0x004ac28b,0x004ac290,0x004ac302,0x004ac307,0x004ac372,0x004ac377,0x004ac3f7,0x004ac3fc,0x004ac467,0x004ac46c,0x004ac4d7,0x004ac4dc,0x004ac54c,0x004ac551,0x004ac5bc,0x004ac5c1,0x004ac62c,0x004ac631,0x004ac6ae,0x004ac6b3,0x004ac739,0x004ac73e	MOV ECX,0xacdd90 || MOV dword ptr [EAX + 0x14],ECX	objectdata__multi_type_factory_or_dispatch
0x004aad62	FUN_004aad62	0x00ace1e0	objectdata_twoop	objectdata	multi_type_factory_or_dispatch	0.46	1	2		37	false		0x004aafa1,0x004aafa6	MOV ECX,0xacdda8 || MOV dword ptr [EAX + 0x14],ECX	objectdata_twoop__multi_type_factory_or_dispatch
0x004aad62	FUN_004aad62	0x00ace1f0	objectdata_arrayop	objectdata	multi_type_factory_or_dispatch	0.46	1	2		37	false		0x004abd4d,0x004abd52	MOV ECX,0xacddc0 || MOV dword ptr [EAX + 0x14],ECX	objectdata_arrayop__multi_type_factory_or_dispatch
0x004aad62	FUN_004aad62	0x00ace200	objectdata_vectorop	objectdata	multi_type_factory_or_dispatch	0.46	1	2		37	false		0x004abde9,0x004abdee	MOV ECX,0xacddd8 || MOV dword ptr [EAX + 0x14],ECX	objectdata_vectorop__multi_type_factory_or_dispatch
0x004aad62	FUN_004aad62	0x00ace210	objectdata_compoundop	objectdata	multi_type_factory_or_dispatch	0.46	1	2		37	false		0x004ac63a,0x004ac63f	MOV ECX,0xacddf0 || MOV dword ptr [EAX + 0x14],ECX	objectdata_compoundop__multi_type_factory_or_dispatch
0x004aad62	FUN_004aad62	0x00ace220	objectdata_magictype	objectdata	multi_type_factory_or_dispatch	0.46	1	2		37	false		0x004ac5ca,0x004ac5cf	MOV ECX,0xacde08 || MOV dword ptr [EAX + 0x14],ECX	objectdata_magictype__multi_type_factory_or_dispatch
0x004aad62	FUN_004aad62	0x00ace230	objectdata_qindex	objectdata	multi_type_factory_or_dispatch	0.46	1	2		37	false		0x004abe82,0x004abe87	MOV ECX,0xacde20 || MOV dword ptr [EAX + 0x14],ECX	objectdata_qindex__multi_type_factory_or_dispatch
0x004aad62	FUN_004aad62	0x00ace240	objectdata_dot	objectdata	multi_type_factory_or_dispatch	0.46	1	2		37	false		0x004abef2,0x004abef7	MOV ECX,0xacde38 || MOV dword ptr [EAX + 0x14],ECX	objectdata_dot__multi_type_factory_or_dispatch
0x004aad62	FUN_004aad62	0x00ace250	objectdata_recordtyp	objectdata	multi_type_factory_or_dispatch	0.46	1	2		37	false		0x004ab35d,0x004ab362	MOV ECX,0xacde50 || MOV dword ptr [EAX + 0x14],ECX	objectdata_recordtyp__multi_type_factory_or_dispatch
0x004aad62	FUN_004aad62	0x00ace260	objectdata_subrangeop	objectdata	multi_type_factory_or_dispatch	0.46	1	2		37	false		0x004ab15a,0x004ab15f	MOV ECX,0xacde68 || MOV dword ptr [EAX + 0x14],ECX	objectdata_subrangeop__multi_type_factory_or_dispatch
0x004aad62	FUN_004aad62	0x00ace270	objectdata_call	objectdata	multi_type_factory_or_dispatch	0.46	1	2		37	false		0x004abf62,0x004abf67	MOV ECX,0xacde80 || MOV dword ptr [EAX + 0x14],ECX	objectdata_call__multi_type_factory_or_dispatch
0x004aad62	FUN_004aad62	0x00ace280	objectdata_rouconstr	objectdata	multi_type_factory_or_dispatch	0.46	1	2		37	false		0x004ab0cd,0x004ab0d2	MOV ECX,0xacde98 || MOV dword ptr [EAX + 0x14],ECX	objectdata_rouconstr__multi_type_factory_or_dispatch
0x004aad62	FUN_004aad62	0x00ace290	objectdata_entryop	objectdata	multi_type_factory_or_dispatch	0.46	1	2		37	false		0x004ac475,0x004ac47a	MOV ECX,0xacdeb0 || MOV dword ptr [EAX + 0x14],ECX	objectdata_entryop__multi_type_factory_or_dispatch
0x004aad62	FUN_004aad62	0x00ace2a0	objectdata_statfunc	objectdata	multi_type_factory_or_dispatch	0.46	1	2		37	false		0x004ac4e5,0x004ac4ea	MOV ECX,0xacdec8 || MOV dword ptr [EAX + 0x14],ECX	objectdata_statfunc__multi_type_factory_or_dispatch
0x004aad62	FUN_004aad62	0x00ace2b0	objectdata_qaddrs	objectdata	multi_type_factory_or_dispatch	0.46	1	2		37	false		0x004ac031,0x004ac036	MOV ECX,0xacdee0 || MOV dword ptr [EAX + 0x14],ECX	objectdata_qaddrs__multi_type_factory_or_dispatch
0x004aad62	FUN_004aad62	0x00ace2c0	objectdata_variable	objectdata	multi_type_factory_or_dispatch	0.46	1	2		37	false		0x004ab047,0x004ab04c	MOV ECX,0xacdef8 || MOV dword ptr [EAX + 0x14],ECX	objectdata_variable__multi_type_factory_or_dispatch
0x004aad62	FUN_004aad62	0x00ace2d0	objectdata_varfield	objectdata	multi_type_factory_or_dispatch	0.46	1	2		37	false		0x004ab26c,0x004ab271	MOV ECX,0xacdf10 || MOV dword ptr [EAX + 0x14],ECX	objectdata_varfield__multi_type_factory_or_dispatch
0x004aad62	FUN_004aad62	0x00ace2e0	objectdata_generic	objectdata	multi_type_factory_or_dispatch	0.46	1	2		37	false		0x004ac0a1,0x004ac0a6	MOV ECX,0xacdf28 || MOV dword ptr [EAX + 0x14],ECX	objectdata_generic__multi_type_factory_or_dispatch
0x004aad62	FUN_004aad62	0x00ace2f0	objectdata_scalconst	objectdata	multi_type_factory_or_dispatch	0.46	1	2		37	false		0x004ac111,0x004ac116	MOV ECX,0xacdf40 || MOV dword ptr [EAX + 0x14],ECX	objectdata_scalconst__multi_type_factory_or_dispatch
0x004aad62	FUN_004aad62	0x00ace300	objectdata_floatconst	objectdata	multi_type_factory_or_dispatch	0.46	1	2		37	false		0x004ab4e2,0x004ab4e7	MOV ECX,0xacdf58 || MOV dword ptr [EAX + 0x14],ECX	objectdata_floatconst__multi_type_factory_or_dispatch
0x004aad62	FUN_004aad62	0x00ace310	objectdata_strconst	objectdata	multi_type_factory_or_dispatch	0.46	1	2		37	false		0x004ab601,0x004ab606	MOV ECX,0xacdf70 || MOV dword ptr [EAX + 0x14],ECX	objectdata_strconst__multi_type_factory_or_dispatch
0x004aad62	FUN_004aad62	0x00ace330	objectdata_complexop	objectdata	multi_type_factory_or_dispatch	0.46	1	2		37	false		0x004ac405,0x004ac40a	MOV ECX,0xacdfa0 || MOV dword ptr [EAX + 0x14],ECX	objectdata_complexop__multi_type_factory_or_dispatch
0x004aad62	FUN_004aad62	0x00ace340	objectdata_data	objectdata	multi_type_factory_or_dispatch	0.46	1	2		37	false		0x004ab6ea,0x004ab6ef	MOV ECX,0xacdfb8 || MOV dword ptr [EAX + 0x14],ECX	objectdata_data__multi_type_factory_or_dispatch
0x004aad62	FUN_004aad62	0x00ace350	objectdata_qjcond	objectdata	multi_type_factory_or_dispatch	0.46	1	2		37	false		0x004ac1ab,0x004ac1b0	MOV ECX,0xacdfd0 || MOV dword ptr [EAX + 0x14],ECX	objectdata_qjcond__multi_type_factory_or_dispatch
0x004aad62	FUN_004aad62	0x00ace360	objectdata_qjmp	objectdata	multi_type_factory_or_dispatch	0.46	1	2		37	false		0x004ac222,0x004ac227	MOV ECX,0xacdfe8 || MOV dword ptr [EAX + 0x14],ECX	objectdata_qjmp__multi_type_factory_or_dispatch
0x004aad62	FUN_004aad62	0x00ace370	objectdata_qjtab	objectdata	multi_type_factory_or_dispatch	0.46	1	2		37	false		0x004ac299,0x004ac29e	MOV ECX,0xace000 || MOV dword ptr [EAX + 0x14],ECX	objectdata_qjtab__multi_type_factory_or_dispatch
0x004aad62	FUN_004aad62	0x00ace380	objectdata_arithifi	objectdata	multi_type_factory_or_dispatch	0.46	1	2		37	false		0x004ac310,0x004ac315	MOV ECX,0xace018 || MOV dword ptr [EAX + 0x14],ECX	objectdata_arithifi__multi_type_factory_or_dispatch
0x004aad62	FUN_004aad62	0x00ace390	objectdata_ifop	objectdata	multi_type_factory_or_dispatch	0.46	1	2		37	false		0x004ac380,0x004ac385	MOV ECX,0xace030 || MOV dword ptr [EAX + 0x14],ECX	objectdata_ifop__multi_type_factory_or_dispatch
0x004aad62	FUN_004aad62	0x00ace3a0	objectdata_predcode	objectdata	multi_type_factory_or_dispatch	0.46	1	2		37	false		0x004ac6bc,0x004ac6c1	MOV ECX,0xace048 || MOV dword ptr [EAX + 0x14],ECX	objectdata_predcode__multi_type_factory_or_dispatch
0x004aad62	FUN_004aad62	0x00ace3b0	objectdata_block	objectdata	multi_type_factory_or_dispatch	0.46	1	2		37	false		0x004ab7bd,0x004ab7c2	MOV ECX,0xace060 || MOV dword ptr [EAX + 0x14],ECX	objectdata_block__multi_type_factory_or_dispatch
0x004aad62	FUN_004aad62	0x00ace3d0	objectdata_fourop	objectdata	multi_type_factory_or_dispatch	0.46	1	2		37	false		0x004ac55a,0x004ac55f	MOV ECX,0xace090 || MOV dword ptr [EAX + 0x14],ECX	objectdata_fourop__multi_type_factory_or_dispatch
0x004aad62	FUN_004aad62	0x00ace3e0	objectdata_casm	objectdata	multi_type_factory_or_dispatch	0.46	1	2		37	false		0x004abc9d,0x004abca2	MOV ECX,0xace0a8 || MOV dword ptr [EAX + 0x14],ECX	objectdata_casm__multi_type_factory_or_dispatch
0x004aad62	FUN_004aad62	0x00ace3f0	objectdata_lineop	objectdata	multi_type_factory_or_dispatch	0.46	1	2		37	false		0x004aba2a,0x004aba2f	MOV ECX,0xace0c0 || MOV dword ptr [EAX + 0x14],ECX	objectdata_lineop__multi_type_factory_or_dispatch
0x004aad62	FUN_004aad62	0x00ace400	objectdata_commentop	objectdata	multi_type_factory_or_dispatch	0.46	1	2		37	false		0x004abac6,0x004abacb	MOV ECX,0xace0d8 || MOV dword ptr [EAX + 0x14],ECX	objectdata_commentop__multi_type_factory_or_dispatch
0x004aad62	FUN_004aad62	0x00ace410	objectdata_startscope	objectdata	multi_type_factory_or_dispatch	0.46	1	2		37	false		0x004abb6c,0x004abb71	MOV ECX,0xace0f0 || MOV dword ptr [EAX + 0x14],ECX	objectdata_startscope__multi_type_factory_or_dispatch
0x004aad62	FUN_004aad62	0x00ace420	objectdata_leavescope	objectdata	multi_type_factory_or_dispatch	0.46	1	2		37	false		0x004abc09,0x004abc0e	MOV ECX,0xace108 || MOV dword ptr [EAX + 0x14],ECX	objectdata_leavescope__multi_type_factory_or_dispatch
0x004aad62	FUN_004aad62	0x00ace440	objectdata_statexpr	objectdata	multi_type_factory_or_dispatch	0.46	1	2		37	false		0x004ac747,0x004ac74c	MOV ECX,0xace138 || MOV dword ptr [EAX + 0x14],ECX	objectdata_statexpr__multi_type_factory_or_dispatch
0x004e100f	FUN_004e100f	0x00ace628	std::exception	std::exception	vtable_reference	0.34	0	1		2	true		0x004e104a	MOV ECX,0xace558	std_exception__vtable_reference
0x004e100f	FUN_004e100f	0x00ace638	std::bad_alloc	std::exception	vtable_reference	0.34	0	1		2	true		0x004e105a	MOV EAX,0xace578	std_bad_alloc__vtable_reference
0x004e17e7	FUN_004e17e7	0x00ace628	std::exception	std::exception	base_subobject_vptr_write	0.76	1	2		3	true		0x004e1877,0x004e187c	MOV ECX,0xace558 || MOV dword ptr [EBP + -0x28],ECX	std_exception__base_subobject_vptr_write
0x004e17e7	FUN_004e17e7	0x00ace648	std::logic_error	std::exception	base_subobject_vptr_write	0.76	1	2		3	true		0x004e1882,0x004e1887	MOV EAX,0xace598 || MOV dword ptr [EBP + -0x28],EAX	std_logic_error__base_subobject_vptr_write
0x004e17e7	FUN_004e17e7	0x00ace658	std::out_of_range	std::exception	constructor_like_final_type	0.88	1	2		3	true		0x004e1ae9,0x004e1aee	MOV EAX,0xace5b8 || MOV dword ptr [EBP + -0x28],EAX	std_out_of_range__constructor_like_final_type
0x004e1cb1	FUN_004e1cb1	0x00ace628	std::exception	std::exception	base_subobject_vptr_write	0.76	1	2		3	true		0x004e1d0e,0x004e1d13	MOV ECX,0xace558 || MOV dword ptr [EBP + -0x28],ECX	std_exception__base_subobject_vptr_write
0x004e1cb1	FUN_004e1cb1	0x00ace668	std::runtime_error	std::exception	base_subobject_vptr_write	0.76	1	2		3	true		0x004e1d19,0x004e1d1e	MOV EAX,0xace5d8 || MOV dword ptr [EBP + -0x28],EAX	std_runtime_error__base_subobject_vptr_write
0x004e1cb1	FUN_004e1cb1	0x00ace678	std::overflow_error	std::exception	constructor_like_final_type	0.88	1	2		3	true		0x004e1f80,0x004e1f85	MOV EAX,0xace5f8 || MOV dword ptr [EBP + -0x28],EAX	std_overflow_error__constructor_like_final_type
0x004e68cd	FUN_004e68cd	0x00b12800	OutputGen	OutputGen	base_subobject_vptr_write	0.76	1	2		2	true		0x004e68d4,0x004e68d9	MOV EAX,0xb12738 || MOV dword ptr [EBP + -0x10],EAX	OutputGen__base_subobject_vptr_write
0x004e68cd	FUN_004e68cd	0x00b12810	SimpleOutputGen	OutputGen	constructor_like_final_type	0.88	1	2		2	true		0x004e68dc,0x004e68e1	MOV EAX,0xb12760 || MOV dword ptr [EBP + -0x10],EAX	SimpleOutputGen__constructor_like_final_type
0x004f31ef	FUN_004f31ef	0x00ace1d0	objectdata	objectdata	base_subobject_vptr_write	0.76	1	2		2	true		0x004f3204,0x004f3209	MOV ECX,0xacdd90 || MOV dword ptr [EBP + 0xffffff28],ECX	objectdata__base_subobject_vptr_write
0x004f31ef	FUN_004f31ef	0x00ace280	objectdata_rouconstr	objectdata	constructor_like_final_type	0.88	1	2		2	true		0x004f32fe,0x004f3303	MOV ECX,0xacde98 || MOV dword ptr [EBP + 0xffffff28],ECX	objectdata_rouconstr__constructor_like_final_type
0x00500fbc	run_liveness_dataflow	0x00acf300	InterblockDf	InterblockDf	constructor_or_type_switch	0.68	3	6		4	false		0x00501083,0x00501088,0x005010be,0x005010c3,0x005010f9,0x005010fe	MOV EAX,0xacf278 || MOV dword ptr [EBP + -0x20],EAX || MOV dword ptr [EBP + -0x38],EAX || MOV dword ptr [EBP + -0x8],EAX	InterblockDf__constructor_or_type_switch
0x00500fbc	run_liveness_dataflow	0x00acf6d0	TouchesDf	InterblockDf	constructor_or_type_switch	0.68	1	2		4	false		0x00501092,0x00501097	MOV EAX,0xacf688 || MOV dword ptr [EBP + -0x8],EAX	TouchesDf__constructor_or_type_switch
0x00500fbc	run_liveness_dataflow	0x00acf6e0	LivenessDf	InterblockDf	constructor_or_type_switch	0.68	1	2		4	false		0x005010cd,0x005010d2	MOV EAX,0xacf6a0 || MOV dword ptr [EBP + -0x20],EAX	LivenessDf__constructor_or_type_switch
0x00500fbc	run_liveness_dataflow	0x00acf6f0	PostLivenessDf	InterblockDf	constructor_or_type_switch	0.68	1	2		4	false		0x00501108,0x0050110d	MOV EAX,0xacf6b8 || MOV dword ptr [EBP + -0x38],EAX	PostLivenessDf__constructor_or_type_switch
0x00521778	FUN_00521778	0x00b12800	OutputGen	OutputGen	vtable_reference	0.34	0	1		2	true		0x0052177b	MOV EAX,0xb12738	OutputGen__vtable_reference
0x00521778	FUN_00521778	0x00b12810	SimpleOutputGen	OutputGen	vtable_reference	0.34	0	1		2	true		0x00521785	MOV EAX,0xb12760	SimpleOutputGen__vtable_reference
0x00526df0	FUN_00526df0	0x00ace1d0	objectdata	objectdata	constructor_or_type_switch	0.68	1	4		3	false		0x005271d6,0x005271db,0x00527297,0x0052729c	MOV ECX,0xacdd90 || MOV dword ptr [EAX + 0x14],ECX	objectdata__constructor_or_type_switch
0x00526df0	FUN_00526df0	0x00ace280	objectdata_rouconstr	objectdata	constructor_or_type_switch	0.68	1	2		3	false		0x005272a3,0x005272a8	MOV ECX,0xacde98 || MOV dword ptr [EAX + 0x14],ECX	objectdata_rouconstr__constructor_or_type_switch
0x00526df0	FUN_00526df0	0x00ace2c0	objectdata_variable	objectdata	constructor_or_type_switch	0.68	1	2		3	false		0x005271e2,0x005271e7	MOV ECX,0xacdef8 || MOV dword ptr [EAX + 0x14],ECX	objectdata_variable__constructor_or_type_switch
0x005592d9	FUN_005592d9	0x00ace1d0	objectdata	objectdata	base_subobject_vptr_write	0.76	1	2		2	true		0x005592e5,0x005592ea	MOV EAX,0xacdd90 || MOV dword ptr [EBP + -0x2c],EAX	objectdata__base_subobject_vptr_write
0x005592d9	FUN_005592d9	0x00ace1e0	objectdata_twoop	objectdata	constructor_like_final_type	0.88	1	2		2	true		0x005592f1,0x005592f6	MOV EAX,0xacdda8 || MOV dword ptr [EBP + -0x2c],EAX	objectdata_twoop__constructor_like_final_type
0x00576bbe	FUN_00576bbe	0x00ace1d0	objectdata	objectdata	vtable_reference	0.34	0	1		2	true		0x00576be4	MOV EAX,0xacdd90	objectdata__vtable_reference
0x00576bbe	FUN_00576bbe	0x00ace1e0	objectdata_twoop	objectdata	vtable_reference	0.34	0	1		2	true		0x00576bf5	MOV EAX,0xacdda8	objectdata_twoop__vtable_reference
0x005bac03	FUN_005bac03	0x00afc4e0	backend_basetype	backend_dataflow	constructor_like_final_type	0.88	1	2		2	true	59	0x005bac37,0x005bac3c	MOV EAX,0xafbb90 || MOV dword ptr [EBX],EAX	backend_basetype__constructor_like_final_type
0x005bac03	FUN_005bac03	0x00b0e82c	backend_dataflow	backend_dataflow	base_subobject_vptr_write	0.76	1	2		2	true		0x005bac30,0x005bac35	MOV EAX,0xb0e53c || MOV dword ptr [EBX],EAX	backend_dataflow__base_subobject_vptr_write
0x005cf1dd	FUN_005cf1dd	0x00aff0cc	AliasAnalyzer	AliasAnalyzer	constructor_like	0.93	1	2		1	true		0x005cf209,0x005cf20e	MOV EAX,0xafef5c || MOV dword ptr [EBX + 0x80],EAX	AliasAnalyzer__constructor_like
0x005d5e5e	FUN_005d5e5e	0x00ace1d0	objectdata	objectdata	base_subobject_vptr_write	0.76	1	2		2	true		0x005d5e67,0x005d5e6c	MOV EAX,0xacdd90 || MOV dword ptr [EBP + -0x20],EAX	objectdata__base_subobject_vptr_write
0x005d5e5e	FUN_005d5e5e	0x00ace1e0	objectdata_twoop	objectdata	constructor_like_final_type	0.88	1	2		2	true		0x005d5e73,0x005d5e78	MOV EAX,0xacdda8 || MOV dword ptr [EBP + -0x20],EAX	objectdata_twoop__constructor_like_final_type
0x005d6287	FUN_005d6287	0x00aff0cc	AliasAnalyzer	AliasAnalyzer	constructor_like	0.93	1	2		1	true		0x005d64f2,0x005d64f7	MOV EAX,0xafef5c || MOV dword ptr [EBP + -0xc],EAX	AliasAnalyzer__constructor_like
0x005d8667	FUN_005d8667	0x00aff0ec	BooleanAccurateAliasAnalyzer	AliasAnalyzer	constructor_like	0.93	1	2		1	true		0x005d87bb,0x005d87c0	MOV EAX,0xafef8c || MOV dword ptr [EBX + 0xb0],EAX	BooleanAccurateAliasAnalyzer__constructor_like
0x005d87cb	FUN_005d87cb	0x00aff0cc	AliasAnalyzer	AliasAnalyzer	base_subobject_vptr_write	0.76	1	2		2	true		0x005d8818,0x005d881d	MOV EAX,0xafef5c || MOV dword ptr [EBP + -0x8],EAX	AliasAnalyzer__base_subobject_vptr_write
0x005d87cb	FUN_005d87cb	0x00aff0dc	TimeAccurateAliasAnalyzer	AliasAnalyzer	constructor_like_final_type	0.88	1	2		2	true		0x005d894f,0x005d8954	MOV EAX,0xafef74 || MOV dword ptr [EBP + -0x8],EAX	TimeAccurateAliasAnalyzer__constructor_like_final_type
0x005da342	FUN_005da342	0x00afd5b8	InterblockDf	InterblockDf	multi_type_factory_or_dispatch	0.46	7	22		11	false		0x005dabd1,0x005dabd6,0x005dabf4,0x005dabf9,0x005dac17,0x005dac1c,0x005dac3a,0x005dac3f,0x005dae0c,0x005dae11,0x005dae31,0x005dae36,0x005dae5b,0x005dae60,0x005dae85,0x005dae8a,0x005daeaf,0x005daeb4,0x005daee3,0x005daee8,0x005daf17,0x005daf1c	MOV EAX,0xafd2c0 || MOV dword ptr [EBP + -0x28],EAX || MOV dword ptr [EBP + -0x40],EAX || MOV dword ptr [EBP + -0x58],EAX || MOV dword ptr [EBP + -0x70],EAX || MOV dword ptr [EBP + 0xffffff48],EAX || MOV dword ptr [EBP + 0xffffff60],EAX || MOV dword ptr [EBP + 0xffffff78],EAX	InterblockDf__multi_type_factory_or_dispatch
0x005da342	FUN_005da342	0x00afd638	DownSafetyDf	InterblockDf	multi_type_factory_or_dispatch	0.46	1	2		11	false		0x005dae1b,0x005dae20	MOV EAX,0xafd388 || MOV dword ptr [EBP + -0x28],EAX	DownSafetyDf__multi_type_factory_or_dispatch
0x005da342	FUN_005da342	0x00afd648	UpSafetyDf	InterblockDf	multi_type_factory_or_dispatch	0.46	2	4		11	false		0x005dabe0,0x005dabe5,0x005dae40,0x005dae45	MOV EAX,0xafd3a0 || MOV dword ptr [EBP + -0x28],EAX || MOV dword ptr [EBP + -0x40],EAX	UpSafetyDf__multi_type_factory_or_dispatch
0x005da342	FUN_005da342	0x00afd658	EarliestDf	InterblockDf	multi_type_factory_or_dispatch	0.46	1	2		11	false		0x005dae6a,0x005dae6f	MOV EAX,0xafd3b8 || MOV dword ptr [EBP + -0x58],EAX	EarliestDf__multi_type_factory_or_dispatch
0x005da342	FUN_005da342	0x00afd668	DelayedDf	InterblockDf	multi_type_factory_or_dispatch	0.46	1	2		11	false		0x005dae94,0x005dae99	MOV EAX,0xafd3d0 || MOV dword ptr [EBP + -0x70],EAX	DelayedDf__multi_type_factory_or_dispatch
0x005da342	FUN_005da342	0x00afd678	LatestDf	InterblockDf	multi_type_factory_or_dispatch	0.46	1	2		11	false		0x005daef8,0x005daefd	MOV EAX,0xafd3e8 || MOV dword ptr [EBP + 0xffffff60],EAX	LatestDf__multi_type_factory_or_dispatch
0x005da342	FUN_005da342	0x00afd688	IsolatedDf	InterblockDf	multi_type_factory_or_dispatch	0.46	1	2		11	false		0x005daec4,0x005daec9	MOV EAX,0xafd400 || MOV dword ptr [EBP + 0xffffff78],EAX	IsolatedDf__multi_type_factory_or_dispatch
0x005da342	FUN_005da342	0x00afd698	FinalDf	InterblockDf	multi_type_factory_or_dispatch	0.46	1	2		11	false		0x005daf2c,0x005daf31	MOV EAX,0xafd418 || MOV dword ptr [EBP + 0xffffff48],EAX	FinalDf__multi_type_factory_or_dispatch
0x005da342	FUN_005da342	0x00afd6a8	GcseSelectDf	InterblockDf	multi_type_factory_or_dispatch	0.46	1	2		11	false		0x005dac03,0x005dac08	MOV EAX,0xafd430 || MOV dword ptr [EBP + -0x40],EAX	GcseSelectDf__multi_type_factory_or_dispatch
0x005da342	FUN_005da342	0x00afd6b8	GcseLiveDf	InterblockDf	multi_type_factory_or_dispatch	0.46	1	2		11	false		0x005dac26,0x005dac2b	MOV EAX,0xafd448 || MOV dword ptr [EBP + -0x58],EAX	GcseLiveDf__multi_type_factory_or_dispatch
0x005da342	FUN_005da342	0x00afd6c8	GcseFinalDf	InterblockDf	multi_type_factory_or_dispatch	0.46	1	2		11	false		0x005dac49,0x005dac4e	MOV EAX,0xafd460 || MOV dword ptr [EBP + -0x70],EAX	GcseFinalDf__multi_type_factory_or_dispatch
0x005e7ea4	FUN_005e7ea4	0x00aff0cc	AliasAnalyzer	AliasAnalyzer	constructor_like	0.93	2	4		1	true		0x005e81aa,0x005e81af,0x005e8365,0x005e836a	MOV EAX,0xafef5c || MOV dword ptr [EBP + -0x48],EAX || MOV dword ptr [EBP + 0xffffff34],EAX	AliasAnalyzer__constructor_like
0x005eaa4a	FUN_005eaa4a	0x00afd5b8	InterblockDf	InterblockDf	base_subobject_vptr_write	0.76	1	2		2	true		0x005eaa56,0x005eaa5b	MOV EAX,0xafd2c0 || MOV dword ptr [EBP + -0x18],EAX	InterblockDf__base_subobject_vptr_write
0x005eaa4a	FUN_005eaa4a	0x00aff16c	ValueNeededDf	InterblockDf	constructor_like_final_type	0.88	1	2		2	true		0x005eaa65,0x005eaa6a	MOV EAX,0xaff004 || MOV dword ptr [EBP + -0x18],EAX	ValueNeededDf__constructor_like_final_type
0x005edb5b	FUN_005edb5b	0x00ace1d0	objectdata	objectdata	base_subobject_vptr_write	0.76	1	2		2	true		0x005edbef,0x005edbf4	MOV EAX,0xacdd90 || MOV dword ptr [EBP + -0x14],EAX	objectdata__base_subobject_vptr_write
0x005edb5b	FUN_005edb5b	0x00ace1e0	objectdata_twoop	objectdata	constructor_like_final_type	0.88	1	2		2	true		0x005edbfb,0x005edc00	MOV EAX,0xacdda8 || MOV dword ptr [EBP + -0x14],EAX	objectdata_twoop__constructor_like_final_type
0x005ef811	FUN_005ef811	0x00ace1d0	objectdata	objectdata	base_subobject_vptr_write	0.76	1	2		2	true		0x005ef8b0,0x005ef8b5	MOV EAX,0xacdd90 || MOV dword ptr [EBP + -0x28],EAX	objectdata__base_subobject_vptr_write
0x005ef811	FUN_005ef811	0x00ace1e0	objectdata_twoop	objectdata	constructor_like_final_type	0.88	1	2		2	true		0x005ef8bc,0x005ef8c1	MOV EAX,0xacdda8 || MOV dword ptr [EBP + -0x28],EAX	objectdata_twoop__constructor_like_final_type
0x005f4329	FUN_005f4329	0x00aff0cc	AliasAnalyzer	AliasAnalyzer	base_subobject_vptr_write	0.76	1	2		2	true		0x005f4467,0x005f446c	MOV EAX,0xafef5c || MOV dword ptr [EBP + -0x80],EAX	AliasAnalyzer__base_subobject_vptr_write
0x005f4329	FUN_005f4329	0x00aff0dc	TimeAccurateAliasAnalyzer	AliasAnalyzer	constructor_like_final_type	0.88	1	2		2	true		0x005f461f,0x005f4624	MOV EAX,0xafef74 || MOV dword ptr [EBP + -0x80],EAX	TimeAccurateAliasAnalyzer__constructor_like_final_type
0x005f5370	FUN_005f5370	0x00ace1d0	objectdata	objectdata	base_subobject_vptr_write	0.76	1	2		2	true		0x005f53e0,0x005f53e5	MOV EAX,0xacdd90 || MOV dword ptr [EBP + 0xffffff40],EAX	objectdata__base_subobject_vptr_write
0x005f5370	FUN_005f5370	0x00ace3b0	objectdata_block	objectdata	constructor_like_final_type	0.88	1	2		2	true		0x005f53f2,0x005f53f7	MOV EAX,0xace060 || MOV dword ptr [EBP + 0xffffff40],EAX	objectdata_block__constructor_like_final_type
0x005f6efe	FUN_005f6efe	0x00afd5b8	InterblockDf	InterblockDf	constructor_or_type_switch	0.68	1	2		3	false		0x005f728e,0x005f7293	MOV EAX,0xafd2c0 || MOV dword ptr [EBP + 0xfffffeb4],EAX	InterblockDf__constructor_or_type_switch
0x005f6efe	FUN_005f6efe	0x00aff0cc	AliasAnalyzer	AliasAnalyzer	constructor_or_type_switch	0.68	2	4		3	false		0x005f6f2d,0x005f6f32,0x005f70e8,0x005f70ed	MOV EAX,0xafef5c || MOV dword ptr [EBP + -0x3c],EAX || MOV dword ptr [EBP + 0xffffff40],EAX	AliasAnalyzer__constructor_or_type_switch
0x005f6efe	FUN_005f6efe	0x00aff19c	FCEReachingWriteDf	InterblockDf	constructor_or_type_switch	0.68	1	2		3	false		0x005f72a3,0x005f72a8	MOV EAX,0xaff04c || MOV dword ptr [EBP + 0xfffffeb4],EAX	FCEReachingWriteDf__constructor_or_type_switch
0x005f7add	FUN_005f7add	0x00aff0cc	AliasAnalyzer	AliasAnalyzer	constructor_like	0.93	1	2		1	true		0x005f8145,0x005f814a	MOV EAX,0xafef5c || MOV dword ptr [EBP + 0xffffff34],EAX	AliasAnalyzer__constructor_like
0x005f8f9f	FUN_005f8f9f	0x00aff0cc	AliasAnalyzer	AliasAnalyzer	constructor_like	0.93	2	4		1	true		0x005f8fc5,0x005f8fca,0x005f9180,0x005f9185	MOV EAX,0xafef5c || MOV dword ptr [EBP + -0x18],EAX || MOV dword ptr [EBP + 0xffffff64],EAX	AliasAnalyzer__constructor_like
0x005faf93	FUN_005faf93	0x00aff0cc	AliasAnalyzer	AliasAnalyzer	constructor_like	0.93	1	2		1	true		0x005fb4a8,0x005fb4ad	MOV EAX,0xafef5c || MOV dword ptr [EBX + 0x88],EAX	AliasAnalyzer__constructor_like
0x005fc5a6	FUN_005fc5a6	0x00afd5b8	InterblockDf	InterblockDf	constructor_or_type_switch	0.68	1	2		4	false		0x005fc832,0x005fc837	MOV EAX,0xafd2c0 || MOV dword ptr [EBP + 0xffffff0c],EAX	InterblockDf__constructor_or_type_switch
0x005fc5a6	FUN_005fc5a6	0x00aff0cc	AliasAnalyzer	AliasAnalyzer	constructor_or_type_switch	0.68	1	2		4	false		0x005fc86f,0x005fc874	MOV EAX,0xafef5c || MOV dword ptr [EBP + -0x60],EAX	AliasAnalyzer__constructor_or_type_switch
0x005fc5a6	FUN_005fc5a6	0x00aff0dc	TimeAccurateAliasAnalyzer	AliasAnalyzer	constructor_or_type_switch	0.68	1	2		4	false		0x005fca0c,0x005fca11	MOV EAX,0xafef74 || MOV dword ptr [EBP + -0x60],EAX	TimeAccurateAliasAnalyzer__constructor_or_type_switch
0x005fc5a6	FUN_005fc5a6	0x00aff1ec	CopyPropDf	InterblockDf	constructor_or_type_switch	0.68	1	2		4	false		0x005fc847,0x005fc84c	MOV EAX,0xaff0a4 || MOV dword ptr [EBP + 0xffffff0c],EAX	CopyPropDf__constructor_or_type_switch
0x005fce8b	FUN_005fce8b	0x00afd5b8	InterblockDf	InterblockDf	vtable_reference	0.34	0	8		9	false		0x005fd660,0x005fd67e,0x005fd69c,0x005fd6ba,0x005fd6df,0x005fd6fd,0x005fd71b,0x005fd739	MOV EAX,0xafd2c0	InterblockDf__vtable_reference
0x005fce8b	FUN_005fce8b	0x00afd738	HoistAvailDf	InterblockDf	vtable_reference	0.34	0	1		9	false		0x005fd674	MOV EAX,0xafd4f8	HoistAvailDf__vtable_reference
0x005fce8b	FUN_005fce8b	0x00afd748	HoistHelpfulDf	InterblockDf	vtable_reference	0.34	0	1		9	false		0x005fd692	MOV EAX,0xafd510	HoistHelpfulDf__vtable_reference
0x005fce8b	FUN_005fce8b	0x00afd758	HoistRedundantDf	InterblockDf	vtable_reference	0.34	0	1		9	false		0x005fd6b0	MOV EAX,0xafd528	HoistRedundantDf__vtable_reference
0x005fce8b	FUN_005fce8b	0x00afd768	HoistFinalDf	InterblockDf	vtable_reference	0.34	0	1		9	false		0x005fd6ce	MOV EAX,0xafd540	HoistFinalDf__vtable_reference
0x005fce8b	FUN_005fce8b	0x00afd778	HoistDelayDf	InterblockDf	vtable_reference	0.34	0	1		9	false		0x005fd6f3	MOV EAX,0xafd558	HoistDelayDf__vtable_reference
0x005fce8b	FUN_005fce8b	0x00afd788	HoistFinal2Df	InterblockDf	vtable_reference	0.34	0	1		9	false		0x005fd711	MOV EAX,0xafd570	HoistFinal2Df__vtable_reference
0x005fce8b	FUN_005fce8b	0x00afd798	HoistUsableDf	InterblockDf	vtable_reference	0.34	0	1		9	false		0x005fd72f	MOV EAX,0xafd588	HoistUsableDf__vtable_reference
0x005fce8b	FUN_005fce8b	0x00afd7a8	HoistFinal3Df	InterblockDf	vtable_reference	0.34	0	1		9	false		0x005fd74d	MOV EAX,0xafd5a0	HoistFinal3Df__vtable_reference
0x006137ae	FUN_006137ae	0x00ace1d0	objectdata	objectdata	base_subobject_vptr_write	0.76	2	4		2	true		0x00613be4,0x00613be9,0x00613d28,0x00613d2d	MOV EAX,0xacdd90 || MOV dword ptr [EBP + -0x3c],EAX || MOV dword ptr [EBP + -0x60],EAX	objectdata__base_subobject_vptr_write
0x006137ae	FUN_006137ae	0x00ace1e0	objectdata_twoop	objectdata	constructor_like_final_type	0.88	2	4		2	true		0x00613c9f,0x00613ca4,0x00613de3,0x00613de8	MOV EAX,0xacdda8 || MOV dword ptr [EBP + -0x3c],EAX || MOV dword ptr [EBP + -0x60],EAX	objectdata_twoop__constructor_like_final_type
0x00618c72	FUN_00618c72	0x00aff4ec	Checker	Checker	base_subobject_vptr_write	0.76	1	2		4	true		0x00619672,0x00619677	MOV EAX,0xaff810 || MOV dword ptr [EBP + 0xffffff3c],EAX	Checker__base_subobject_vptr_write
0x00618c72	FUN_00618c72	0x00aff52c	CheckerIntStateAll	Checker	base_subobject_vptr_write	0.76	1	2		4	true		0x006196c7,0x006196cc	MOV EAX,0xaff970 || MOV dword ptr [EBP + 0xffffff3c],EAX	CheckerIntStateAll__base_subobject_vptr_write
0x00618c72	FUN_00618c72	0x00b01690	CheckerIntState	Checker	base_subobject_vptr_write	0.76	1	2		4	true		0x006196b5,0x006196ba	MOV EAX,0xb00d2c || MOV dword ptr [EBP + 0xffffff3c],EAX	CheckerIntState__base_subobject_vptr_write
0x00618c72	FUN_00618c72	0x00b01790	NoReturnChecker	Checker	constructor_like_final_type	0.88	1	2		4	true		0x006196d2,0x006196d7	MOV EAX,0xb0132c || MOV dword ptr [EBP + 0xffffff3c],EAX	NoReturnChecker__constructor_like_final_type
0x0061b062	FUN_0061b062	0x00aff0cc	AliasAnalyzer	AliasAnalyzer	vtable_reference	0.34	0	1		31	false		0x0061b065	MOV EAX,0xafef5c	AliasAnalyzer__vtable_reference
0x0061b062	FUN_0061b062	0x00aff4ac	InterblockDf	InterblockDf	vtable_reference	0.34	0	1		31	false		0x0061b256	MOV EAX,0xaff434	InterblockDf__vtable_reference
0x0061b062	FUN_0061b062	0x00aff4ec	Checker	Checker	vtable_reference	0.34	0	22		31	false		0x0061b274,0x0061b2c8,0x0061b38f,0x0061b3e3,0x0061b437,0x0061b49c,0x0061b501,0x0061b566,0x0061b5cb,0x0061b630,0x0061b695,0x0061b6fa,0x0061b75f,0x0061b7c4,0x0061b829,0x0061b88e,0x0061b8f3,0x0061b958,0x0061b9bd,0x0061ba22,0x0061ba87,0x0061baec	MOV EAX,0xaff810	Checker__vtable_reference
0x0061b062	FUN_0061b062	0x00aff4fc	CheckerIntStateLValue	Checker	vtable_reference	0.34	0	8		31	false		0x0061b552,0x0061b5b7,0x0061b6e6,0x0061b74b,0x0061b7b0,0x0061b815,0x0061b87a,0x0061b9a9	MOV EAX,0xaff858	CheckerIntStateLValue__vtable_reference
0x0061b062	FUN_0061b062	0x00aff50c	CheckerLValue	Checker	vtable_reference	0.34	0	4		31	false		0x0061b2b4,0x0061b308,0x0061b3cf,0x0061b423	MOV EAX,0xaff8c0	CheckerLValue__vtable_reference
0x0061b062	FUN_0061b062	0x00aff51c	CheckerIntStateSafevar	Checker	vtable_reference	0.34	0	6		31	false		0x0061b488,0x0061b4ed,0x0061b8df,0x0061b944,0x0061ba0e,0x0061ba73	MOV EAX,0xaff908	CheckerIntStateSafevar__vtable_reference
0x0061b062	FUN_0061b062	0x00aff52c	CheckerIntStateAll	Checker	vtable_reference	0.34	0	4		31	false		0x0061b61c,0x0061b681,0x0061bad8,0x0061bb3d	MOV EAX,0xaff970	CheckerIntStateAll__vtable_reference
0x0061b062	FUN_0061b062	0x00b01680	CheckerFlow	InterblockDf	vtable_reference	0.34	0	1		31	false		0x0061b26a	MOV EAX,0xb00d14	CheckerFlow__vtable_reference
0x0061b062	FUN_0061b062	0x00b01690	CheckerIntState	Checker	vtable_reference	0.34	0	18		31	false		0x0061b477,0x0061b4dc,0x0061b541,0x0061b5a6,0x0061b60b,0x0061b670,0x0061b6d5,0x0061b73a,0x0061b79f,0x0061b804,0x0061b869,0x0061b8ce,0x0061b933,0x0061b998,0x0061b9fd,0x0061ba62,0x0061bac7,0x0061bb2c	MOV EAX,0xb00d2c	CheckerIntState__vtable_reference
0x0061b062	FUN_0061b062	0x00b016a0	ConstChecker	Checker	vtable_reference	0.34	0	1		31	false		0x0061b2be	MOV EAX,0xb00d94	ConstChecker__vtable_reference
0x0061b062	FUN_0061b062	0x00b016b0	EquivChecker	Checker	vtable_reference	0.34	0	1		31	false		0x0061b312	MOV EAX,0xb00ddc	EquivChecker__vtable_reference
0x0061b062	FUN_0061b062	0x00b016c0	UninitMemChecker	Checker	vtable_reference	0.34	0	1		31	false		0x0061b3d9	MOV EAX,0xb00e24	UninitMemChecker__vtable_reference
0x0061b062	FUN_0061b062	0x00b016d0	RangeChecker	Checker	vtable_reference	0.34	0	1		31	false		0x0061b42d	MOV EAX,0xb00e6c	RangeChecker__vtable_reference
0x0061b062	FUN_0061b062	0x00b016e0	MemLeakChecker	Checker	vtable_reference	0.34	0	1		31	false		0x0061b492	MOV EAX,0xb00eb4	MemLeakChecker__vtable_reference
0x0061b062	FUN_0061b062	0x00b016f0	MemLeakCheckerBackwards	Checker	vtable_reference	0.34	0	1		31	false		0x0061b4f7	MOV EAX,0xb00f1c	MemLeakCheckerBackwards__vtable_reference
0x0061b062	FUN_0061b062	0x00b01700	NULLCheckChecker	Checker	vtable_reference	0.34	0	1		31	false		0x0061b55c	MOV EAX,0xb00f84	NULLCheckChecker__vtable_reference
0x0061b062	FUN_0061b062	0x00b01710	NULLCheckCheckerBackwards	Checker	vtable_reference	0.34	0	1		31	false		0x0061b5c1	MOV EAX,0xb00fec	NULLCheckCheckerBackwards__vtable_reference
0x0061b062	FUN_0061b062	0x00b01720	FreeChecker	Checker	vtable_reference	0.34	0	1		31	false		0x0061b626	MOV EAX,0xb01054	FreeChecker__vtable_reference
0x0061b062	FUN_0061b062	0x00b01730	FreeCheckerBackwards	Checker	vtable_reference	0.34	0	1		31	false		0x0061b68b	MOV EAX,0xb010bc	FreeCheckerBackwards__vtable_reference
0x0061b062	FUN_0061b062	0x00b01740	DerefNULLChecker	Checker	vtable_reference	0.34	0	1		31	false		0x0061b6f0	MOV EAX,0xb01124	DerefNULLChecker__vtable_reference
0x0061b062	FUN_0061b062	0x00b01750	LocalScopeChecker	Checker	vtable_reference	0.34	0	1		31	false		0x0061b755	MOV EAX,0xb0118c	LocalScopeChecker__vtable_reference
0x0061b062	FUN_0061b062	0x00b01760	ReadOnlyWriteChecker	Checker	vtable_reference	0.34	0	1		31	false		0x0061b7ba	MOV EAX,0xb011f4	ReadOnlyWriteChecker__vtable_reference
0x0061b062	FUN_0061b062	0x00b01770	NewSingleChecker	Checker	vtable_reference	0.34	0	1		31	false		0x0061b81f	MOV EAX,0xb0125c	NewSingleChecker__vtable_reference
0x0061b062	FUN_0061b062	0x00b01780	NewArrayChecker	Checker	vtable_reference	0.34	0	1		31	false		0x0061b884	MOV EAX,0xb012c4	NewArrayChecker__vtable_reference
0x0061b062	FUN_0061b062	0x00b017a0	UnreadChecker	Checker	vtable_reference	0.34	0	1		31	false		0x0061b8e9	MOV EAX,0xb01394	UnreadChecker__vtable_reference
0x0061b062	FUN_0061b062	0x00b017b0	UnreadCheckerBackwards	Checker	vtable_reference	0.34	0	1		31	false		0x0061b94e	MOV EAX,0xb013fc	UnreadCheckerBackwards__vtable_reference
0x0061b062	FUN_0061b062	0x00b017c0	NULLCheckDerefChecker	Checker	vtable_reference	0.34	0	1		31	false		0x0061b9b3	MOV EAX,0xb01464	NULLCheckDerefChecker__vtable_reference
0x0061b062	FUN_0061b062	0x00b017d0	UninitReadChecker	Checker	vtable_reference	0.34	0	1		31	false		0x0061ba18	MOV EAX,0xb014cc	UninitReadChecker__vtable_reference
0x0061b062	FUN_0061b062	0x00b017e0	UninitReadCheckerBackwards	Checker	vtable_reference	0.34	0	1		31	false		0x0061ba7d	MOV EAX,0xb01534	UninitReadCheckerBackwards__vtable_reference
0x0061b062	FUN_0061b062	0x00b017f0	NoFlowChecker	Checker	vtable_reference	0.34	0	1		31	false		0x0061bae2	MOV EAX,0xb0159c	NoFlowChecker__vtable_reference
0x0061b062	FUN_0061b062	0x00b01800	StrictUninitChecker	Checker	vtable_reference	0.34	0	1		31	false		0x0061bb47	MOV EAX,0xb01604	StrictUninitChecker__vtable_reference
0x0061e640	FUN_0061e640	0x00b01e58	peep_transformer	peep_transformer	multi_type_factory_or_dispatch	0.46	1	8		5	false		0x0061e685,0x0061e68a,0x0061e6f1,0x0061e6f6,0x0061e783,0x0061e788,0x0061e7e0,0x0061e7e5	MOV ECX,0xb01cc8 || MOV dword ptr [EAX + 0xc],ECX	peep_transformer__multi_type_factory_or_dispatch
0x0061e640	FUN_0061e640	0x00b01e68	pt_condcodes	peep_transformer	multi_type_factory_or_dispatch	0.46	1	2		5	false		0x0061e68d,0x0061e692	MOV ECX,0xb01d18 || MOV dword ptr [EAX + 0xc],ECX	pt_condcodes__multi_type_factory_or_dispatch
0x0061e640	FUN_0061e640	0x00b01e78	pt_dead	peep_transformer	multi_type_factory_or_dispatch	0.46	1	2		5	false		0x0061e6f9,0x0061e6fe	MOV ECX,0xb01d68 || MOV dword ptr [EAX + 0xc],ECX	pt_dead__multi_type_factory_or_dispatch
0x0061e640	FUN_0061e640	0x00b01e88	pt_alias	peep_transformer	multi_type_factory_or_dispatch	0.46	1	2		5	false		0x0061e78b,0x0061e790	MOV ECX,0xb01db8 || MOV dword ptr [EAX + 0xc],ECX	pt_alias__multi_type_factory_or_dispatch
0x0061e640	FUN_0061e640	0x00b01e98	pt_const	peep_transformer	multi_type_factory_or_dispatch	0.46	1	2		5	false		0x0061e7e8,0x0061e7ed	MOV ECX,0xb01e08 || MOV dword ptr [EAX + 0xc],ECX	pt_const__multi_type_factory_or_dispatch
0x00620d20	FUN_00620d20	0x00b020a0	nonstandard_type_handler	ObjectVisitor	base_subobject_vptr_write	0.76	1	2		2	true		0x00620d47,0x00620d4c	MOV EAX,0xb02060 || MOV dword ptr [EBP + -0xc],EAX	nonstandard_type_handler__base_subobject_vptr_write
0x00620d20	FUN_00620d20	0x00b020b0	bytereverser	ObjectVisitor	constructor_like_final_type	0.88	1	2		2	true		0x00620d57,0x00620d5c	MOV EAX,0xb02080 || MOV dword ptr [EBP + -0xc],EAX	bytereverser__constructor_like_final_type
0x0066a370	FUN_0066a370	0x00b05b34	vn_advisor_consol	vn_advisor	constructor_or_type_switch	0.68	1	4		3	false		0x0066a3af,0x0066a3b4,0x0066a419,0x0066a41e	MOV ECX,0xb05934 || MOV dword ptr [EAX + 0x8],ECX	vn_advisor_consol__constructor_or_type_switch
0x0066a370	FUN_0066a370	0x00b05b44	vn_advisor_consoladd	vn_advisor	constructor_or_type_switch	0.68	1	2		3	false		0x0066a3b7,0x0066a3bc	MOV ECX,0xb05974 || MOV dword ptr [EAX + 0x8],ECX	vn_advisor_consoladd__constructor_or_type_switch
0x0066a370	FUN_0066a370	0x00b05b54	vn_advisor_consolshift	vn_advisor	constructor_or_type_switch	0.68	1	2		3	false		0x0066a421,0x0066a426	MOV ECX,0xb059b4 || MOV dword ptr [EAX + 0x8],ECX	vn_advisor_consolshift__constructor_or_type_switch
0x00695a74	FUN_00695a74	0x00b06c6c	std::exception	std::exception	vtable_reference	0.34	0	1		2	true		0x00695aaf	MOV ECX,0xb06b2c	std_exception__vtable_reference
0x00695a74	FUN_00695a74	0x00b06c7c	std::bad_alloc	std::exception	vtable_reference	0.34	0	1		2	true		0x00695abf	MOV EAX,0xb06b4c	std_bad_alloc__vtable_reference
0x0069619b	FUN_0069619b	0x00b06c6c	std::exception	std::exception	base_subobject_vptr_write	0.76	1	2		3	true		0x0069622b,0x00696230	MOV ECX,0xb06b2c || MOV dword ptr [EBP + -0x28],ECX	std_exception__base_subobject_vptr_write
0x0069619b	FUN_0069619b	0x00b06c8c	std::logic_error	std::exception	base_subobject_vptr_write	0.76	1	2		3	true		0x00696236,0x0069623b	MOV EAX,0xb06b6c || MOV dword ptr [EBP + -0x28],EAX	std_logic_error__base_subobject_vptr_write
0x0069619b	FUN_0069619b	0x00b06c9c	std::out_of_range	std::exception	constructor_like_final_type	0.88	1	2		3	true	17	0x0069649d,0x006964a2	MOV EAX,0xb06b8c || MOV dword ptr [EBP + -0x28],EAX	std_out_of_range__constructor_like_final_type
0x006ac354	FUN_006ac354	0x00b06c2c	MachopVisitor	MachopVisitor	base_subobject_vptr_write	0.76	1	2		2	true		0x006ac35d,0x006ac362	MOV EAX,0xb06bbc || MOV dword ptr [EBP + -0x8],EAX	MachopVisitor__base_subobject_vptr_write
0x006ac354	FUN_006ac354	0x00b06c5c	Split64TestVisitor	MachopVisitor	constructor_like_final_type	0.88	1	2		2	true		0x006ac365,0x006ac36a	MOV EAX,0xb06bfc || MOV dword ptr [EBP + -0x8],EAX	Split64TestVisitor__constructor_like_final_type
0x006ac5cd	FUN_006ac5cd	0x00b06c2c	MachopVisitor	MachopVisitor	base_subobject_vptr_write	0.76	1	2		2	true		0x006ac6ae,0x006ac6b3	MOV EAX,0xb06bbc || MOV dword ptr [EBP + -0x14],EAX	MachopVisitor__base_subobject_vptr_write
0x006ac5cd	FUN_006ac5cd	0x00b07ef0	Split64DoVisitor	MachopVisitor	constructor_like_final_type	0.88	1	2		2	true		0x006ac6b6,0x006ac6bb	MOV EAX,0xb07e3c || MOV dword ptr [EBP + -0x14],EAX	Split64DoVisitor__constructor_like_final_type
0x006c6104	FUN_006c6104	0x00b06c6c	std::exception	std::exception	base_subobject_vptr_write	0.76	2	4		3	true		0x006c61db,0x006c61e0,0x006c6544,0x006c6549	MOV ECX,0xb06b2c || MOV dword ptr [EBP + -0x34],ECX || MOV dword ptr [EBP + -0x74],ECX	std_exception__base_subobject_vptr_write
0x006c6104	FUN_006c6104	0x00b06c8c	std::logic_error	std::exception	base_subobject_vptr_write	0.76	2	4		3	true		0x006c61e6,0x006c61eb,0x006c654f,0x006c6554	MOV EAX,0xb06b6c || MOV dword ptr [EBP + -0x34],EAX || MOV dword ptr [EBP + -0x74],EAX	std_logic_error__base_subobject_vptr_write
0x006c6104	FUN_006c6104	0x00b06c9c	std::out_of_range	std::exception	constructor_like_final_type	0.88	2	4		3	true		0x006c644f,0x006c6454,0x006c67c2,0x006c67c7	MOV EAX,0xb06b8c || MOV dword ptr [EBP + -0x34],EAX || MOV dword ptr [EBP + -0x74],EAX	std_out_of_range__constructor_like_final_type
0x006c6a0b	FUN_006c6a0b	0x00b06c6c	std::exception	std::exception	base_subobject_vptr_write	0.76	1	2		3	true		0x006c6a96,0x006c6a9b	MOV ECX,0xb06b2c || MOV dword ptr [EBP + -0x2c],ECX	std_exception__base_subobject_vptr_write
0x006c6a0b	FUN_006c6a0b	0x00b06c8c	std::logic_error	std::exception	base_subobject_vptr_write	0.76	1	2		3	true		0x006c6aa1,0x006c6aa6	MOV EAX,0xb06b6c || MOV dword ptr [EBP + -0x2c],EAX	std_logic_error__base_subobject_vptr_write
0x006c6a0b	FUN_006c6a0b	0x00b06c9c	std::out_of_range	std::exception	constructor_like_final_type	0.88	1	2		3	true		0x006c6d08,0x006c6d0d	MOV EAX,0xb06b8c || MOV dword ptr [EBP + -0x2c],EAX	std_out_of_range__constructor_like_final_type
0x006d7818	FUN_006d7818	0x00b080a0	MachopVisitor	MachopVisitor	base_subobject_vptr_write	0.76	1	2		2	true		0x006d781f,0x006d7824	MOV EAX,0xb08040 || MOV dword ptr [EBP + -0x8],EAX	MachopVisitor__base_subobject_vptr_write
0x006d7818	FUN_006d7818	0x00b080b0	MachopObjectInvalidator	MachopVisitor	constructor_like_final_type	0.88	1	2		2	true		0x006d7827,0x006d782c	MOV EAX,0xb08060 || MOV dword ptr [EBP + -0x8],EAX	MachopObjectInvalidator__constructor_like_final_type
0x006d7f2a	FUN_006d7f2a	0x00b080a0	MachopVisitor	MachopVisitor	base_subobject_vptr_write	0.76	1	2		2	true		0x006d7f30,0x006d7f35	MOV EAX,0xb08040 || MOV dword ptr [EBP + -0x4],EAX	MachopVisitor__base_subobject_vptr_write
0x006d7f2a	FUN_006d7f2a	0x00b080c0	MachopImmpropClearer	MachopVisitor	constructor_like_final_type	0.88	1	2		2	true	55	0x006d7f38,0x006d7f3d	MOV EAX,0xb08080 || MOV dword ptr [EBP + -0x4],EAX	MachopImmpropClearer__constructor_like_final_type
0x007006e7	FUN_007006e7	0x00b09ac8	MachopVisitor	MachopVisitor	base_subobject_vptr_write	0.76	1	2		2	true		0x00700727,0x0070072c	MOV EAX,0xb09a48 || MOV dword ptr [EBP + -0x18],EAX	MachopVisitor__base_subobject_vptr_write
0x007006e7	FUN_007006e7	0x00b09ad8	MachopChecker	MachopVisitor	constructor_like_final_type	0.88	1	2		2	true		0x0070072f,0x00700734	MOV EAX,0xb09a68 || MOV dword ptr [EBP + -0x18],EAX	MachopChecker__constructor_like_final_type
0x007013b3	FUN_007013b3	0x00b09ac8	MachopVisitor	MachopVisitor	base_subobject_vptr_write	0.76	1	2		2	true		0x007013bb,0x007013c0	MOV EAX,0xb09a48 || MOV dword ptr [EBP + -0x4],EAX	MachopVisitor__base_subobject_vptr_write
0x007013b3	FUN_007013b3	0x00b09ae8	MachopBitoffsetClearer	MachopVisitor	constructor_like_final_type	0.88	1	2		2	true		0x007013c3,0x007013c8	MOV EAX,0xb09a88 || MOV dword ptr [EBP + -0x4],EAX	MachopBitoffsetClearer__constructor_like_final_type
0x007016d6	FUN_007016d6	0x00b09ac8	MachopVisitor	MachopVisitor	vtable_reference	0.34	0	1		2	true		0x007016d9	MOV EAX,0xb09a48	MachopVisitor__vtable_reference
0x007016d6	FUN_007016d6	0x00b09af8	AddMachopVisitor	MachopVisitor	vtable_reference	0.34	0	1		2	true		0x007016e3	MOV EAX,0xb09aa8	AddMachopVisitor__vtable_reference
0x0071df17	FUN_0071df17	0x00b0a500	alloc_table	alloc_table	base_subobject_vptr_write	0.76	1	2		2	true		0x0071df3c,0x0071df41	MOV EAX,0xb0a4d8 || MOV dword ptr [EBX + 0x4],EAX	alloc_table__base_subobject_vptr_write
0x0071df17	FUN_0071df17	0x00b0a5c8	alloc_table_hash	alloc_table	constructor_like_final_type	0.88	1	2		2	true		0x0071df4a,0x0071df4f	MOV EAX,0xb0a550 || MOV dword ptr [EBX + 0x4],EAX	alloc_table_hash__constructor_like_final_type
0x0071df90	FUN_0071df90	0x00b0a500	alloc_table	alloc_table	base_subobject_vptr_write	0.76	1	2		2	true		0x0071dfb5,0x0071dfba	MOV EAX,0xb0a4d8 || MOV dword ptr [EBX + 0x4],EAX	alloc_table__base_subobject_vptr_write
0x0071df90	FUN_0071df90	0x00b0a5d8	alloc_table_btree	alloc_table	constructor_like_final_type	0.88	1	2		2	true		0x0071dfc3,0x0071dfc8	MOV EAX,0xb0a578 || MOV dword ptr [EBX + 0x4],EAX	alloc_table_btree__constructor_like_final_type
0x0071dfdd	FUN_0071dfdd	0x00b0a5c8	alloc_table_hash	alloc_table	destructor_or_virtual_reinit	0.84	1	2	0	1	true	self	0x0071dfef,0x0071dff4	MOV EAX,0xb0a550 || MOV dword ptr [EBX + 0x4],EAX	alloc_table_hash__destructor_or_virtual_reinit
0x0071e0a4	FUN_0071e0a4	0x00b0a5d8	alloc_table_btree	alloc_table	destructor_or_virtual_reinit	0.84	1	2	0	1	true	self	0x0071e0b4,0x0071e0b9	MOV EAX,0xb0a578 || MOV dword ptr [EBX + 0x4],EAX	alloc_table_btree__destructor_or_virtual_reinit
0x0071e0e0	FUN_0071e0e0	0x00b0a500	alloc_table	alloc_table	base_subobject_vptr_write	0.76	1	2		2	true		0x0071e106,0x0071e10b	MOV EAX,0xb0a4d8 || MOV dword ptr [EBX + 0x4],EAX	alloc_table__base_subobject_vptr_write
0x0071e0e0	FUN_0071e0e0	0x00b0a5e8	alloc_table_bcl	alloc_table	constructor_like_final_type	0.88	1	2		2	true		0x0071e114,0x0071e119	MOV EAX,0xb0a5a0 || MOV dword ptr [EBX + 0x4],EAX	alloc_table_bcl__constructor_like_final_type
0x0071e19f	FUN_0071e19f	0x00b0a5e8	alloc_table_bcl	alloc_table	destructor_or_virtual_reinit	0.84	1	2	0	1	true	self	0x0071e1b0,0x0071e1b5	MOV EAX,0xb0a5a0 || MOV dword ptr [EBX + 0x4],EAX	alloc_table_bcl__destructor_or_virtual_reinit
0x00736142	FUN_00736142	0x00b0c0e4	list_scheduler	list_scheduler	constructor_like	0.93	1	2		1	true		0x00736167,0x0073616c	MOV EAX,0xb0bf40 || MOV dword ptr [EBX + 0x3c],EAX	list_scheduler__constructor_like
0x007386ff	FUN_007386ff	0x00b0c0f4	resource_model_scheduler	list_scheduler	constructor_like	0.93	1	2		1	true		0x00738732,0x00738737	MOV EAX,0xb0bfa0 || MOV dword ptr [EBX + 0x3c],EAX	resource_model_scheduler__constructor_like
0x0073a363	schedule_pass_3	0x00b0b7b8	ws_interface	ws_interface	base_subobject_vptr_write	0.76	1	2		2	true		0x0073a468,0x0073a46d	MOV EAX,0xb0b828 || MOV dword ptr [EBP + -0x34],EAX	ws_interface__base_subobject_vptr_write
0x0073a363	schedule_pass_3	0x00b0c114	ls_window_scheduler	ws_interface	constructor_like_final_type	0.88	1	2		2	true		0x0073a470,0x0073a475	MOV EAX,0xb0c010 || MOV dword ptr [EBP + -0x34],EAX	ls_window_scheduler__constructor_like_final_type
0x0073a67d	FUN_0073a67d	0x00b0c104	compat_list_scheduler	list_scheduler	constructor_like	0.93	1	2		1	true		0x0073a6ad,0x0073a6b2	MOV EAX,0xb0c084 || MOV dword ptr [EBX + 0x3c],EAX	compat_list_scheduler__constructor_like
0x00745a76	FUN_00745a76	0x00b0c328	empty	operand_parser	constructor_like	0.93	1	2		1	true		0x00745bdb,0x00745be0	MOV EAX,0xb0c35c || MOV dword ptr [EBX + 0x2c],EAX	empty__constructor_like
0x00747f96	FUN_00747f96	0x00b0c89c	Val	Exp	base_subobject_vptr_write	0.76	1	2		4	true		0x00748068,0x0074806d	MOV ECX,0xb0c92c || MOV dword ptr [EAX + 0x4],ECX	Val__base_subobject_vptr_write
0x00747f96	FUN_00747f96	0x00b0c8bc	Unk	Exp	base_subobject_vptr_write	0.76	1	2		4	true		0x00748070,0x00748075	MOV ECX,0xb0cacc || MOV dword ptr [EAX + 0x4],ECX	Unk__base_subobject_vptr_write
0x00747f96	FUN_00747f96	0x00b0c8dc	Mem	Exp	constructor_like_final_type	0.88	1	2		4	true		0x00748078,0x0074807d	MOV ECX,0xb0cc7c || MOV dword ptr [EAX + 0x4],ECX	Mem__constructor_like_final_type
0x00747f96	FUN_00747f96	0x00b0d2d4	Exp	Exp	base_subobject_vptr_write	0.76	1	2		4	true		0x00748060,0x00748065	MOV ECX,0xb0d134 || MOV dword ptr [EAX + 0x4],ECX	Exp__base_subobject_vptr_write
0x0074857f	FUN_0074857f	0x00b0c89c	Val	Exp	base_subobject_vptr_write	0.76	1	2		3	true		0x00748709,0x0074870e	MOV ECX,0xb0c92c || MOV dword ptr [EAX + 0x4],ECX	Val__base_subobject_vptr_write
0x0074857f	FUN_0074857f	0x00b0c8ac	Num	Exp	constructor_like_final_type	0.88	1	2		3	true		0x00748711,0x00748716	MOV ECX,0xb0c9fc || MOV dword ptr [EAX + 0x4],ECX	Num__constructor_like_final_type
0x0074857f	FUN_0074857f	0x00b0d2d4	Exp	Exp	base_subobject_vptr_write	0.76	1	2		3	true		0x00748701,0x00748706	MOV ECX,0xb0d134 || MOV dword ptr [EAX + 0x4],ECX	Exp__base_subobject_vptr_write
0x00748805	FUN_00748805	0x00b0c8ec	Alu	Exp	base_subobject_vptr_write	0.76	1	2		4	true		0x007488e5,0x007488ea	MOV ECX,0xb0cd54 || MOV dword ptr [EAX + 0x4],ECX	Alu__base_subobject_vptr_write
0x00748805	FUN_00748805	0x00b0c8fc	Bop	Exp	base_subobject_vptr_write	0.76	1	2		4	true		0x007488ed,0x007488f2	MOV ECX,0xb0ce24 || MOV dword ptr [EAX + 0x4],ECX	Bop__base_subobject_vptr_write
0x00748805	FUN_00748805	0x00b0d2d4	Exp	Exp	base_subobject_vptr_write	0.76	1	2		4	true		0x007488dd,0x007488e2	MOV ECX,0xb0d134 || MOV dword ptr [EAX + 0x4],ECX	Exp__base_subobject_vptr_write
0x00748805	FUN_00748805	0x00b0d2e4	Cmm	Exp	destructor_or_virtual_reinit	0.84	1	2	1	4	true	self	0x007488f5,0x007488fa	MOV ECX,0xb0d1fc || MOV dword ptr [EAX + 0x4],ECX	Cmm__destructor_or_virtual_reinit
0x00748931	FUN_00748931	0x00b0c8ec	Alu	Exp	destructor_or_virtual_reinit	0.84	1	2	1	4	true	self	0x007489ef,0x007489f4	MOV ECX,0xb0cd54 || MOV dword ptr [EAX + 0x4],ECX	Alu__destructor_or_virtual_reinit
0x00748931	FUN_00748931	0x00b0c8fc	Bop	Exp	destructor_or_virtual_reinit	0.84	1	2	1	4	true	self	0x007489f7,0x007489fc	MOV ECX,0xb0ce24 || MOV dword ptr [EAX + 0x4],ECX	Bop__destructor_or_virtual_reinit
0x00748931	FUN_00748931	0x00b0d2d4	Exp	Exp	destructor_or_virtual_reinit	0.84	1	2	1	4	true	self	0x007489e7,0x007489ec	MOV ECX,0xb0d134 || MOV dword ptr [EAX + 0x4],ECX	Exp__destructor_or_virtual_reinit
0x00748931	FUN_00748931	0x00b0d2e4	Cmm	Exp	constructor_like_final_type	0.88	1	2		4	true		0x007489ff,0x00748a04	MOV ECX,0xb0d1fc || MOV dword ptr [EAX + 0x4],ECX	Cmm__constructor_like_final_type
0x00748a3e	FUN_00748a3e	0x00b0c8ec	Alu	Exp	base_subobject_vptr_write	0.76	1	2		4	true		0x00748aa9,0x00748aae	MOV ECX,0xb0cd54 || MOV dword ptr [EAX + 0x4],ECX	Alu__base_subobject_vptr_write
0x00748a3e	FUN_00748a3e	0x00b0c8fc	Bop	Exp	base_subobject_vptr_write	0.76	1	2		4	true		0x00748ab1,0x00748ab6	MOV ECX,0xb0ce24 || MOV dword ptr [EAX + 0x4],ECX	Bop__base_subobject_vptr_write
0x00748a3e	FUN_00748a3e	0x00b0c90c	Ncm	Exp	constructor_like_final_type	0.88	1	2		4	true		0x00748ab9,0x00748abe	MOV ECX,0xb0cefc || MOV dword ptr [EAX + 0x4],ECX	Ncm__constructor_like_final_type
0x00748a3e	FUN_00748a3e	0x00b0d2d4	Exp	Exp	base_subobject_vptr_write	0.76	1	2		4	true		0x00748aa1,0x00748aa6	MOV ECX,0xb0d134 || MOV dword ptr [EAX + 0x4],ECX	Exp__base_subobject_vptr_write
0x00748af0	FUN_00748af0	0x00b0c8ec	Alu	Exp	base_subobject_vptr_write	0.76	1	2		3	true		0x00748b5b,0x00748b60	MOV ECX,0xb0cd54 || MOV dword ptr [EAX + 0x4],ECX	Alu__base_subobject_vptr_write
0x00748af0	FUN_00748af0	0x00b0c91c	Uop	Exp	constructor_like_final_type	0.88	1	2		3	true		0x00748b63,0x00748b68	MOV ECX,0xb0cfd4 || MOV dword ptr [EAX + 0x4],ECX	Uop__constructor_like_final_type
0x00748af0	FUN_00748af0	0x00b0d2d4	Exp	Exp	base_subobject_vptr_write	0.76	1	2		3	true		0x00748b53,0x00748b58	MOV ECX,0xb0d134 || MOV dword ptr [EAX + 0x4],ECX	Exp__base_subobject_vptr_write
0x00748b94	FUN_00748b94	0x00b0c89c	Val	Exp	base_subobject_vptr_write	0.76	1	2		4	true		0x00748bfe,0x00748c03	MOV ECX,0xb0c92c || MOV dword ptr [EAX + 0x4],ECX	Val__base_subobject_vptr_write
0x00748b94	FUN_00748b94	0x00b0c8bc	Unk	Exp	base_subobject_vptr_write	0.76	1	2		4	true		0x00748c06,0x00748c0b	MOV ECX,0xb0cacc || MOV dword ptr [EAX + 0x4],ECX	Unk__base_subobject_vptr_write
0x00748b94	FUN_00748b94	0x00b0c8cc	Bot	Exp	constructor_like_final_type	0.88	1	2		4	true		0x00748c0e,0x00748c13	MOV ECX,0xb0cba4 || MOV dword ptr [EAX + 0x4],ECX	Bot__constructor_like_final_type
0x00748b94	FUN_00748b94	0x00b0d2d4	Exp	Exp	base_subobject_vptr_write	0.76	1	2		4	true		0x00748bf6,0x00748bfb	MOV ECX,0xb0d134 || MOV dword ptr [EAX + 0x4],ECX	Exp__base_subobject_vptr_write
0x0074959c	FUN_0074959c	0x00b0c89c	Val	Exp	base_subobject_vptr_write	0.76	1	2		3	true		0x00749667,0x0074966c	MOV ECX,0xb0c92c || MOV dword ptr [EAX + 0x4],ECX	Val__base_subobject_vptr_write
0x0074959c	FUN_0074959c	0x00b0c8ac	Num	Exp	constructor_like_final_type	0.88	1	2		3	true		0x0074966f,0x00749674	MOV ECX,0xb0c9fc || MOV dword ptr [EAX + 0x4],ECX	Num__constructor_like_final_type
0x0074959c	FUN_0074959c	0x00b0d2d4	Exp	Exp	base_subobject_vptr_write	0.76	1	2		3	true		0x0074965f,0x00749664	MOV ECX,0xb0d134 || MOV dword ptr [EAX + 0x4],ECX	Exp__base_subobject_vptr_write
0x0074a060	FUN_0074a060	0x00b0d3b8	obj_iter	obj_iter	base_subobject_vptr_write	0.76	1	4		2	true		0x0074a0b1,0x0074a0b6,0x0074a137,0x0074a13c	MOV ECX,0xb0d578 || MOV dword ptr [EAX],ECX	obj_iter__base_subobject_vptr_write
0x0074a060	FUN_0074a060	0x00b0d3c8	singleton_iter	obj_iter	constructor_like_final_type	0.88	1	4		2	true		0x0074a0b8,0x0074a0bd,0x0074a13e,0x0074a143	MOV ECX,0xb0d328 || MOV dword ptr [EAX],ECX	singleton_iter__constructor_like_final_type
0x0074a154	FUN_0074a154	0x00b0d3b8	obj_iter	obj_iter	base_subobject_vptr_write	0.76	1	4		2	true		0x0074a1a5,0x0074a1aa,0x0074a22b,0x0074a230	MOV ECX,0xb0d578 || MOV dword ptr [EAX],ECX	obj_iter__base_subobject_vptr_write
0x0074a154	FUN_0074a154	0x00b0d3f8	objectlist_iter	obj_iter	constructor_like_final_type	0.88	1	4		2	true		0x0074a1ac,0x0074a1b1,0x0074a232,0x0074a237	MOV ECX,0xb0d348 || MOV dword ptr [EAX],ECX	objectlist_iter__constructor_like_final_type
0x0074a8cd	FUN_0074a8cd	0x00b0d3e8	var_disjointsets	var_disjointsets	base_subobject_vptr_write	0.76	1	2		2	true		0x0074a90e,0x0074a913	MOV ECX,0xb0d368 || MOV dword ptr [EAX],ECX	var_disjointsets__base_subobject_vptr_write
0x0074a8cd	FUN_0074a8cd	0x00b0d428	var_disjointsets_impl	var_disjointsets	constructor_like_final_type	0.88	1	2		2	true		0x0074a915,0x0074a91a	MOV ECX,0xb0d390 || MOV dword ptr [EAX],ECX	var_disjointsets_impl__constructor_like_final_type
0x0074a948	FUN_0074a948	0x00b0d3d8	var_multimap	var_multimap	base_subobject_vptr_write	0.76	1	2		2	true		0x0074a985,0x0074a98a	MOV ECX,0xb0d4c8 || MOV dword ptr [EAX],ECX	var_multimap__base_subobject_vptr_write
0x0074a948	FUN_0074a948	0x00b0d408	var_multimap_impl	var_multimap	constructor_like_final_type	0.88	1	2		2	true		0x0074a98c,0x0074a991	MOV ECX,0xb0d520 || MOV dword ptr [EAX],ECX	var_multimap_impl__constructor_like_final_type
0x0074ab40	FUN_0074ab40	0x00b0d3b8	obj_iter	obj_iter	base_subobject_vptr_write	0.76	1	4		2	true		0x0074ab91,0x0074ab96,0x0074ac17,0x0074ac1c	MOV ECX,0xb0d578 || MOV dword ptr [EAX],ECX	obj_iter__base_subobject_vptr_write
0x0074ab40	FUN_0074ab40	0x00b0d418	var_map<objectlist>::var_map_iter	obj_iter	constructor_like_final_type	0.88	1	4		2	true		0x0074ab98,0x0074ab9d,0x0074ac1e,0x0074ac23	MOV ECX,0xb0d598 || MOV dword ptr [EAX],ECX	var_map_objectlist_var_map_iter__constructor_like_final_type
0x0074aeb0	FUN_0074aeb0	0x00b0d680	obj_iter	obj_iter	base_subobject_vptr_write	0.76	1	4		2	true		0x0074af01,0x0074af06,0x0074af87,0x0074af8c	MOV ECX,0xb0d640 || MOV dword ptr [EAX],ECX	obj_iter__base_subobject_vptr_write
0x0074aeb0	FUN_0074aeb0	0x00b0d8b8	objpairlist_searchiter	obj_iter	constructor_like_final_type	0.88	1	4		2	true		0x0074af08,0x0074af0d,0x0074af8e,0x0074af93	MOV ECX,0xb0d898 || MOV dword ptr [EAX],ECX	objpairlist_searchiter__constructor_like_final_type
0x0077233a	FUN_0077233a	0x00b0d908	InterblockDf	InterblockDf	vtable_reference	0.34	0	3		5	false		0x007723af,0x007724b1,0x007724f5	MOV EAX,0xb0d8f0	InterblockDf__vtable_reference
0x0077233a	FUN_0077233a	0x00b0e83c	IndDataFlow	InterblockDf	vtable_reference	0.34	0	3		5	false		0x007723c3,0x007724c5,0x00772509	MOV EAX,0xb0e624	IndDataFlow__vtable_reference
0x0077233a	FUN_0077233a	0x00b0e84c	RBFwdDataFlow	InterblockDf	vtable_reference	0.34	0	1		5	false		0x007723e2	MOV EAX,0xb0e6a4	RBFwdDataFlow__vtable_reference
0x0077233a	FUN_0077233a	0x00b0e85c	RBBkwdDataFlow	InterblockDf	vtable_reference	0.34	0	1		5	false		0x007724e4	MOV EAX,0xb0e724	RBBkwdDataFlow__vtable_reference
0x0077233a	FUN_0077233a	0x00b0e86c	RegReNameBkwdDataFlow	InterblockDf	vtable_reference	0.34	0	1		5	false		0x00772528	MOV EAX,0xb0e7a4	RegReNameBkwdDataFlow__vtable_reference
0x00779d93	FUN_00779d93	0x00b0e83c	IndDataFlow	InterblockDf	constructor_or_type_switch	0.68	1	2		3	false		0x00779dca,0x00779dcf	MOV EAX,0xb0e624 || MOV dword ptr [EBX + 0x14],EAX	IndDataFlow__constructor_or_type_switch
0x00779d93	FUN_00779d93	0x00b0e91c	InterblockDf	InterblockDf	constructor_or_type_switch	0.68	1	2		3	false		0x00779dbb,0x00779dc0	MOV EAX,0xb0e8d4 || MOV dword ptr [EBX + 0x14],EAX	InterblockDf__constructor_or_type_switch
0x00779d93	FUN_00779d93	0x00b0ed44	VNFwdDataFlow	InterblockDf	constructor_or_type_switch	0.68	1	2		3	false		0x00779dde,0x00779de3	MOV EAX,0xb0ecb0 || MOV dword ptr [EBX + 0x14],EAX	VNFwdDataFlow__constructor_or_type_switch
0x00781c4e	FUN_00781c4e	0x00b0edf0	ScavengingFixup	ScavengingFixup	constructor_like	0.93	1	2		1	true		0x00781c7e,0x00781c83	MOV EAX,0xb0ed90 || MOV dword ptr [EBX + 0x1c],EAX	ScavengingFixup__constructor_like
0x00785980	FUN_00785980	0x00b0f1ec	std::exception	std::exception	vtable_reference	0.34	0	1		2	true		0x007859bb	MOV ECX,0xb0f16c	std_exception__vtable_reference
0x00785980	FUN_00785980	0x00b0f1fc	std::bad_alloc	std::exception	vtable_reference	0.34	0	1		2	true		0x007859cb	MOV EAX,0xb0f18c	std_bad_alloc__vtable_reference
0x007859fb	FUN_007859fb	0x00b0f1ec	std::exception	std::exception	vtable_reference	0.34	0	1		2	true		0x00785a36	MOV ECX,0xb0f16c	std_exception__vtable_reference
0x007859fb	FUN_007859fb	0x00b0f1fc	std::bad_alloc	std::exception	vtable_reference	0.34	0	1		2	true		0x00785a46	MOV EAX,0xb0f18c	std_bad_alloc__vtable_reference
0x00786132	FUN_00786132	0x00b0f1ec	std::exception	std::exception	base_subobject_vptr_write	0.76	1	2		3	true		0x00786190,0x00786195	MOV ECX,0xb0f16c || MOV dword ptr [EBP + -0x24],ECX	std_exception__base_subobject_vptr_write
0x00786132	FUN_00786132	0x00b0f20c	std::logic_error	std::exception	base_subobject_vptr_write	0.76	1	2		3	true		0x0078619b,0x007861a0	MOV EAX,0xb0f1ac || MOV dword ptr [EBP + -0x24],EAX	std_logic_error__base_subobject_vptr_write
0x00786132	FUN_00786132	0x00b0f21c	std::length_error	std::exception	constructor_like_final_type	0.88	1	2		3	true	17	0x00786402,0x00786407	MOV EAX,0xb0f1cc || MOV dword ptr [EBP + -0x24],EAX	std_length_error__constructor_like_final_type
0x00787870	FUN_00787870	0x00b0f5dc	std::exception	std::exception	vtable_reference	0.34	0	1		2	true		0x007878ab	MOV ECX,0xb0f53c	std_exception__vtable_reference
0x00787870	FUN_00787870	0x00b0f5ec	std::bad_alloc	std::exception	vtable_reference	0.34	0	1		2	true		0x007878bb	MOV EAX,0xb0f55c	std_bad_alloc__vtable_reference
0x007878f0	FUN_007878f0	0x00b0f5dc	std::exception	std::exception	vtable_reference	0.34	0	1		2	true		0x0078792b	MOV ECX,0xb0f53c	std_exception__vtable_reference
0x007878f0	FUN_007878f0	0x00b0f5ec	std::bad_alloc	std::exception	vtable_reference	0.34	0	1		2	true		0x0078793b	MOV EAX,0xb0f55c	std_bad_alloc__vtable_reference
0x00787970	FUN_00787970	0x00b0f5dc	std::exception	std::exception	vtable_reference	0.34	0	1		2	true		0x007879ab	MOV ECX,0xb0f53c	std_exception__vtable_reference
0x00787970	FUN_00787970	0x00b0f5ec	std::bad_alloc	std::exception	vtable_reference	0.34	0	1		2	true		0x007879bb	MOV EAX,0xb0f55c	std_bad_alloc__vtable_reference
0x007879fb	FUN_007879fb	0x00b0f5dc	std::exception	std::exception	vtable_reference	0.34	0	1		2	true		0x00787a36	MOV ECX,0xb0f53c	std_exception__vtable_reference
0x007879fb	FUN_007879fb	0x00b0f5ec	std::bad_alloc	std::exception	vtable_reference	0.34	0	1		2	true		0x00787a46	MOV EAX,0xb0f55c	std_bad_alloc__vtable_reference
0x00787a7b	FUN_00787a7b	0x00b0f5dc	std::exception	std::exception	vtable_reference	0.34	0	1		2	true		0x00787ab6	MOV ECX,0xb0f53c	std_exception__vtable_reference
0x00787a7b	FUN_00787a7b	0x00b0f5ec	std::bad_alloc	std::exception	vtable_reference	0.34	0	1		2	true		0x00787ac6	MOV EAX,0xb0f55c	std_bad_alloc__vtable_reference
0x00787af6	FUN_00787af6	0x00b0f5dc	std::exception	std::exception	vtable_reference	0.34	0	1		2	true		0x00787b31	MOV ECX,0xb0f53c	std_exception__vtable_reference
0x00787af6	FUN_00787af6	0x00b0f5ec	std::bad_alloc	std::exception	vtable_reference	0.34	0	1		2	true		0x00787b41	MOV EAX,0xb0f55c	std_bad_alloc__vtable_reference
0x00787b81	FUN_00787b81	0x00b0f5dc	std::exception	std::exception	vtable_reference	0.34	0	1		2	true		0x00787bbc	MOV ECX,0xb0f53c	std_exception__vtable_reference
0x00787b81	FUN_00787b81	0x00b0f5ec	std::bad_alloc	std::exception	vtable_reference	0.34	0	1		2	true		0x00787bcc	MOV EAX,0xb0f55c	std_bad_alloc__vtable_reference
0x007883f1	FUN_007883f1	0x00b0f5dc	std::exception	std::exception	base_subobject_vptr_write	0.76	1	2		3	true		0x00788471,0x00788476	MOV ECX,0xb0f53c || MOV dword ptr [EBP + -0x24],ECX	std_exception__base_subobject_vptr_write
0x007883f1	FUN_007883f1	0x00b0f5fc	std::logic_error	std::exception	base_subobject_vptr_write	0.76	1	2		3	true		0x0078847c,0x00788481	MOV EAX,0xb0f57c || MOV dword ptr [EBP + -0x24],EAX	std_logic_error__base_subobject_vptr_write
0x007883f1	FUN_007883f1	0x00b0f60c	std::length_error	std::exception	constructor_like_final_type	0.88	1	2		3	true		0x007886e3,0x007886e8	MOV EAX,0xb0f59c || MOV dword ptr [EBP + -0x24],EAX	std_length_error__constructor_like_final_type
0x00788774	FUN_00788774	0x00b0f5dc	std::exception	std::exception	base_subobject_vptr_write	0.76	1	2		3	true		0x007887f4,0x007887f9	MOV ECX,0xb0f53c || MOV dword ptr [EBP + -0x24],ECX	std_exception__base_subobject_vptr_write
0x00788774	FUN_00788774	0x00b0f5fc	std::logic_error	std::exception	base_subobject_vptr_write	0.76	1	2		3	true		0x007887ff,0x00788804	MOV EAX,0xb0f57c || MOV dword ptr [EBP + -0x24],EAX	std_logic_error__base_subobject_vptr_write
0x00788774	FUN_00788774	0x00b0f60c	std::length_error	std::exception	constructor_like_final_type	0.88	1	2		3	true		0x00788a66,0x00788a6b	MOV EAX,0xb0f59c || MOV dword ptr [EBP + -0x24],EAX	std_length_error__constructor_like_final_type
0x00788af7	FUN_00788af7	0x00b0f5dc	std::exception	std::exception	base_subobject_vptr_write	0.76	1	2		3	true		0x00788b77,0x00788b7c	MOV ECX,0xb0f53c || MOV dword ptr [EBP + -0x24],ECX	std_exception__base_subobject_vptr_write
0x00788af7	FUN_00788af7	0x00b0f5fc	std::logic_error	std::exception	base_subobject_vptr_write	0.76	1	2		3	true		0x00788b82,0x00788b87	MOV EAX,0xb0f57c || MOV dword ptr [EBP + -0x24],EAX	std_logic_error__base_subobject_vptr_write
0x00788af7	FUN_00788af7	0x00b0f60c	std::length_error	std::exception	constructor_like_final_type	0.88	1	2		3	true		0x00788de9,0x00788dee	MOV EAX,0xb0f59c || MOV dword ptr [EBP + -0x24],EAX	std_length_error__constructor_like_final_type
0x00788e7a	FUN_00788e7a	0x00b0f5dc	std::exception	std::exception	base_subobject_vptr_write	0.76	1	2		3	true		0x00788f29,0x00788f2e	MOV ECX,0xb0f53c || MOV dword ptr [EBP + -0x2c],ECX	std_exception__base_subobject_vptr_write
0x00788e7a	FUN_00788e7a	0x00b0f5fc	std::logic_error	std::exception	base_subobject_vptr_write	0.76	1	2		3	true		0x00788f34,0x00788f39	MOV EAX,0xb0f57c || MOV dword ptr [EBP + -0x2c],EAX	std_logic_error__base_subobject_vptr_write
0x00788e7a	FUN_00788e7a	0x00b0f60c	std::length_error	std::exception	constructor_like_final_type	0.88	1	2		3	true		0x0078919b,0x007891a0	MOV EAX,0xb0f59c || MOV dword ptr [EBP + -0x2c],EAX	std_length_error__constructor_like_final_type
0x007894a5	FUN_007894a5	0x00b0f5dc	std::exception	std::exception	base_subobject_vptr_write	0.76	1	2		3	true		0x00789554,0x00789559	MOV ECX,0xb0f53c || MOV dword ptr [EBP + -0x2c],ECX	std_exception__base_subobject_vptr_write
0x007894a5	FUN_007894a5	0x00b0f5fc	std::logic_error	std::exception	base_subobject_vptr_write	0.76	1	2		3	true		0x0078955f,0x00789564	MOV EAX,0xb0f57c || MOV dword ptr [EBP + -0x2c],EAX	std_logic_error__base_subobject_vptr_write
0x007894a5	FUN_007894a5	0x00b0f60c	std::length_error	std::exception	constructor_like_final_type	0.88	1	2		3	true		0x007897c6,0x007897cb	MOV EAX,0xb0f59c || MOV dword ptr [EBP + -0x2c],EAX	std_length_error__constructor_like_final_type
0x00789ad0	FUN_00789ad0	0x00b0f5dc	std::exception	std::exception	base_subobject_vptr_write	0.76	1	2		3	true		0x00789b7f,0x00789b84	MOV ECX,0xb0f53c || MOV dword ptr [EBP + -0x2c],ECX	std_exception__base_subobject_vptr_write
0x00789ad0	FUN_00789ad0	0x00b0f5fc	std::logic_error	std::exception	base_subobject_vptr_write	0.76	1	2		3	true		0x00789b8a,0x00789b8f	MOV EAX,0xb0f57c || MOV dword ptr [EBP + -0x2c],EAX	std_logic_error__base_subobject_vptr_write
0x00789ad0	FUN_00789ad0	0x00b0f60c	std::length_error	std::exception	constructor_like_final_type	0.88	1	2		3	true		0x00789df1,0x00789df6	MOV EAX,0xb0f59c || MOV dword ptr [EBP + -0x2c],EAX	std_length_error__constructor_like_final_type
0x0078a272	FUN_0078a272	0x00b0f5dc	std::exception	std::exception	base_subobject_vptr_write	0.76	1	2		3	true		0x0078a2d0,0x0078a2d5	MOV ECX,0xb0f53c || MOV dword ptr [EBP + -0x24],ECX	std_exception__base_subobject_vptr_write
0x0078a272	FUN_0078a272	0x00b0f5fc	std::logic_error	std::exception	base_subobject_vptr_write	0.76	1	2		3	true		0x0078a2db,0x0078a2e0	MOV EAX,0xb0f57c || MOV dword ptr [EBP + -0x24],EAX	std_logic_error__base_subobject_vptr_write
0x0078a272	FUN_0078a272	0x00b0f60c	std::length_error	std::exception	constructor_like_final_type	0.88	1	2		3	true		0x0078a542,0x0078a547	MOV EAX,0xb0f59c || MOV dword ptr [EBP + -0x24],EAX	std_length_error__constructor_like_final_type
0x0078abd5	FUN_0078abd5	0x00b0c7cc	operand_parser	operand_parser	constructor_like	0.93	1	2		1	true		0x0078abfb,0x0078ac00	MOV EAX,0xb0c64c || MOV dword ptr [EBX + 0x2c],EAX	operand_parser__constructor_like
0x0078ac6b	FUN_0078ac6b	0x00b10d30	register_range	operand_parser	constructor_like	0.93	1	2		1	true		0x0078ac9e,0x0078aca3	MOV EAX,0xb105b0 || MOV dword ptr [EBX + 0x2c],EAX	register_range__constructor_like
0x0078af4d	FUN_0078af4d	0x00b0f5dc	std::exception	std::exception	base_subobject_vptr_write	0.76	1	2		3	true		0x0078afab,0x0078afb0	MOV EAX,0xb0f53c || MOV dword ptr [EBP + -0x28],EAX	std_exception__base_subobject_vptr_write
0x0078af4d	FUN_0078af4d	0x00b0f5fc	std::logic_error	std::exception	base_subobject_vptr_write	0.76	1	2		3	true		0x0078afb6,0x0078afbb	MOV EAX,0xb0f57c || MOV dword ptr [EBP + -0x28],EAX	std_logic_error__base_subobject_vptr_write
0x0078af4d	FUN_0078af4d	0x00b0f61c	std::out_of_range	std::exception	constructor_like_final_type	0.88	1	2		3	true		0x0078b21d,0x0078b222	MOV EAX,0xb0f5bc || MOV dword ptr [EBP + -0x28],EAX	std_out_of_range__constructor_like_final_type
0x0078b3d6	FUN_0078b3d6	0x00b10d40	register_set	operand_parser	constructor_like	0.93	1	2		1	true		0x0078b411,0x0078b416	MOV EAX,0xb10068 || MOV dword ptr [EBX + 0x2c],EAX	register_set__constructor_like
0x0078b927	FUN_0078b927	0x00b0f5dc	std::exception	std::exception	base_subobject_vptr_write	0.76	1	2		3	true		0x0078b985,0x0078b98a	MOV EAX,0xb0f53c || MOV dword ptr [EBP + -0x28],EAX	std_exception__base_subobject_vptr_write
0x0078b927	FUN_0078b927	0x00b0f5fc	std::logic_error	std::exception	base_subobject_vptr_write	0.76	1	2		3	true		0x0078b990,0x0078b995	MOV EAX,0xb0f57c || MOV dword ptr [EBP + -0x28],EAX	std_logic_error__base_subobject_vptr_write
0x0078b927	FUN_0078b927	0x00b0f61c	std::out_of_range	std::exception	constructor_like_final_type	0.88	1	2		3	true		0x0078bbf7,0x0078bbfc	MOV EAX,0xb0f5bc || MOV dword ptr [EBP + -0x28],EAX	std_out_of_range__constructor_like_final_type
0x0078bdb0	FUN_0078bdb0	0x00b10d50	register_implicit	operand_parser	constructor_like	0.93	1	2		1	true		0x0078bde3,0x0078bde8	MOV EAX,0xb10670 || MOV dword ptr [EBX + 0x2c],EAX	register_implicit__constructor_like
0x0078be11	FUN_0078be11	0x00b0f5dc	std::exception	std::exception	base_subobject_vptr_write	0.76	1	2		3	true		0x0078be64,0x0078be69	MOV ECX,0xb0f53c || MOV dword ptr [EBP + -0x28],ECX	std_exception__base_subobject_vptr_write
0x0078be11	FUN_0078be11	0x00b0f5fc	std::logic_error	std::exception	base_subobject_vptr_write	0.76	1	2		3	true		0x0078be6f,0x0078be74	MOV EAX,0xb0f57c || MOV dword ptr [EBP + -0x28],EAX	std_logic_error__base_subobject_vptr_write
0x0078be11	FUN_0078be11	0x00b0f61c	std::out_of_range	std::exception	constructor_like_final_type	0.88	1	2		3	true		0x0078c0d8,0x0078c0dd	MOV EAX,0xb0f5bc || MOV dword ptr [EBP + -0x28],EAX	std_out_of_range__constructor_like_final_type
0x0078c194	FUN_0078c194	0x00b10d70	immediate	operand_parser	constructor_like	0.93	1	2		1	true		0x0078c1e1,0x0078c1e6	MOV EAX,0xb101e8 || MOV dword ptr [EBX + 0x2c],EAX	immediate__constructor_like
0x0078daa3	FUN_0078daa3	0x00b0c7dc	immediate_implicit	operand_parser	constructor_like	0.93	1	2		1	true	20	0x0078dafa,0x0078daff	MOV EAX,0xb0c70c || MOV dword ptr [EBX + 0x2c],EAX	immediate_implicit__constructor_like
0x0078db21	FUN_0078db21	0x00b10d90	statictext	operand_parser	constructor_like	0.93	1	2		1	true		0x0078db54,0x0078db59	MOV EAX,0xb102a8 || MOV dword ptr [EBX + 0x2c],EAX	statictext__constructor_like
0x0078dd43	FUN_0078dd43	0x00b10e20	ignore	operand_parser	constructor_like	0.93	1	2		1	true		0x0078dd75,0x0078dd7a	MOV EAX,0xb10730 || MOV dword ptr [EBX + 0x2c],EAX	ignore__constructor_like
0x0078dda2	FUN_0078dda2	0x00b10da0	hardcode	operand_parser	constructor_like	0.93	1	2		1	true		0x0078ddd5,0x0078ddda	MOV EAX,0xb10368 || MOV dword ptr [EBX + 0x2c],EAX	hardcode__constructor_like
0x0078de90	FUN_0078de90	0x00b10d60	textset	operand_parser	constructor_like	0.93	1	2		1	true		0x0078decd,0x0078ded2	MOV EAX,0xb10128 || MOV dword ptr [EBX + 0x2c],EAX	textset__constructor_like
0x0078e2ac	FUN_0078e2ac	0x00b10db0	compose	operand_parser	constructor_like	0.93	1	2		1	true		0x0078e2e9,0x0078e2ee	MOV EAX,0xb107f0 || MOV dword ptr [EBX + 0x2c],EAX	compose__constructor_like
0x0078f45c	FUN_0078f45c	0x00b10dc0	choose	operand_parser	constructor_like	0.93	1	2		1	true		0x0078f499,0x0078f49e	MOV EAX,0xb10428 || MOV dword ptr [EBX + 0x2c],EAX	choose__constructor_like
0x0078feb2	FUN_0078feb2	0x00b10dd0	multiple_fields	operand_parser	constructor_like	0.93	1	2		1	true		0x0078fee5,0x0078feea	MOV EAX,0xb104e8 || MOV dword ptr [EBX + 0x2c],EAX	multiple_fields__constructor_like
0x007901d6	FUN_007901d6	0x00b10de0	split_fields	operand_parser	constructor_like	0.93	1	2		1	true		0x00790213,0x00790218	MOV EAX,0xb10970 || MOV dword ptr [EBX + 0x2c],EAX	split_fields__constructor_like
0x00790514	FUN_00790514	0x00b10d80	register_list	operand_parser	constructor_like	0.93	1	2		1	true		0x00790547,0x0079054c	MOV EAX,0xb10a30 || MOV dword ptr [EBX + 0x2c],EAX	register_list__constructor_like
0x007909cf	FUN_007909cf	0x00b10e30	mnemonic_placeholder	operand_parser	constructor_like	0.93	1	2		1	true		0x00790a01,0x00790a06	MOV EAX,0xb10af0 || MOV dword ptr [EBX + 0x2c],EAX	mnemonic_placeholder__constructor_like
0x00790a2e	FUN_00790a2e	0x00b10e10	sameas	operand_parser	constructor_like	0.93	1	2		1	true		0x00790a61,0x00790a66	MOV EAX,0xb108b0 || MOV dword ptr [EBX + 0x2c],EAX	sameas__constructor_like
0x00790abd	FUN_00790abd	0x00b10e00	join	operand_parser	constructor_like	0.93	1	2		1	true		0x00790af0,0x00790af5	MOV EAX,0xb10bb0 || MOV dword ptr [EBX + 0x2c],EAX	join__constructor_like
0x00791273	FUN_00791273	0x00b10df0	suffix	operand_parser	constructor_like	0.93	1	2		1	true		0x007912a6,0x007912ab	MOV EAX,0xb10c70 || MOV dword ptr [EBX + 0x2c],EAX	suffix__constructor_like
0x00791930	FUN_00791930	0x00b10f10	std::exception	std::exception	vtable_reference	0.34	0	1		2	true		0x0079196b	MOV ECX,0xb10e70	std_exception__vtable_reference
0x00791930	FUN_00791930	0x00b10f20	std::bad_alloc	std::exception	vtable_reference	0.34	0	1		2	true		0x0079197b	MOV EAX,0xb10e90	std_bad_alloc__vtable_reference
0x007919b0	FUN_007919b0	0x00b10f10	std::exception	std::exception	vtable_reference	0.34	0	1		2	true		0x007919eb	MOV ECX,0xb10e70	std_exception__vtable_reference
0x007919b0	FUN_007919b0	0x00b10f20	std::bad_alloc	std::exception	vtable_reference	0.34	0	1		2	true		0x007919fb	MOV EAX,0xb10e90	std_bad_alloc__vtable_reference
0x00791a37	FUN_00791a37	0x00b10f10	std::exception	std::exception	vtable_reference	0.34	0	1		2	true		0x00791a72	MOV ECX,0xb10e70	std_exception__vtable_reference
0x00791a37	FUN_00791a37	0x00b10f20	std::bad_alloc	std::exception	vtable_reference	0.34	0	1		2	true		0x00791a82	MOV EAX,0xb10e90	std_bad_alloc__vtable_reference
0x00791ac2	FUN_00791ac2	0x00b10f10	std::exception	std::exception	vtable_reference	0.34	0	1		2	true		0x00791afd	MOV ECX,0xb10e70	std_exception__vtable_reference
0x00791ac2	FUN_00791ac2	0x00b10f20	std::bad_alloc	std::exception	vtable_reference	0.34	0	1		2	true		0x00791b0d	MOV EAX,0xb10e90	std_bad_alloc__vtable_reference
0x00791b4d	FUN_00791b4d	0x00b10f10	std::exception	std::exception	vtable_reference	0.34	0	1		2	true		0x00791b88	MOV ECX,0xb10e70	std_exception__vtable_reference
0x00791b4d	FUN_00791b4d	0x00b10f20	std::bad_alloc	std::exception	vtable_reference	0.34	0	1		2	true		0x00791b98	MOV EAX,0xb10e90	std_bad_alloc__vtable_reference
0x00791bd8	FUN_00791bd8	0x00b10f10	std::exception	std::exception	vtable_reference	0.34	0	1		2	true		0x00791c13	MOV ECX,0xb10e70	std_exception__vtable_reference
0x00791bd8	FUN_00791bd8	0x00b10f20	std::bad_alloc	std::exception	vtable_reference	0.34	0	1		2	true		0x00791c23	MOV EAX,0xb10e90	std_bad_alloc__vtable_reference
0x00791c63	FUN_00791c63	0x00b10f10	std::exception	std::exception	vtable_reference	0.34	0	1		2	true		0x00791c9e	MOV ECX,0xb10e70	std_exception__vtable_reference
0x00791c63	FUN_00791c63	0x00b10f20	std::bad_alloc	std::exception	vtable_reference	0.34	0	1		2	true		0x00791cae	MOV EAX,0xb10e90	std_bad_alloc__vtable_reference
0x007928f3	FUN_007928f3	0x00b10f10	std::exception	std::exception	base_subobject_vptr_write	0.76	1	2		3	true		0x0079293d,0x00792942	MOV ECX,0xb10e70 || MOV dword ptr [EBP + -0x28],ECX	std_exception__base_subobject_vptr_write
0x007928f3	FUN_007928f3	0x00b10f30	std::logic_error	std::exception	base_subobject_vptr_write	0.76	1	2		3	true		0x00792948,0x0079294d	MOV EAX,0xb10eb0 || MOV dword ptr [EBP + -0x28],EAX	std_logic_error__base_subobject_vptr_write
0x007928f3	FUN_007928f3	0x00b10f50	std::out_of_range	std::exception	constructor_like_final_type	0.88	1	2		3	true		0x00792bb7,0x00792bbc	MOV EAX,0xb10ef0 || MOV dword ptr [EBP + -0x28],EAX	std_out_of_range__constructor_like_final_type
0x007932a3	FUN_007932a3	0x00b10f10	std::exception	std::exception	base_subobject_vptr_write	0.76	1	2		3	true		0x00793305,0x0079330a	MOV EAX,0xb10e70 || MOV dword ptr [EBP + -0x28],EAX	std_exception__base_subobject_vptr_write
0x007932a3	FUN_007932a3	0x00b10f30	std::logic_error	std::exception	base_subobject_vptr_write	0.76	1	2		3	true		0x00793310,0x00793315	MOV EAX,0xb10eb0 || MOV dword ptr [EBP + -0x28],EAX	std_logic_error__base_subobject_vptr_write
0x007932a3	FUN_007932a3	0x00b10f40	std::length_error	std::exception	constructor_like_final_type	0.88	1	2		3	true		0x00793583,0x00793588	MOV EAX,0xb10ed0 || MOV dword ptr [EBP + -0x28],EAX	std_length_error__constructor_like_final_type
0x0079392c	FUN_0079392c	0x00b10f10	std::exception	std::exception	base_subobject_vptr_write	0.76	1	2		3	true		0x0079398e,0x00793993	MOV EAX,0xb10e70 || MOV dword ptr [EBP + -0x28],EAX	std_exception__base_subobject_vptr_write
0x0079392c	FUN_0079392c	0x00b10f30	std::logic_error	std::exception	base_subobject_vptr_write	0.76	1	2		3	true		0x00793999,0x0079399e	MOV EAX,0xb10eb0 || MOV dword ptr [EBP + -0x28],EAX	std_logic_error__base_subobject_vptr_write
0x0079392c	FUN_0079392c	0x00b10f40	std::length_error	std::exception	constructor_like_final_type	0.88	1	2		3	true		0x00793c0e,0x00793c13	MOV EAX,0xb10ed0 || MOV dword ptr [EBP + -0x28],EAX	std_length_error__constructor_like_final_type
0x0079431f	FUN_0079431f	0x00b10f10	std::exception	std::exception	base_subobject_vptr_write	0.76	1	2		3	true		0x0079439f,0x007943a4	MOV ECX,0xb10e70 || MOV dword ptr [EBP + -0x24],ECX	std_exception__base_subobject_vptr_write
0x0079431f	FUN_0079431f	0x00b10f30	std::logic_error	std::exception	base_subobject_vptr_write	0.76	1	2		3	true		0x007943aa,0x007943af	MOV EAX,0xb10eb0 || MOV dword ptr [EBP + -0x24],EAX	std_logic_error__base_subobject_vptr_write
0x0079431f	FUN_0079431f	0x00b10f40	std::length_error	std::exception	constructor_like_final_type	0.88	1	2		3	true		0x00794611,0x00794616	MOV EAX,0xb10ed0 || MOV dword ptr [EBP + -0x24],EAX	std_length_error__constructor_like_final_type
0x007946ad	FUN_007946ad	0x00b10f10	std::exception	std::exception	base_subobject_vptr_write	0.76	1	2		3	true		0x0079472d,0x00794732	MOV ECX,0xb10e70 || MOV dword ptr [EBP + -0x24],ECX	std_exception__base_subobject_vptr_write
0x007946ad	FUN_007946ad	0x00b10f30	std::logic_error	std::exception	base_subobject_vptr_write	0.76	1	2		3	true		0x00794738,0x0079473d	MOV EAX,0xb10eb0 || MOV dword ptr [EBP + -0x24],EAX	std_logic_error__base_subobject_vptr_write
0x007946ad	FUN_007946ad	0x00b10f40	std::length_error	std::exception	constructor_like_final_type	0.88	1	2		3	true		0x0079499f,0x007949a4	MOV EAX,0xb10ed0 || MOV dword ptr [EBP + -0x24],EAX	std_length_error__constructor_like_final_type
0x00794a30	FUN_00794a30	0x00b10f10	std::exception	std::exception	base_subobject_vptr_write	0.76	1	2		3	true		0x00794adf,0x00794ae4	MOV ECX,0xb10e70 || MOV dword ptr [EBP + -0x2c],ECX	std_exception__base_subobject_vptr_write
0x00794a30	FUN_00794a30	0x00b10f30	std::logic_error	std::exception	base_subobject_vptr_write	0.76	1	2		3	true		0x00794aea,0x00794aef	MOV EAX,0xb10eb0 || MOV dword ptr [EBP + -0x2c],EAX	std_logic_error__base_subobject_vptr_write
0x00794a30	FUN_00794a30	0x00b10f40	std::length_error	std::exception	constructor_like_final_type	0.88	1	2		3	true		0x00794d51,0x00794d56	MOV EAX,0xb10ed0 || MOV dword ptr [EBP + -0x2c],EAX	std_length_error__constructor_like_final_type
0x0079525f	FUN_0079525f	0x00b10f10	std::exception	std::exception	base_subobject_vptr_write	0.76	1	2		3	true		0x007952bd,0x007952c2	MOV ECX,0xb10e70 || MOV dword ptr [EBP + -0x24],ECX	std_exception__base_subobject_vptr_write
0x0079525f	FUN_0079525f	0x00b10f30	std::logic_error	std::exception	base_subobject_vptr_write	0.76	1	2		3	true		0x007952c8,0x007952cd	MOV EAX,0xb10eb0 || MOV dword ptr [EBP + -0x24],EAX	std_logic_error__base_subobject_vptr_write
0x0079525f	FUN_0079525f	0x00b10f40	std::length_error	std::exception	constructor_like_final_type	0.88	1	2		3	true		0x0079552f,0x00795534	MOV EAX,0xb10ed0 || MOV dword ptr [EBP + -0x24],EAX	std_length_error__constructor_like_final_type
0x007955a0	FUN_007955a0	0x00b10f10	std::exception	std::exception	base_subobject_vptr_write	0.76	1	2		3	true		0x007955fe,0x00795603	MOV ECX,0xb10e70 || MOV dword ptr [EBP + -0x24],ECX	std_exception__base_subobject_vptr_write
0x007955a0	FUN_007955a0	0x00b10f30	std::logic_error	std::exception	base_subobject_vptr_write	0.76	1	2		3	true		0x00795609,0x0079560e	MOV EAX,0xb10eb0 || MOV dword ptr [EBP + -0x24],EAX	std_logic_error__base_subobject_vptr_write
0x007955a0	FUN_007955a0	0x00b10f40	std::length_error	std::exception	constructor_like_final_type	0.88	1	2		3	true		0x00795870,0x00795875	MOV EAX,0xb10ed0 || MOV dword ptr [EBP + -0x24],EAX	std_length_error__constructor_like_final_type
0x00796899	FUN_00796899	0x00b1155c	Disassembler	Disassembler	constructor_like	0.93	1	2		1	true		0x007968c4,0x007968c9	MOV EAX,0xb114b4 || MOV dword ptr [EBX + 0x120],EAX	Disassembler__constructor_like
0x00797bb6	FUN_00797bb6	0x00b10f10	std::exception	std::exception	base_subobject_vptr_write	0.76	1	2		3	true		0x00798637,0x0079863c	MOV ECX,0xb10e70 || MOV dword ptr [EBP + 0xffffff70],ECX	std_exception__base_subobject_vptr_write
0x00797bb6	FUN_00797bb6	0x00b10f30	std::logic_error	std::exception	base_subobject_vptr_write	0.76	1	2		3	true		0x00798648,0x0079864d	MOV ECX,0xb10eb0 || MOV dword ptr [EBP + 0xffffff70],ECX	std_logic_error__base_subobject_vptr_write
0x00797bb6	FUN_00797bb6	0x00b10f50	std::out_of_range	std::exception	constructor_like_final_type	0.88	1	2		3	true		0x00798907,0x0079890c	MOV ECX,0xb10ef0 || MOV dword ptr [EBP + 0xffffff70],ECX	std_out_of_range__constructor_like_final_type
0x007991de	FUN_007991de	0x00b10f10	std::exception	std::exception	base_subobject_vptr_write	0.76	3	6		3	true		0x007999aa,0x007999af,0x0079a040,0x0079a045,0x0079a4ea,0x0079a4ef	MOV ECX,0xb10e70 || MOV dword ptr [EBP + 0xfffffec4],ECX || MOV dword ptr [EBP + 0xffffff04],ECX || MOV dword ptr [EBP + 0xffffff44],ECX	std_exception__base_subobject_vptr_write
0x007991de	FUN_007991de	0x00b10f30	std::logic_error	std::exception	base_subobject_vptr_write	0.76	3	6		3	true		0x007999bb,0x007999c0,0x0079a051,0x0079a056,0x0079a4fb,0x0079a500	MOV ECX,0xb10eb0 || MOV dword ptr [EBP + 0xfffffec4],ECX || MOV dword ptr [EBP + 0xffffff04],ECX || MOV dword ptr [EBP + 0xffffff44],ECX	std_logic_error__base_subobject_vptr_write
0x007991de	FUN_007991de	0x00b10f50	std::out_of_range	std::exception	constructor_like_final_type	0.88	3	6		3	true		0x00799cb3,0x00799cb8,0x0079a33e,0x0079a343,0x0079a7e6,0x0079a7eb	MOV ECX,0xb10ef0 || MOV dword ptr [EBP + 0xfffffec4],ECX || MOV dword ptr [EBP + 0xffffff04],ECX || MOV dword ptr [EBP + 0xffffff44],ECX	std_out_of_range__constructor_like_final_type
0x0079cc24	FUN_0079cc24	0x00b11aa8	std::exception	std::exception	vtable_reference	0.34	0	1		2	true		0x0079cc5f	MOV ECX,0xb11a28	std_exception__vtable_reference
0x0079cc24	FUN_0079cc24	0x00b11ab8	std::bad_alloc	std::exception	vtable_reference	0.34	0	1		2	true		0x0079cc6f	MOV EAX,0xb11a48	std_bad_alloc__vtable_reference
0x0079cc9f	FUN_0079cc9f	0x00b11aa8	std::exception	std::exception	vtable_reference	0.34	0	1		2	true		0x0079ccda	MOV ECX,0xb11a28	std_exception__vtable_reference
0x0079cc9f	FUN_0079cc9f	0x00b11ab8	std::bad_alloc	std::exception	vtable_reference	0.34	0	1		2	true		0x0079ccea	MOV EAX,0xb11a48	std_bad_alloc__vtable_reference
0x0079d3d6	FUN_0079d3d6	0x00b11aa8	std::exception	std::exception	base_subobject_vptr_write	0.76	1	2		3	true		0x0079d434,0x0079d439	MOV ECX,0xb11a28 || MOV dword ptr [EBP + -0x24],ECX	std_exception__base_subobject_vptr_write
0x0079d3d6	FUN_0079d3d6	0x00b11ac8	std::logic_error	std::exception	base_subobject_vptr_write	0.76	1	2		3	true		0x0079d43f,0x0079d444	MOV EAX,0xb11a68 || MOV dword ptr [EBP + -0x24],EAX	std_logic_error__base_subobject_vptr_write
0x0079d3d6	FUN_0079d3d6	0x00b11ad8	std::length_error	std::exception	constructor_like_final_type	0.88	1	2		3	true	17	0x0079d6a6,0x0079d6ab	MOV EAX,0xb11a88 || MOV dword ptr [EBP + -0x24],EAX	std_length_error__constructor_like_final_type
0x0079d78c	FUN_0079d78c	0x00b11f18	IndInst::instop	IndInst::instop	base_subobject_vptr_write	0.76	1	2		2	true		0x0079d7b1,0x0079d7b6	MOV EAX,0xb11e78 || MOV dword ptr [EBX + 0x10],EAX	IndInst_instop__base_subobject_vptr_write
0x0079d78c	FUN_0079d78c	0x00b11f48	IndInst::instopcomp	IndInst::instop	constructor_like_final_type	0.88	1	2		2	true		0x0079d7e0,0x0079d7e5	MOV EAX,0xb11ed8 || MOV dword ptr [EBX + 0x10],EAX	IndInst_instopcomp__constructor_like_final_type
0x0079d894	FUN_0079d894	0x00b11f18	IndInst::instop	IndInst::instop	constructor_like	0.93	1	2		1	true		0x0079d8bc,0x0079d8c1	MOV ECX,0xb11e78 || MOV dword ptr [EAX + 0x10],ECX	IndInst_instop__constructor_like
0x0079d993	FUN_0079d993	0x00b11f18	IndInst::instop	IndInst::instop	base_subobject_vptr_write	0.76	1	2		2	true		0x0079d9cf,0x0079d9d4	MOV ECX,0xb11e78 || MOV dword ptr [EAX + 0x10],ECX	IndInst_instop__base_subobject_vptr_write
0x0079d993	FUN_0079d993	0x00b11f28	IndInst::instopreg	IndInst::instop	destructor_or_virtual_reinit	0.84	1	2	1	2	true	self	0x0079d9fc,0x0079da01	MOV ECX,0xb11e98 || MOV dword ptr [EAX + 0x10],ECX	IndInst_instopreg__destructor_or_virtual_reinit
0x0079daaf	FUN_0079daaf	0x00b11f18	IndInst::instop	IndInst::instop	base_subobject_vptr_write	0.76	1	2		2	true		0x0079daeb,0x0079daf0	MOV ECX,0xb11e78 || MOV dword ptr [EAX + 0x10],ECX	IndInst_instop__base_subobject_vptr_write
0x0079daaf	FUN_0079daaf	0x00b11f38	IndInst::instopimm	IndInst::instop	destructor_or_virtual_reinit	0.84	1	2	1	2	true	self	0x0079db18,0x0079db1d	MOV ECX,0xb11eb8 || MOV dword ptr [EAX + 0x10],ECX	IndInst_instopimm__destructor_or_virtual_reinit
0x0079dc2a	FUN_0079dc2a	0x00b11f48	IndInst::instopcomp	IndInst::instop	destructor_or_virtual_reinit	0.84	1	2	0	1	true	self	0x0079dc3c,0x0079dc41	MOV EAX,0xb11ed8 || MOV dword ptr [EBX + 0x10],EAX	IndInst_instopcomp__destructor_or_virtual_reinit
0x0079de2e	FUN_0079de2e	0x00b11f58	IndInst::instopreglist	IndInst::instop	destructor_or_virtual_reinit	0.84	1	2	0	1	true	self	0x0079de40,0x0079de45	MOV EAX,0xb11ef8 || MOV dword ptr [EBX + 0x10],EAX	IndInst_instopreglist__destructor_or_virtual_reinit
0x0079deed	FUN_0079deed	0x00b11f18	IndInst::instop	IndInst::instop	base_subobject_vptr_write	0.76	1	2		2	true		0x0079df31,0x0079df36	MOV EAX,0xb11e78 || MOV dword ptr [EBX + 0x10],EAX	IndInst_instop__base_subobject_vptr_write
0x0079deed	FUN_0079deed	0x00b11f58	IndInst::instopreglist	IndInst::instop	destructor_or_virtual_reinit	0.84	1	2	1	2	true	self	0x0079df5e,0x0079df63	MOV EAX,0xb11ef8 || MOV dword ptr [EBX + 0x10],EAX	IndInst_instopreglist__destructor_or_virtual_reinit
0x0079e5db	FUN_0079e5db	0x00b12800	OutputGen	OutputGen	base_subobject_vptr_write	0.76	1	2		2	true		0x0079e5e2,0x0079e5e7	MOV EAX,0xb12738 || MOV dword ptr [EBP + -0x8],EAX	OutputGen__base_subobject_vptr_write
0x0079e5db	FUN_0079e5db	0x00b12820	FileOutputGen	OutputGen	constructor_like_final_type	0.88	1	2		2	true		0x0079e5ea,0x0079e5ef	MOV EAX,0xb12788 || MOV dword ptr [EBP + -0x8],EAX	FileOutputGen__constructor_like_final_type
0x0079ecfd	FUN_0079ecfd	0x00b12008	std::exception	std::exception	vtable_reference	0.34	0	1		2	true		0x0079ed38	MOV ECX,0xb11f88	std_exception__vtable_reference
0x0079ecfd	FUN_0079ecfd	0x00b12018	std::bad_alloc	std::exception	vtable_reference	0.34	0	1		2	true		0x0079ed48	MOV EAX,0xb11fa8	std_bad_alloc__vtable_reference
0x0079ed88	FUN_0079ed88	0x00b12008	std::exception	std::exception	vtable_reference	0.34	0	1		2	true		0x0079edc3	MOV ECX,0xb11f88	std_exception__vtable_reference
0x0079ed88	FUN_0079ed88	0x00b12018	std::bad_alloc	std::exception	vtable_reference	0.34	0	1		2	true		0x0079edd3	MOV EAX,0xb11fa8	std_bad_alloc__vtable_reference
0x0079ee13	FUN_0079ee13	0x00b12008	std::exception	std::exception	vtable_reference	0.34	0	1		2	true		0x0079ee4e	MOV ECX,0xb11f88	std_exception__vtable_reference
0x0079ee13	FUN_0079ee13	0x00b12018	std::bad_alloc	std::exception	vtable_reference	0.34	0	1		2	true		0x0079ee5e	MOV EAX,0xb11fa8	std_bad_alloc__vtable_reference
0x0079f618	FUN_0079f618	0x00b12008	std::exception	std::exception	base_subobject_vptr_write	0.76	1	2		3	true		0x0079f676,0x0079f67b	MOV ECX,0xb11f88 || MOV dword ptr [EBP + -0x24],ECX	std_exception__base_subobject_vptr_write
0x0079f618	FUN_0079f618	0x00b12028	std::logic_error	std::exception	base_subobject_vptr_write	0.76	1	2		3	true		0x0079f681,0x0079f686	MOV EAX,0xb11fc8 || MOV dword ptr [EBP + -0x24],EAX	std_logic_error__base_subobject_vptr_write
0x0079f618	FUN_0079f618	0x00b12038	std::length_error	std::exception	constructor_like_final_type	0.88	1	2		3	true		0x0079f8e8,0x0079f8ed	MOV EAX,0xb11fe8 || MOV dword ptr [EBP + -0x24],EAX	std_length_error__constructor_like_final_type
0x007a0ad3	FUN_007a0ad3	0x00b12800	OutputGen	OutputGen	base_subobject_vptr_write	0.76	1	2		2	true		0x007a0ada,0x007a0adf	MOV EAX,0xb12738 || MOV dword ptr [EBP + -0x8],EAX	OutputGen__base_subobject_vptr_write
0x007a0ad3	FUN_007a0ad3	0x00b12820	FileOutputGen	OutputGen	constructor_like_final_type	0.88	1	2		2	true		0x007a0ae2,0x007a0ae7	MOV EAX,0xb12788 || MOV dword ptr [EBP + -0x8],EAX	FileOutputGen__constructor_like_final_type
0x007a1141	FUN_007a1141	0x00b12800	OutputGen	OutputGen	base_subobject_vptr_write	0.76	1	2		2	true		0x007a1166,0x007a116b	MOV EAX,0xb12738 || MOV dword ptr [EBX],EAX	OutputGen__base_subobject_vptr_write
0x007a1141	FUN_007a1141	0x00b12840	DebugOutputGen	OutputGen	constructor_like_final_type	0.88	1	2		2	true		0x007a116d,0x007a1172	MOV EAX,0xb127d8 || MOV dword ptr [EBX],EAX	DebugOutputGen__constructor_like_final_type
0x007a1191	FUN_007a1191	0x00b12840	DebugOutputGen	OutputGen	constructor_like	0.93	1	2		1	true		0x007a11a1,0x007a11a6	MOV EAX,0xb127d8 || MOV dword ptr [EBX],EAX	DebugOutputGen__constructor_like
0x007a1680	FUN_007a1680	0x00b12cf4	std::exception	std::exception	vtable_reference	0.34	0	1		2	true		0x007a16bb	MOV ECX,0xb12cb4	std_exception__vtable_reference
0x007a1680	FUN_007a1680	0x00b12d04	std::bad_alloc	std::exception	vtable_reference	0.34	0	1		2	true		0x007a16cb	MOV EAX,0xb12cd4	std_bad_alloc__vtable_reference
0x00994ada	FUN_00994ada	0x00ace1d0	objectdata	objectdata	base_subobject_vptr_write	0.76	1	2		2	true		0x00994ae6,0x00994aeb	MOV ECX,0xacdd90 || MOV dword ptr [EBP + -0x38],ECX	objectdata__base_subobject_vptr_write
0x00994ada	FUN_00994ada	0x00ace270	objectdata_call	objectdata	constructor_like_final_type	0.88	1	2		2	true		0x00994ba1,0x00994ba6	MOV ECX,0xacde80 || MOV dword ptr [EBP + -0x38],ECX	objectdata_call__constructor_like_final_type
0x00a9214f	FUN_00a9214f	0x00bd48c0	std::logic_error	std::exception	base_subobject_vptr_write	0.76	1	2		2	true		0x00a9218f,0x00a92194	MOV EAX,0xbd4840 || MOV dword ptr [EBP + -0x28],EAX	std_logic_error__base_subobject_vptr_write
0x00a9214f	FUN_00a9214f	0x00bd48e0	std::out_of_range	std::exception	constructor_like_final_type	0.88	1	2		2	true		0x00a9232c,0x00a92337	MOV EAX,0xbd4880 || MOV dword ptr [EBP + -0x28],EAX	std_out_of_range__constructor_like_final_type
0x00a9252b	FUN_00a9252b	0x00bd48c0	std::logic_error	std::exception	base_subobject_vptr_write	0.76	1	2		2	true		0x00a9256b,0x00a92570	MOV EAX,0xbd4840 || MOV dword ptr [EBP + -0x28],EAX	std_logic_error__base_subobject_vptr_write
0x00a9252b	FUN_00a9252b	0x00bd48d0	std::length_error	std::exception	constructor_like_final_type	0.88	1	2		2	true		0x00a92708,0x00a92713	MOV EAX,0xbd4860 || MOV dword ptr [EBP + -0x28],EAX	std_length_error__constructor_like_final_type
