record_va	class_name	category	group_id	depth	primary_base_record_va	primary_base_name	has_vtable	vptr_va	slot_count	confidence	evidence
0x00abf018	vn_advisor	other	vn_advisor@0x00abf018	0			0		0	0.95	registry_root
0x00abf0b0	vn_advisor_ppc_consolshift	other	vn_advisor@0x00b053a8	3	0x00b05b54	vn_advisor_consolshift	1	0x00abf074	7	0.99	descriptor_primary_base
0x00abf270	std::exception	runtime/std	std_exception@0x00abf270	0			1	0x00abf1b8	3	0.95	registry_root
0x00abf280	std::bad_alloc	runtime/std	std_exception@0x00abf270	1	0x00abf270	std::exception	1	0x00abf1d8	3	0.99	descriptor_primary_base
0x00abf290	std::logic_error	runtime/std	std_exception@0x00abf270	1	0x00abf270	std::exception	1	0x00abf1f8	3	0.99	descriptor_primary_base
0x00abf2a0	std::out_of_range	runtime/std	std_exception@0x00abf270	2	0x00abf290	std::logic_error	1	0x00abf218	3	0.99	descriptor_primary_base
0x00abf2b0	std::runtime_error	runtime/std	std_exception@0x00abf270	1	0x00abf270	std::exception	1	0x00abf238	3	0.99	descriptor_primary_base
0x00abf2c0	std::overflow_error	runtime/std	std_exception@0x00abf270	2	0x00abf2b0	std::runtime_error	1	0x00abf258	3	0.99	descriptor_primary_base
0x00abfe94	backend_t	other	backend_dataflow@0x00b0e82c	3	0x00b0b784	backend_basetype2	1	0x00abf664	262	0.99	descriptor_primary_base
0x00abff98	std::exception	runtime/std	std_exception@0x00abff98	0			1	0x00abfee0	3	0.95	registry_root
0x00abffa8	std::bad_alloc	runtime/std	std_exception@0x00abff98	1	0x00abff98	std::exception	1	0x00abff00	3	0.99	descriptor_primary_base
0x00abffb8	std::logic_error	runtime/std	std_exception@0x00abff98	1	0x00abff98	std::exception	1	0x00abff20	3	0.99	descriptor_primary_base
0x00abffc8	std::out_of_range	runtime/std	std_exception@0x00abff98	2	0x00abffb8	std::logic_error	1	0x00abff40	3	0.99	descriptor_primary_base
0x00abffd8	std::runtime_error	runtime/std	std_exception@0x00abff98	1	0x00abff98	std::exception	1	0x00abff60	3	0.99	descriptor_primary_base
0x00abffe8	std::overflow_error	runtime/std	std_exception@0x00abff98	2	0x00abffd8	std::runtime_error	1	0x00abff80	3	0.99	descriptor_primary_base
0x00ac0198	ObjectVisitor	IR/object-model	ObjectVisitor@0x00ac0198	0			0		0	0.95	registry_root
0x00ac01a8	VectorOpsAnalyzer	optimizer/analysis	ObjectVisitor@0x00ac0198	1	0x00ac0198	ObjectVisitor	0		0	0.99	descriptor_primary_base
0x00ac01b8	SizeVisitor	optimizer/analysis	ObjectVisitor@0x00ac0198	1	0x00ac0198	ObjectVisitor	0		0	0.99	descriptor_primary_base
0x00ac01c8	RearrangeVisitor	optimizer/analysis	ObjectVisitor@0x00ac0198	1	0x00ac0198	ObjectVisitor	0		0	0.99	descriptor_primary_base
0x00ac01d8	RearrangeReplacer	other	ObjectVisitor@0x00ac0198	1	0x00ac0198	ObjectVisitor	0		0	0.99	descriptor_primary_base
0x00ac0a18	std::exception	runtime/std	std_exception@0x00ac0a18	0			1	0x00ac09a0	3	0.95	registry_root
0x00ac0a28	std::bad_alloc	runtime/std	std_exception@0x00ac0a18	1	0x00ac0a18	std::exception	1	0x00ac09c0	3	0.99	descriptor_primary_base
0x00ac0a38	std::logic_error	runtime/std	std_exception@0x00ac0a18	1	0x00ac0a18	std::exception	1	0x00ac09e0	3	0.99	descriptor_primary_base
0x00ac0a48	std::out_of_range	runtime/std	std_exception@0x00ac0a18	2	0x00ac0a38	std::logic_error	1	0x00ac0a00	3	0.99	descriptor_primary_base
0x00ac5960	g4_resource_scheduler	scheduler	list_scheduler@0x00b0c0e4	2	0x00b0c0f4	resource_model_scheduler	1	0x00ac5818	13	0.99	descriptor_primary_base
0x00ac5970	ppc970_resource_scheduler	scheduler	list_scheduler@0x00b0c0e4	2	0x00b0c0f4	resource_model_scheduler	1	0x00ac5888	13	0.99	descriptor_primary_base
0x00ac5980	ame_resource_scheduler	scheduler	list_scheduler@0x00b0c0e4	2	0x00b0c0f4	resource_model_scheduler	1	0x00ac58f8	13	0.99	descriptor_primary_base
0x00acd024	ObjectVisitor	IR/object-model	ObjectVisitor@0x00acd024	0			0		0	0.95	registry_root
0x00acd034	ScopeTreeVisitor	optimizer/analysis	ScopeTreeVisitor@0x00acd034	0			0		0	0.95	registry_root
0x00acd044	VarValueofFinder	other	ObjectVisitor@0x00acd024	1	0x00acd024	ObjectVisitor	0		0	0.99	descriptor_primary_base
0x00acd054	SubstituteVariantsVisitor	optimizer/analysis	ObjectVisitor@0x00acd024	1	0x00acd024	ObjectVisitor	0		0	0.99	descriptor_primary_base
0x00acd064	SetVolatileAddressVisitor	optimizer/analysis	ObjectVisitor@0x00acd024	1	0x00acd024	ObjectVisitor	0		0	0.99	descriptor_primary_base
0x00acd074	ClearCopiedScopeTreeInfo	other	ScopeTreeVisitor@0x00acd034	1	0x00acd034	ScopeTreeVisitor	0		0	0.99	descriptor_primary_base
0x00acd084	lvalue_checker_type	other	ObjectVisitor@0x00acd024	1	0x00acd024	ObjectVisitor	0		0	0.99	descriptor_primary_base
0x00acd094	FindAsmVisitor	optimizer/analysis	ObjectVisitor@0x00acd024	1	0x00acd024	ObjectVisitor	0		0	0.99	descriptor_primary_base
0x00acd0a4	UnionVisitor	optimizer/analysis	ObjectVisitor@0x00acd024	1	0x00acd024	ObjectVisitor	0		0	0.99	descriptor_primary_base
0x00ace1d0	objectdata	IR/object-model	objectdata@0x00ace1d0	0			1	0x00acdd98	2	0.95	registry_root
0x00ace1e0	objectdata_twoop	IR/object-model	objectdata@0x00ace1d0	1	0x00ace1d0	objectdata	1	0x00acddb0	2	0.99	descriptor_primary_base
0x00ace1f0	objectdata_arrayop	IR/object-model	objectdata@0x00ace1d0	1	0x00ace1d0	objectdata	1	0x00acddc8	2	0.99	descriptor_primary_base
0x00ace200	objectdata_vectorop	IR/object-model	objectdata@0x00ace1d0	1	0x00ace1d0	objectdata	1	0x00acdde0	2	0.99	descriptor_primary_base
0x00ace210	objectdata_compoundop	IR/object-model	objectdata@0x00ace1d0	1	0x00ace1d0	objectdata	1	0x00acddf8	2	0.99	descriptor_primary_base
0x00ace220	objectdata_magictype	IR/object-model	objectdata@0x00ace1d0	1	0x00ace1d0	objectdata	1	0x00acde10	2	0.99	descriptor_primary_base
0x00ace230	objectdata_qindex	IR/object-model	objectdata@0x00ace1d0	1	0x00ace1d0	objectdata	1	0x00acde28	2	0.99	descriptor_primary_base
0x00ace240	objectdata_dot	IR/object-model	objectdata@0x00ace1d0	1	0x00ace1d0	objectdata	1	0x00acde40	2	0.99	descriptor_primary_base
0x00ace250	objectdata_recordtyp	IR/object-model	objectdata@0x00ace1d0	1	0x00ace1d0	objectdata	1	0x00acde58	2	0.99	descriptor_primary_base
0x00ace260	objectdata_subrangeop	IR/object-model	objectdata@0x00ace1d0	1	0x00ace1d0	objectdata	1	0x00acde70	2	0.99	descriptor_primary_base
0x00ace270	objectdata_call	IR/object-model	objectdata@0x00ace1d0	1	0x00ace1d0	objectdata	1	0x00acde88	2	0.99	descriptor_primary_base
0x00ace280	objectdata_rouconstr	IR/object-model	objectdata@0x00ace1d0	1	0x00ace1d0	objectdata	1	0x00acdea0	2	0.99	descriptor_primary_base
0x00ace290	objectdata_entryop	IR/object-model	objectdata@0x00ace1d0	1	0x00ace1d0	objectdata	1	0x00acdeb8	2	0.99	descriptor_primary_base
0x00ace2a0	objectdata_statfunc	IR/object-model	objectdata@0x00ace1d0	1	0x00ace1d0	objectdata	1	0x00acded0	2	0.99	descriptor_primary_base
0x00ace2b0	objectdata_qaddrs	IR/object-model	objectdata@0x00ace1d0	1	0x00ace1d0	objectdata	1	0x00acdee8	2	0.99	descriptor_primary_base
0x00ace2c0	objectdata_variable	IR/object-model	objectdata@0x00ace1d0	1	0x00ace1d0	objectdata	1	0x00acdf00	2	0.99	descriptor_primary_base
0x00ace2d0	objectdata_varfield	IR/object-model	objectdata@0x00ace1d0	1	0x00ace1d0	objectdata	1	0x00acdf18	2	0.99	descriptor_primary_base
0x00ace2e0	objectdata_generic	IR/object-model	objectdata@0x00ace1d0	1	0x00ace1d0	objectdata	1	0x00acdf30	2	0.99	descriptor_primary_base
0x00ace2f0	objectdata_scalconst	IR/object-model	objectdata@0x00ace1d0	1	0x00ace1d0	objectdata	1	0x00acdf48	2	0.99	descriptor_primary_base
0x00ace300	objectdata_floatconst	IR/object-model	objectdata@0x00ace1d0	1	0x00ace1d0	objectdata	1	0x00acdf60	2	0.99	descriptor_primary_base
0x00ace310	objectdata_strconst	IR/object-model	objectdata@0x00ace1d0	1	0x00ace1d0	objectdata	1	0x00acdf78	2	0.99	descriptor_primary_base
0x00ace320	objectdata_setconstructor	IR/object-model	objectdata@0x00ace1d0	1	0x00ace1d0	objectdata	1	0x00acdf90	2	0.99	descriptor_primary_base
0x00ace330	objectdata_complexop	IR/object-model	objectdata@0x00ace1d0	1	0x00ace1d0	objectdata	1	0x00acdfa8	2	0.99	descriptor_primary_base
0x00ace340	objectdata_data	IR/object-model	objectdata@0x00ace1d0	1	0x00ace1d0	objectdata	1	0x00acdfc0	2	0.99	descriptor_primary_base
0x00ace350	objectdata_qjcond	IR/object-model	objectdata@0x00ace1d0	1	0x00ace1d0	objectdata	1	0x00acdfd8	2	0.99	descriptor_primary_base
0x00ace360	objectdata_qjmp	IR/object-model	objectdata@0x00ace1d0	1	0x00ace1d0	objectdata	1	0x00acdff0	2	0.99	descriptor_primary_base
0x00ace370	objectdata_qjtab	IR/object-model	objectdata@0x00ace1d0	1	0x00ace1d0	objectdata	1	0x00ace008	2	0.99	descriptor_primary_base
0x00ace380	objectdata_arithifi	IR/object-model	objectdata@0x00ace1d0	1	0x00ace1d0	objectdata	1	0x00ace020	2	0.99	descriptor_primary_base
0x00ace390	objectdata_ifop	IR/object-model	objectdata@0x00ace1d0	1	0x00ace1d0	objectdata	1	0x00ace038	2	0.99	descriptor_primary_base
0x00ace3a0	objectdata_predcode	IR/object-model	objectdata@0x00ace1d0	1	0x00ace1d0	objectdata	1	0x00ace050	2	0.99	descriptor_primary_base
0x00ace3b0	objectdata_block	IR/object-model	objectdata@0x00ace1d0	1	0x00ace1d0	objectdata	1	0x00ace068	2	0.99	descriptor_primary_base
0x00ace3c0	objectdata_undefop	IR/object-model	objectdata@0x00ace1d0	1	0x00ace1d0	objectdata	1	0x00ace080	2	0.99	descriptor_primary_base
0x00ace3d0	objectdata_fourop	IR/object-model	objectdata@0x00ace1d0	1	0x00ace1d0	objectdata	1	0x00ace098	2	0.99	descriptor_primary_base
0x00ace3e0	objectdata_casm	IR/object-model	objectdata@0x00ace1d0	1	0x00ace1d0	objectdata	1	0x00ace0b0	2	0.99	descriptor_primary_base
0x00ace3f0	objectdata_lineop	IR/object-model	objectdata@0x00ace1d0	1	0x00ace1d0	objectdata	1	0x00ace0c8	2	0.99	descriptor_primary_base
0x00ace400	objectdata_commentop	IR/object-model	objectdata@0x00ace1d0	1	0x00ace1d0	objectdata	1	0x00ace0e0	2	0.99	descriptor_primary_base
0x00ace410	objectdata_startscope	IR/object-model	objectdata@0x00ace1d0	1	0x00ace1d0	objectdata	1	0x00ace0f8	2	0.99	descriptor_primary_base
0x00ace420	objectdata_leavescope	IR/object-model	objectdata@0x00ace1d0	1	0x00ace1d0	objectdata	1	0x00ace110	2	0.99	descriptor_primary_base
0x00ace430	objectdata_varargsop	IR/object-model	objectdata@0x00ace1d0	1	0x00ace1d0	objectdata	1	0x00ace128	2	0.99	descriptor_primary_base
0x00ace440	objectdata_statexpr	IR/object-model	objectdata@0x00ace1d0	1	0x00ace1d0	objectdata	1	0x00ace140	2	0.99	descriptor_primary_base
0x00ace450	RemoveZeroSizedLocalsVisitor	optimizer/analysis	ObjectVisitor@0x00acd024	1	0x00acd024	ObjectVisitor	0		0	0.99	descriptor_primary_base
0x00ace4c8	ObjectVisitor	IR/object-model	ObjectVisitor@0x00ace4c8	0			0		0	0.95	registry_root
0x00ace4d8	FixupEHBlock	other	ObjectVisitor@0x00ace4c8	1	0x00ace4c8	ObjectVisitor	0		0	0.99	descriptor_primary_base
0x00ace514	FixupEH	other	ObjectVisitor@0x00ace4c8	1	0x00ace4c8	ObjectVisitor	0		0	0.99	descriptor_primary_base
0x00ace628	std::exception	runtime/std	std_exception@0x00ace628	0			1	0x00ace560	3	0.95	registry_root
0x00ace638	std::bad_alloc	runtime/std	std_exception@0x00ace628	1	0x00ace628	std::exception	1	0x00ace580	3	0.99	descriptor_primary_base
0x00ace648	std::logic_error	runtime/std	std_exception@0x00ace628	1	0x00ace628	std::exception	1	0x00ace5a0	3	0.99	descriptor_primary_base
0x00ace658	std::out_of_range	runtime/std	std_exception@0x00ace628	2	0x00ace648	std::logic_error	1	0x00ace5c0	3	0.99	descriptor_primary_base
0x00ace668	std::runtime_error	runtime/std	std_exception@0x00ace628	1	0x00ace628	std::exception	1	0x00ace5e0	3	0.99	descriptor_primary_base
0x00ace678	std::overflow_error	runtime/std	std_exception@0x00ace628	2	0x00ace668	std::runtime_error	1	0x00ace600	3	0.99	descriptor_primary_base
0x00acf300	InterblockDf	optimizer/analysis	InterblockDf@0x00acf300	0			1	0x00acf280	2	0.95	registry_root
0x00acf310	ObjectVisitor	IR/object-model	ObjectVisitor@0x00acf310	0			0		0	0.95	registry_root
0x00acf320	qadd_visitor	optimizer/analysis	ObjectVisitor@0x00acf310	1	0x00acf310	ObjectVisitor	0		0	0.99	descriptor_primary_base
0x00acf330	qifop_visitor	optimizer/analysis	ObjectVisitor@0x00acf310	1	0x00acf310	ObjectVisitor	0		0	0.99	descriptor_primary_base
0x00acf340	qd_visitor	optimizer/analysis	ObjectVisitor@0x00acf310	1	0x00acf310	ObjectVisitor	0		0	0.99	descriptor_primary_base
0x00acf350	qderef_visitor	optimizer/analysis	ObjectVisitor@0x00acf310	1	0x00acf310	ObjectVisitor	0		0	0.99	descriptor_primary_base
0x00acf360	CvtifSubstitute	optimizer/analysis	ObjectVisitor@0x00acf310	1	0x00acf310	ObjectVisitor	0		0	0.99	descriptor_primary_base
0x00acf370	recursive_if_fixer	other	ObjectVisitor@0x00acf310	1	0x00acf310	ObjectVisitor	0		0	0.99	descriptor_primary_base
0x00acf6d0	TouchesDf	optimizer/analysis	InterblockDf@0x00acf300	1	0x00acf300	InterblockDf	1	0x00acf690	2	0.99	descriptor_primary_base
0x00acf6e0	LivenessDf	optimizer/analysis	InterblockDf@0x00acf300	1	0x00acf300	InterblockDf	1	0x00acf6a8	2	0.99	descriptor_primary_base
0x00acf6f0	PostLivenessDf	optimizer/analysis	InterblockDf@0x00acf300	1	0x00acf300	InterblockDf	1	0x00acf6c0	2	0.99	descriptor_primary_base
0x00ad0fbc	ObjectVisitor	IR/object-model	ObjectVisitor@0x00ad0fbc	0			0		0	0.95	registry_root
0x00ad0fcc	ScopeTreeVisitor	optimizer/analysis	ScopeTreeVisitor@0x00ad0fcc	0			0		0	0.95	registry_root
0x00ad0fdc	VarMarker	other	ObjectVisitor@0x00ad0fbc	1	0x00ad0fbc	ObjectVisitor	0		0	0.99	descriptor_primary_base
0x00ad0fec	ReturnOverlapVisitor	optimizer/analysis	ObjectVisitor@0x00ad0fbc	1	0x00ad0fbc	ObjectVisitor	0		0	0.99	descriptor_primary_base
0x00ad0ffc	NonLocalMemoryVisitor	optimizer/analysis	ObjectVisitor@0x00ad0fbc	1	0x00ad0fbc	ObjectVisitor	0		0	0.99	descriptor_primary_base
0x00ad100c	DoInlineFlagReturnVars	other	ObjectVisitor@0x00ad0fbc	1	0x00ad0fbc	ObjectVisitor	0		0	0.99	descriptor_primary_base
0x00ad101c	DoInlineCheckRetVar	other	ObjectVisitor@0x00ad0fbc	1	0x00ad0fbc	ObjectVisitor	0		0	0.99	descriptor_primary_base
0x00ad102c	DoInlineIncrScopes	other	ScopeTreeVisitor@0x00ad0fcc	1	0x00ad0fcc	ScopeTreeVisitor	0		0	0.99	descriptor_primary_base
0x00ad1e08	ObjectVisitor	IR/object-model	ObjectVisitor@0x00ad1e08	0			0		0	0.95	registry_root
0x00ad1e18	IfopFinder	other	ObjectVisitor@0x00ad1e08	1	0x00ad1e08	ObjectVisitor	0		0	0.99	descriptor_primary_base
0x00ad1ea0	ObjectVisitor	IR/object-model	ObjectVisitor@0x00ad1ea0	0			0		0	0.95	registry_root
0x00ad1eb0	FloatConversionFinder	other	ObjectVisitor@0x00ad1ea0	1	0x00ad1ea0	ObjectVisitor	0		0	0.99	descriptor_primary_base
0x00ad1ec0	DottedVectorVisitor	optimizer/analysis	ObjectVisitor@0x00ad1ea0	1	0x00ad1ea0	ObjectVisitor	0		0	0.99	descriptor_primary_base
0x00ad2ad4	ObjectVisitor	IR/object-model	ObjectVisitor@0x00ad2ad4	0			0		0	0.95	registry_root
0x00ad2ae4	WriteLocFinder	other	ObjectVisitor@0x00ad2ad4	1	0x00ad2ad4	ObjectVisitor	0		0	0.99	descriptor_primary_base
0x00ad2af4	InitFinder	other	ObjectVisitor@0x00ad2ad4	1	0x00ad2ad4	ObjectVisitor	0		0	0.99	descriptor_primary_base
0x00ad4ce8	VolatileFinder	other	ObjectVisitor@0x00ad2ad4	1	0x00ad2ad4	ObjectVisitor	0		0	0.99	descriptor_primary_base
0x00add7c0	ObjectVisitor	IR/object-model	ObjectVisitor@0x00add7c0	0			0		0	0.95	registry_root
0x00add7d0	SearchForLinPlusConst	other	ObjectVisitor@0x00add7c0	1	0x00add7c0	ObjectVisitor	0		0	0.99	descriptor_primary_base
0x00add7e0	qderef_collector	other	ObjectVisitor@0x00add7c0	1	0x00add7c0	ObjectVisitor	0		0	0.99	descriptor_primary_base
0x00addc98	NonTailcallVisitor	optimizer/analysis	ObjectVisitor@0x00add7c0	1	0x00add7c0	ObjectVisitor	0		0	0.99	descriptor_primary_base
0x00addca8	DangerousVisitor	optimizer/analysis	ObjectVisitor@0x00add7c0	1	0x00add7c0	ObjectVisitor	0		0	0.99	descriptor_primary_base
0x00addce8	ObjectVisitor	IR/object-model	ObjectVisitor@0x00addce8	0			0		0	0.95	registry_root
0x00addcf8	ExceptionVisitor	optimizer/analysis	ObjectVisitor@0x00addce8	1	0x00addce8	ObjectVisitor	0		0	0.99	descriptor_primary_base
0x00afc4e0	backend_basetype	other	backend_dataflow@0x00b0e82c	1	0x00b0e82c	backend_dataflow	1	0x00afbb98	262	0.99	descriptor_primary_base
0x00afcb18	ObjectVisitor	IR/object-model	ObjectVisitor@0x00afcb18	0			0		0	0.95	registry_root
0x00afcb28	VariableReplacerOnce	other	ObjectVisitor@0x00afcb18	1	0x00afcb18	ObjectVisitor	0		0	0.99	descriptor_primary_base
0x00afd4d8	HasSideEffectVisitor	optimizer/analysis	ObjectVisitor@0x00afd5c8	1	0x00afd5c8	ObjectVisitor	0		0	0.99	descriptor_primary_base
0x00afd5b8	InterblockDf	optimizer/analysis	InterblockDf@0x00afd5b8	0			1	0x00afd2c8	2	0.95	registry_root
0x00afd5c8	ObjectVisitor	IR/object-model	ObjectVisitor@0x00afd5c8	0			0		0	0.95	registry_root
0x00afd5d8	ExprAdder	other	ObjectVisitor@0x00afd5c8	1	0x00afd5c8	ObjectVisitor	0		0	0.99	descriptor_primary_base
0x00afd5e8	ChildrenCollector	other	ObjectVisitor@0x00afd5c8	1	0x00afd5c8	ObjectVisitor	0		0	0.99	descriptor_primary_base
0x00afd5f8	FindTempCopy	other	ObjectVisitor@0x00afd5c8	1	0x00afd5c8	ObjectVisitor	0		0	0.99	descriptor_primary_base
0x00afd608	VolatileMerger	other	ObjectVisitor@0x00afd5c8	1	0x00afd5c8	ObjectVisitor	0		0	0.99	descriptor_primary_base
0x00afd618	IPTypeFinder	other	ObjectVisitor@0x00afd5c8	1	0x00afd5c8	ObjectVisitor	0		0	0.99	descriptor_primary_base
0x00afd628	CompSetComputer	other	ObjectVisitor@0x00afd5c8	1	0x00afd5c8	ObjectVisitor	0		0	0.99	descriptor_primary_base
0x00afd638	DownSafetyDf	optimizer/analysis	InterblockDf@0x00afd5b8	1	0x00afd5b8	InterblockDf	1	0x00afd390	2	0.99	descriptor_primary_base
0x00afd648	UpSafetyDf	optimizer/analysis	InterblockDf@0x00afd5b8	1	0x00afd5b8	InterblockDf	1	0x00afd3a8	2	0.99	descriptor_primary_base
0x00afd658	EarliestDf	optimizer/analysis	InterblockDf@0x00afd5b8	1	0x00afd5b8	InterblockDf	1	0x00afd3c0	2	0.99	descriptor_primary_base
0x00afd668	DelayedDf	optimizer/analysis	InterblockDf@0x00afd5b8	1	0x00afd5b8	InterblockDf	1	0x00afd3d8	2	0.99	descriptor_primary_base
0x00afd678	LatestDf	optimizer/analysis	InterblockDf@0x00afd5b8	1	0x00afd5b8	InterblockDf	1	0x00afd3f0	2	0.99	descriptor_primary_base
0x00afd688	IsolatedDf	optimizer/analysis	InterblockDf@0x00afd5b8	1	0x00afd5b8	InterblockDf	1	0x00afd408	2	0.99	descriptor_primary_base
0x00afd698	FinalDf	optimizer/analysis	InterblockDf@0x00afd5b8	1	0x00afd5b8	InterblockDf	1	0x00afd420	2	0.99	descriptor_primary_base
0x00afd6a8	GcseSelectDf	optimizer/analysis	InterblockDf@0x00afd5b8	1	0x00afd5b8	InterblockDf	1	0x00afd438	2	0.99	descriptor_primary_base
0x00afd6b8	GcseLiveDf	optimizer/analysis	InterblockDf@0x00afd5b8	1	0x00afd5b8	InterblockDf	1	0x00afd450	2	0.99	descriptor_primary_base
0x00afd6c8	GcseFinalDf	optimizer/analysis	InterblockDf@0x00afd5b8	1	0x00afd5b8	InterblockDf	1	0x00afd468	2	0.99	descriptor_primary_base
0x00afd6d8	Substitutor	optimizer/analysis	ObjectVisitor@0x00afd5c8	1	0x00afd5c8	ObjectVisitor	0		0	0.99	descriptor_primary_base
0x00afd6e8	Substitutor::Finder	optimizer/analysis	ObjectVisitor@0x00afd5c8	1	0x00afd5c8	ObjectVisitor	0		0	0.99	descriptor_primary_base
0x00afd6f8	NestedUpdater	other	ObjectVisitor@0x00afd5c8	1	0x00afd5c8	ObjectVisitor	0		0	0.99	descriptor_primary_base
0x00afd708	ExtraReplacesUpdater	other	ObjectVisitor@0x00afd5c8	1	0x00afd5c8	ObjectVisitor	0		0	0.99	descriptor_primary_base
0x00afd718	DeleteUnread2Visitor	optimizer/analysis	ObjectVisitor@0x00afd5c8	1	0x00afd5c8	ObjectVisitor	0		0	0.99	descriptor_primary_base
0x00afd728	SimpleSideEffectRemover	other	ObjectVisitor@0x00afd5c8	1	0x00afd5c8	ObjectVisitor	0		0	0.99	descriptor_primary_base
0x00afd738	HoistAvailDf	optimizer/analysis	InterblockDf@0x00afd5b8	1	0x00afd5b8	InterblockDf	1	0x00afd500	2	0.99	descriptor_primary_base
0x00afd748	HoistHelpfulDf	optimizer/analysis	InterblockDf@0x00afd5b8	1	0x00afd5b8	InterblockDf	1	0x00afd518	2	0.99	descriptor_primary_base
0x00afd758	HoistRedundantDf	optimizer/analysis	InterblockDf@0x00afd5b8	1	0x00afd5b8	InterblockDf	1	0x00afd530	2	0.99	descriptor_primary_base
0x00afd768	HoistFinalDf	optimizer/analysis	InterblockDf@0x00afd5b8	1	0x00afd5b8	InterblockDf	1	0x00afd548	2	0.99	descriptor_primary_base
0x00afd778	HoistDelayDf	optimizer/analysis	InterblockDf@0x00afd5b8	1	0x00afd5b8	InterblockDf	1	0x00afd560	2	0.99	descriptor_primary_base
0x00afd788	HoistFinal2Df	optimizer/analysis	InterblockDf@0x00afd5b8	1	0x00afd5b8	InterblockDf	1	0x00afd578	2	0.99	descriptor_primary_base
0x00afd798	HoistUsableDf	optimizer/analysis	InterblockDf@0x00afd5b8	1	0x00afd5b8	InterblockDf	1	0x00afd590	2	0.99	descriptor_primary_base
0x00afd7a8	HoistFinal3Df	optimizer/analysis	InterblockDf@0x00afd5b8	1	0x00afd5b8	InterblockDf	1	0x00afd5a8	2	0.99	descriptor_primary_base
0x00aff0bc	ExprFinder	other	ObjectVisitor@0x00afd5c8	2	0x00afd5d8	ExprAdder	0		0	0.99	descriptor_primary_base
0x00aff0cc	AliasAnalyzer	optimizer/analysis	AliasAnalyzer@0x00aff0cc	0			1	0x00afef64	2	0.95	registry_root
0x00aff0dc	TimeAccurateAliasAnalyzer	optimizer/analysis	AliasAnalyzer@0x00aff0cc	1	0x00aff0cc	AliasAnalyzer	1	0x00afef7c	2	0.99	descriptor_primary_base
0x00aff0ec	BooleanAccurateAliasAnalyzer	optimizer/analysis	AliasAnalyzer@0x00aff0cc	1	0x00aff0cc	AliasAnalyzer	1	0x00afef94	2	0.99	descriptor_primary_base
0x00aff0fc	TreeReshaper	other	ObjectVisitor@0x00afd5c8	2	0x00afd5d8	ExprAdder	0		0	0.99	descriptor_primary_base
0x00aff10c	DirectAccessVarFinder	other	ObjectVisitor@0x00afd5c8	1	0x00afd5c8	ObjectVisitor	0		0	0.99	descriptor_primary_base
0x00aff11c	PreCompSetComputer	other	ObjectVisitor@0x00afd5c8	2	0x00afd628	CompSetComputer	0		0	0.99	descriptor_primary_base
0x00aff12c	SideEffectsRemover	other	ObjectVisitor@0x00afd5c8	1	0x00afd5c8	ObjectVisitor	0		0	0.99	descriptor_primary_base
0x00aff13c	WriteMarker	other	ObjectVisitor@0x00afd5c8	1	0x00afd5c8	ObjectVisitor	0		0	0.99	descriptor_primary_base
0x00aff14c	PSMComputer	other	ObjectVisitor@0x00afd5c8	1	0x00afd5c8	ObjectVisitor	0		0	0.99	descriptor_primary_base
0x00aff15c	UseDefMarker	other	ObjectVisitor@0x00afd5c8	1	0x00afd5c8	ObjectVisitor	0		0	0.99	descriptor_primary_base
0x00aff16c	ValueNeededDf	optimizer/analysis	InterblockDf@0x00afd5b8	1	0x00afd5b8	InterblockDf	1	0x00aff00c	2	0.99	descriptor_primary_base
0x00aff17c	LocalConstProp	other	ObjectVisitor@0x00afd5c8	1	0x00afd5c8	ObjectVisitor	0		0	0.99	descriptor_primary_base
0x00aff18c	ReachingWriteComp	other	ObjectVisitor@0x00afd5c8	1	0x00afd5c8	ObjectVisitor	0		0	0.99	descriptor_primary_base
0x00aff19c	FCEReachingWriteDf	optimizer/analysis	InterblockDf@0x00afd5b8	1	0x00afd5b8	InterblockDf	1	0x00aff054	2	0.99	descriptor_primary_base
0x00aff1ac	DeadStoreRemover	other	ObjectVisitor@0x00afd5c8	1	0x00afd5c8	ObjectVisitor	0		0	0.99	descriptor_primary_base
0x00aff1bc	FCEExprCounter	other	ObjectVisitor@0x00afd5c8	3	0x00aff0bc	ExprFinder	0		0	0.99	descriptor_primary_base
0x00aff1cc	HoistSetComputer	other	ObjectVisitor@0x00afd5c8	2	0x00afd628	CompSetComputer	0		0	0.99	descriptor_primary_base
0x00aff1dc	CopyPropVisitor	optimizer/analysis	ObjectVisitor@0x00afd5c8	1	0x00afd5c8	ObjectVisitor	0		0	0.99	descriptor_primary_base
0x00aff1ec	CopyPropDf	optimizer/analysis	InterblockDf@0x00afd5b8	1	0x00afd5b8	InterblockDf	1	0x00aff0ac	2	0.99	descriptor_primary_base
0x00aff4ac	InterblockDf	optimizer/analysis	InterblockDf@0x00aff4ac	0			1	0x00aff43c	2	0.95	registry_root
0x00aff4bc	ObjectVisitor	IR/object-model	ObjectVisitor@0x00aff4bc	0			0		0	0.95	registry_root
0x00aff4cc	ExprAdder	other	ObjectVisitor@0x00aff4bc	1	0x00aff4bc	ObjectVisitor	0		0	0.99	descriptor_primary_base
0x00aff4dc	CheckerPostVisit	other	ObjectVisitor@0x00aff4bc	1	0x00aff4bc	ObjectVisitor	0		0	0.99	descriptor_primary_base
0x00aff4ec	Checker	other	Checker@0x00aff4ec	0			1	0x00aff818	8	0.95	registry_root
0x00aff4fc	CheckerIntStateLValue	other	Checker@0x00aff4ec	2	0x00b01690	CheckerIntState	1	0x00aff860	12	0.99	descriptor_primary_base
0x00aff50c	CheckerLValue	other	Checker@0x00aff4ec	1	0x00aff4ec	Checker	1	0x00aff8c8	8	0.99	descriptor_primary_base
0x00aff51c	CheckerIntStateSafevar	other	Checker@0x00aff4ec	2	0x00b01690	CheckerIntState	1	0x00aff910	12	0.99	descriptor_primary_base
0x00aff52c	CheckerIntStateAll	other	Checker@0x00aff4ec	2	0x00b01690	CheckerIntState	1	0x00aff978	12	0.99	descriptor_primary_base
0x00aff53c	InlineVisit	other	ObjectVisitor@0x00aff4bc	1	0x00aff4bc	ObjectVisitor	0		0	0.99	descriptor_primary_base
0x00aff54c	FindRTECVars	other	ObjectVisitor@0x00aff4bc	1	0x00aff4bc	ObjectVisitor	0		0	0.99	descriptor_primary_base
0x00aff55c	RemoveRTECVisitor	optimizer/analysis	ObjectVisitor@0x00aff4bc	1	0x00aff4bc	ObjectVisitor	0		0	0.99	descriptor_primary_base
0x00b01670	CheckerVisit	other	ObjectVisitor@0x00aff4bc	1	0x00aff4bc	ObjectVisitor	0		0	0.99	descriptor_primary_base
0x00b01680	CheckerFlow	other	InterblockDf@0x00aff4ac	1	0x00aff4ac	InterblockDf	1	0x00b00d1c	2	0.99	descriptor_primary_base
0x00b01690	CheckerIntState	other	Checker@0x00aff4ec	1	0x00aff4ec	Checker	1	0x00b00d34	12	0.99	descriptor_primary_base
0x00b016a0	ConstChecker	other	Checker@0x00aff4ec	2	0x00aff50c	CheckerLValue	1	0x00b00d9c	8	0.99	descriptor_primary_base
0x00b016b0	EquivChecker	other	Checker@0x00aff4ec	2	0x00aff50c	CheckerLValue	1	0x00b00de4	8	0.99	descriptor_primary_base
0x00b016c0	UninitMemChecker	other	Checker@0x00aff4ec	2	0x00aff50c	CheckerLValue	1	0x00b00e2c	8	0.99	descriptor_primary_base
0x00b016d0	RangeChecker	other	Checker@0x00aff4ec	2	0x00aff50c	CheckerLValue	1	0x00b00e74	8	0.99	descriptor_primary_base
0x00b016e0	MemLeakChecker	other	Checker@0x00aff4ec	3	0x00aff51c	CheckerIntStateSafevar	1	0x00b00ebc	12	0.99	descriptor_primary_base
0x00b016f0	MemLeakCheckerBackwards	other	Checker@0x00aff4ec	3	0x00aff51c	CheckerIntStateSafevar	1	0x00b00f24	12	0.99	descriptor_primary_base
0x00b01700	NULLCheckChecker	other	Checker@0x00aff4ec	3	0x00aff4fc	CheckerIntStateLValue	1	0x00b00f8c	12	0.99	descriptor_primary_base
0x00b01710	NULLCheckCheckerBackwards	other	Checker@0x00aff4ec	3	0x00aff4fc	CheckerIntStateLValue	1	0x00b00ff4	12	0.99	descriptor_primary_base
0x00b01720	FreeChecker	other	Checker@0x00aff4ec	3	0x00aff52c	CheckerIntStateAll	1	0x00b0105c	12	0.99	descriptor_primary_base
0x00b01730	FreeCheckerBackwards	other	Checker@0x00aff4ec	3	0x00aff52c	CheckerIntStateAll	1	0x00b010c4	12	0.99	descriptor_primary_base
0x00b01740	DerefNULLChecker	other	Checker@0x00aff4ec	3	0x00aff4fc	CheckerIntStateLValue	1	0x00b0112c	12	0.99	descriptor_primary_base
0x00b01750	LocalScopeChecker	other	Checker@0x00aff4ec	3	0x00aff4fc	CheckerIntStateLValue	1	0x00b01194	12	0.99	descriptor_primary_base
0x00b01760	ReadOnlyWriteChecker	other	Checker@0x00aff4ec	3	0x00aff4fc	CheckerIntStateLValue	1	0x00b011fc	12	0.99	descriptor_primary_base
0x00b01770	NewSingleChecker	other	Checker@0x00aff4ec	3	0x00aff4fc	CheckerIntStateLValue	1	0x00b01264	12	0.99	descriptor_primary_base
0x00b01780	NewArrayChecker	other	Checker@0x00aff4ec	3	0x00aff4fc	CheckerIntStateLValue	1	0x00b012cc	12	0.99	descriptor_primary_base
0x00b01790	NoReturnChecker	other	Checker@0x00aff4ec	3	0x00aff52c	CheckerIntStateAll	1	0x00b01334	12	0.99	descriptor_primary_base
0x00b017a0	UnreadChecker	other	Checker@0x00aff4ec	3	0x00aff51c	CheckerIntStateSafevar	1	0x00b0139c	12	0.99	descriptor_primary_base
0x00b017b0	UnreadCheckerBackwards	other	Checker@0x00aff4ec	3	0x00aff51c	CheckerIntStateSafevar	1	0x00b01404	12	0.99	descriptor_primary_base
0x00b017c0	NULLCheckDerefChecker	other	Checker@0x00aff4ec	3	0x00aff4fc	CheckerIntStateLValue	1	0x00b0146c	12	0.99	descriptor_primary_base
0x00b017d0	UninitReadChecker	other	Checker@0x00aff4ec	3	0x00aff51c	CheckerIntStateSafevar	1	0x00b014d4	12	0.99	descriptor_primary_base
0x00b017e0	UninitReadCheckerBackwards	other	Checker@0x00aff4ec	3	0x00aff51c	CheckerIntStateSafevar	1	0x00b0153c	12	0.99	descriptor_primary_base
0x00b017f0	NoFlowChecker	other	Checker@0x00aff4ec	3	0x00aff52c	CheckerIntStateAll	1	0x00b015a4	12	0.99	descriptor_primary_base
0x00b01800	StrictUninitChecker	other	Checker@0x00aff4ec	3	0x00aff52c	CheckerIntStateAll	1	0x00b0160c	12	0.99	descriptor_primary_base
0x00b0189c	ObjectVisitor	IR/object-model	ObjectVisitor@0x00b0189c	0			0		0	0.95	registry_root
0x00b018ac	TransformStatementVisitor	optimizer/analysis	ObjectVisitor@0x00b0189c	1	0x00b0189c	ObjectVisitor	0		0	0.99	descriptor_primary_base
0x00b01aec	BreakupExpressionVisitor	optimizer/analysis	ObjectVisitor@0x00b0189c	2	0x00b018ac	TransformStatementVisitor	0		0	0.99	descriptor_primary_base
0x00b01afc	ReverseQjfalseVisitor	optimizer/analysis	ObjectVisitor@0x00b0189c	1	0x00b0189c	ObjectVisitor	0		0	0.99	descriptor_primary_base
0x00b01b0c	ReverseTwoopVisitor	optimizer/analysis	ObjectVisitor@0x00b0189c	1	0x00b0189c	ObjectVisitor	0		0	0.99	descriptor_primary_base
0x00b01b1c	ExpandUpdatesVisitor	optimizer/analysis	ObjectVisitor@0x00b0189c	2	0x00b018ac	TransformStatementVisitor	0		0	0.99	descriptor_primary_base
0x00b01b2c	ShiftVariables	other	ObjectVisitor@0x00b0189c	2	0x00b018ac	TransformStatementVisitor	0		0	0.99	descriptor_primary_base
0x00b01e58	peep_transformer	other	peep_transformer@0x00b01e58	0			1	0x00b01cd0	9	0.95	registry_root
0x00b01e68	pt_condcodes	other	peep_transformer@0x00b01e58	1	0x00b01e58	peep_transformer	1	0x00b01d20	9	0.99	descriptor_primary_base
0x00b01e78	pt_dead	other	peep_transformer@0x00b01e58	1	0x00b01e58	peep_transformer	1	0x00b01d70	9	0.99	descriptor_primary_base
0x00b01e88	pt_alias	optimizer/analysis	peep_transformer@0x00b01e58	1	0x00b01e58	peep_transformer	1	0x00b01dc0	9	0.99	descriptor_primary_base
0x00b01e98	pt_const	other	peep_transformer@0x00b01e58	1	0x00b01e58	peep_transformer	1	0x00b01e10	9	0.99	descriptor_primary_base
0x00b01ed0	ObjectVisitor	IR/object-model	ObjectVisitor@0x00b01ed0	0			0		0	0.95	registry_root
0x00b020a0	nonstandard_type_handler	other	ObjectVisitor@0x00b01ed0	1	0x00b01ed0	ObjectVisitor	1	0x00b02068	3	0.99	descriptor_primary_base
0x00b020b0	bytereverser	other	ObjectVisitor@0x00b01ed0	2	0x00b020a0	nonstandard_type_handler	1	0x00b02088	3	0.99	descriptor_primary_base
0x00b039cc	ObjectVisitor	IR/object-model	ObjectVisitor@0x00b039cc	0			0		0	0.95	registry_root
0x00b039dc	ExprAdder	other	ObjectVisitor@0x00b039cc	1	0x00b039cc	ObjectVisitor	0		0	0.99	descriptor_primary_base
0x00b039ec	CallFinder	other	ObjectVisitor@0x00b039cc	1	0x00b039cc	ObjectVisitor	0		0	0.99	descriptor_primary_base
0x00b039fc	GlobalMarker	other	ObjectVisitor@0x00b039cc	1	0x00b039cc	ObjectVisitor	0		0	0.99	descriptor_primary_base
0x00b03a0c	VarFuncReferenced	other	ObjectVisitor@0x00b039cc	1	0x00b039cc	ObjectVisitor	0		0	0.99	descriptor_primary_base
0x00b03a1c	VarFuncFinder	other	ObjectVisitor@0x00b039cc	1	0x00b039cc	ObjectVisitor	0		0	0.99	descriptor_primary_base
0x00b03a2c	ArgReplacer	other	ObjectVisitor@0x00b039cc	1	0x00b039cc	ObjectVisitor	0		0	0.99	descriptor_primary_base
0x00b03a3c	ConstructorReplacer	other	ObjectVisitor@0x00b039cc	1	0x00b039cc	ObjectVisitor	0		0	0.99	descriptor_primary_base
0x00b03a4c	GlobalReplacer	other	ObjectVisitor@0x00b039cc	1	0x00b039cc	ObjectVisitor	0		0	0.99	descriptor_primary_base
0x00b03c88	ObjectVisitor	IR/object-model	ObjectVisitor@0x00b03c88	0			0		0	0.95	registry_root
0x00b03c98	VarrefFinder	other	ObjectVisitor@0x00b03c88	1	0x00b03c88	ObjectVisitor	0		0	0.99	descriptor_primary_base
0x00b03ea0	ObjectVisitor	IR/object-model	ObjectVisitor@0x00b03ea0	0			0		0	0.95	registry_root
0x00b03eb0	CallReplacer	other	ObjectVisitor@0x00b03ea0	1	0x00b03ea0	ObjectVisitor	0		0	0.99	descriptor_primary_base
0x00b03ec0	ConfusingWrites	other	ObjectVisitor@0x00b03ea0	1	0x00b03ea0	ObjectVisitor	0		0	0.99	descriptor_primary_base
0x00b044a8	GlobalVisitor	optimizer/analysis	ObjectVisitor@0x00b03ea0	1	0x00b03ea0	ObjectVisitor	0		0	0.99	descriptor_primary_base
0x00b044b8	ConstVisitor	optimizer/analysis	ObjectVisitor@0x00b03ea0	1	0x00b03ea0	ObjectVisitor	0		0	0.99	descriptor_primary_base
0x00b044c8	WriteFinder	other	ObjectVisitor@0x00b03ea0	1	0x00b03ea0	ObjectVisitor	0		0	0.99	descriptor_primary_base
0x00b04530	ObjectVisitor	IR/object-model	ObjectVisitor@0x00b04530	0			0		0	0.95	registry_root
0x00b04540	ReferenceFinder	other	ObjectVisitor@0x00b04530	1	0x00b04530	ObjectVisitor	0		0	0.99	descriptor_primary_base
0x00b047a4	DependencyFinder	other	ObjectVisitor@0x00b04530	1	0x00b04530	ObjectVisitor	0		0	0.99	descriptor_primary_base
0x00b049b0	ObjectVisitor	IR/object-model	ObjectVisitor@0x00b049b0	0			0		0	0.95	registry_root
0x00b051a0	ReplaceExprStrVisitor	optimizer/analysis	ObjectVisitor@0x00b049b0	1	0x00b049b0	ObjectVisitor	0		0	0.99	descriptor_primary_base
0x00b051e0	ObjectVisitor	IR/object-model	ObjectVisitor@0x00b051e0	0			0		0	0.95	registry_root
0x00b0523c	ExprChecker	other	ObjectVisitor@0x00b051e0	1	0x00b051e0	ObjectVisitor	0		0	0.99	descriptor_primary_base
0x00b0524c	UniquesnumChecker	other	ObjectVisitor@0x00b051e0	1	0x00b051e0	ObjectVisitor	0		0	0.99	descriptor_primary_base
0x00b05388	pl_bool	other	pl_bool@0x00b05388	0			0		0	0.95	registry_root
0x00b05398	pl_void	other	pl_void@0x00b05398	0			0		0	0.95	registry_root
0x00b053a8	vn_advisor	other	vn_advisor@0x00b053a8	0			0		0	0.95	registry_root
0x00b053b8	pl_apply_readers	other	pl_void@0x00b05398	1	0x00b05398	pl_void	0		0	0.99	descriptor_primary_base
0x00b053c8	was_replaced	other	pl_bool@0x00b05388	1	0x00b05388	pl_bool	0		0	0.99	descriptor_primary_base
0x00b05b34	vn_advisor_consol	other	vn_advisor@0x00b053a8	1	0x00b053a8	vn_advisor	1	0x00b0593c	7	0.99	descriptor_primary_base
0x00b05b44	vn_advisor_consoladd	other	vn_advisor@0x00b053a8	2	0x00b05b34	vn_advisor_consol	1	0x00b0597c	7	0.99	descriptor_primary_base
0x00b05b54	vn_advisor_consolshift	other	vn_advisor@0x00b053a8	2	0x00b05b34	vn_advisor_consol	1	0x00b059bc	7	0.99	descriptor_primary_base
0x00b05b64	vn_advisor_copyprop	optimizer/analysis	vn_advisor@0x00b053a8	1	0x00b053a8	vn_advisor	0		0	0.99	descriptor_primary_base
0x00b05b74	vn_advisor_intomove	other	vn_advisor@0x00b053a8	1	0x00b053a8	vn_advisor	0		0	0.99	descriptor_primary_base
0x00b05b84	vn_advisor_preintomove	other	vn_advisor@0x00b053a8	1	0x00b053a8	vn_advisor	0		0	0.99	descriptor_primary_base
0x00b05b94	vn_advisor_preintomove::register_finder	other	pl_bool@0x00b05388	1	0x00b05388	pl_bool	0		0	0.99	descriptor_primary_base
0x00b05ba4	vn_advisor_removeinst2	other	vn_advisor@0x00b053a8	1	0x00b053a8	vn_advisor	0		0	0.99	descriptor_primary_base
0x00b05bb4	vn_advisor_removeinst	other	vn_advisor@0x00b053a8	1	0x00b053a8	vn_advisor	0		0	0.99	descriptor_primary_base
0x00b05bc4	vn_advisor_mergeaddload	other	vn_advisor@0x00b053a8	1	0x00b053a8	vn_advisor	0		0	0.99	descriptor_primary_base
0x00b05bd4	vn_advisor_constprop	other	vn_advisor@0x00b053a8	1	0x00b053a8	vn_advisor	0		0	0.99	descriptor_primary_base
0x00b05be4	vn_advisor_debug	other	vn_advisor@0x00b053a8	1	0x00b053a8	vn_advisor	0		0	0.99	descriptor_primary_base
0x00b05bf4	vn_advisor_bkwdremoveinst	other	vn_advisor@0x00b053a8	1	0x00b053a8	vn_advisor	0		0	0.99	descriptor_primary_base
0x00b05c04	vn_advisor_use_pull	other	vn_advisor@0x00b053a8	1	0x00b053a8	vn_advisor	0		0	0.99	descriptor_primary_base
0x00b05c14	vn_advisor_use_pull::replacer	other	pl_bool@0x00b05388	1	0x00b05388	pl_bool	0		0	0.99	descriptor_primary_base
0x00b05c24	vn_advisor_use_pull::searcher	other	pl_bool@0x00b05388	1	0x00b05388	pl_bool	0		0	0.99	descriptor_primary_base
0x00b05c34	vn_advisor_use_pull::good_provider	other	pl_bool@0x00b05388	1	0x00b05388	pl_bool	0		0	0.99	descriptor_primary_base
0x00b05c44	vn_advisor_combine_shifts2	other	vn_advisor@0x00b053a8	1	0x00b053a8	vn_advisor	0		0	0.99	descriptor_primary_base
0x00b05c54	vn_advisor_advance_src_writes	other	vn_advisor@0x00b053a8	1	0x00b053a8	vn_advisor	0		0	0.99	descriptor_primary_base
0x00b05c64	vn_advisor_advance_src_writes::find_dup_read	other	pl_void@0x00b05398	1	0x00b05398	pl_void	0		0	0.99	descriptor_primary_base
0x00b05c74	vn_advisor_advance_src_writes::find_copy	other	pl_void@0x00b05398	1	0x00b05398	pl_void	0		0	0.99	descriptor_primary_base
0x00b05c84	vn_advisor_advance_src_writes::new_targ_is_touched	other	pl_bool@0x00b05388	1	0x00b05388	pl_bool	0		0	0.99	descriptor_primary_base
0x00b05c94	is_pred_shift	other	pl_bool@0x00b05388	1	0x00b05388	pl_bool	0		0	0.99	descriptor_primary_base
0x00b05d10	pl_void	other	pl_void@0x00b05d10	0			0		0	0.95	registry_root
0x00b05d20	mark_undead	other	pl_void@0x00b05d10	1	0x00b05d10	pl_void	0		0	0.99	descriptor_primary_base
0x00b05d30	pl_apply_readers	other	pl_void@0x00b05d10	1	0x00b05d10	pl_void	0		0	0.99	descriptor_primary_base
0x00b05d40	save_vnpl	other	pl_void@0x00b05d10	1	0x00b05d10	pl_void	0		0	0.99	descriptor_primary_base
0x00b05eb0	pl_bool	other	pl_bool@0x00b05eb0	0			0		0	0.95	registry_root
0x00b05ec0	kill_may_happen_other_than	other	pl_bool@0x00b05eb0	1	0x00b05eb0	pl_bool	0		0	0.99	descriptor_primary_base
0x00b05ed0	may_be_killed_before_helper	other	pl_bool@0x00b05eb0	1	0x00b05eb0	pl_bool	0		0	0.99	descriptor_primary_base
0x00b05ee0	may_be_read_helper	other	pl_bool@0x00b05eb0	1	0x00b05eb0	pl_bool	0		0	0.99	descriptor_primary_base
0x00b05ef0	may_be_read_helper::inner_helper	other	pl_bool@0x00b05eb0	1	0x00b05eb0	pl_bool	0		0	0.99	descriptor_primary_base
0x00b06018	register_changer	register-allocation	pl_bool@0x00b05eb0	1	0x00b05eb0	pl_bool	0		0	0.99	descriptor_primary_base
0x00b06028	replace_dest	other	pl_bool@0x00b05eb0	1	0x00b05eb0	pl_bool	0		0	0.99	descriptor_primary_base
0x00b06038	replace_dest::replace_one_dest	other	pl_bool@0x00b05eb0	1	0x00b05eb0	pl_bool	0		0	0.99	descriptor_primary_base
0x00b06048	unique_pl	other	pl_bool@0x00b05eb0	1	0x00b05eb0	pl_bool	0		0	0.99	descriptor_primary_base
0x00b06058	write_may_be_killed	other	pl_bool@0x00b05eb0	1	0x00b05eb0	pl_bool	0		0	0.99	descriptor_primary_base
0x00b06c1c	ObjectVisitor	IR/object-model	ObjectVisitor@0x00b06c1c	0			0		0	0.95	registry_root
0x00b06c2c	MachopVisitor	optimizer/analysis	MachopVisitor@0x00b06c2c	0			1	0x00b06bc4	3	0.95	registry_root
0x00b06c3c	VarMarker2	other	ObjectVisitor@0x00b06c1c	1	0x00b06c1c	ObjectVisitor	0		0	0.99	descriptor_primary_base
0x00b06c4c	weak_call_visitor	optimizer/analysis	ObjectVisitor@0x00b06c1c	1	0x00b06c1c	ObjectVisitor	0		0	0.99	descriptor_primary_base
0x00b06c5c	Split64TestVisitor	optimizer/analysis	MachopVisitor@0x00b06c2c	1	0x00b06c2c	MachopVisitor	1	0x00b06c04	3	0.99	descriptor_primary_base
0x00b06c6c	std::exception	runtime/std	std_exception@0x00b06c6c	0			1	0x00b06b34	3	0.95	registry_root
0x00b06c7c	std::bad_alloc	runtime/std	std_exception@0x00b06c6c	1	0x00b06c6c	std::exception	1	0x00b06b54	3	0.99	descriptor_primary_base
0x00b06c8c	std::logic_error	runtime/std	std_exception@0x00b06c6c	1	0x00b06c6c	std::exception	1	0x00b06b74	3	0.99	descriptor_primary_base
0x00b06c9c	std::out_of_range	runtime/std	std_exception@0x00b06c6c	2	0x00b06c8c	std::logic_error	1	0x00b06b94	3	0.99	descriptor_primary_base
0x00b07ef0	Split64DoVisitor	optimizer/analysis	MachopVisitor@0x00b06c2c	1	0x00b06c2c	MachopVisitor	1	0x00b07e44	3	0.99	descriptor_primary_base
0x00b080a0	MachopVisitor	optimizer/analysis	MachopVisitor@0x00b080a0	0			1	0x00b08048	3	0.95	registry_root
0x00b080b0	MachopObjectInvalidator	other	MachopVisitor@0x00b080a0	1	0x00b080a0	MachopVisitor	1	0x00b08068	3	0.99	descriptor_primary_base
0x00b080c0	MachopImmpropClearer	other	MachopVisitor@0x00b080a0	1	0x00b080a0	MachopVisitor	1	0x00b08088	3	0.99	descriptor_primary_base
0x00b09ac8	MachopVisitor	optimizer/analysis	MachopVisitor@0x00b09ac8	0			1	0x00b09a50	3	0.95	registry_root
0x00b09ad8	MachopChecker	other	MachopVisitor@0x00b09ac8	1	0x00b09ac8	MachopVisitor	1	0x00b09a70	3	0.99	descriptor_primary_base
0x00b09ae8	MachopBitoffsetClearer	other	MachopVisitor@0x00b09ac8	1	0x00b09ac8	MachopVisitor	1	0x00b09a90	3	0.99	descriptor_primary_base
0x00b09af8	AddMachopVisitor	optimizer/analysis	MachopVisitor@0x00b09ac8	1	0x00b09ac8	MachopVisitor	1	0x00b09ab0	3	0.99	descriptor_primary_base
0x00b09bfc	forEachFunctor<crossblock_preads_fix_entry *>	other	forEachFunctor_crossblock_preads_fix_entry@0x00b09bfc	0			0		0	0.95	registry_root
0x00b09c0c	fcpfl	other	forEachFunctor_crossblock_preads_fix_entry@0x00b09bfc	1	0x00b09bfc	forEachFunctor<crossblock_preads_fix_entry *>	0		0	0.99	descriptor_primary_base
0x00b09c1c	a2pf	other	forEachFunctor_crossblock_preads_fix_entry@0x00b09bfc	1	0x00b09bfc	forEachFunctor<crossblock_preads_fix_entry *>	0		0	0.99	descriptor_primary_base
0x00b0a500	alloc_table	register-allocation	alloc_table@0x00b0a500	0			1	0x00b0a4e0	4	0.95	registry_root
0x00b0a5c8	alloc_table_hash	register-allocation	alloc_table@0x00b0a500	1	0x00b0a500	alloc_table	1	0x00b0a558	4	0.99	descriptor_primary_base
0x00b0a5d8	alloc_table_btree	register-allocation	alloc_table@0x00b0a500	1	0x00b0a500	alloc_table	1	0x00b0a580	4	0.99	descriptor_primary_base
0x00b0a5e8	alloc_table_bcl	register-allocation	alloc_table@0x00b0a500	1	0x00b0a500	alloc_table	1	0x00b0a5a8	4	0.99	descriptor_primary_base
0x00b0b784	backend_basetype2	other	backend_dataflow@0x00b0e82c	2	0x00afc4e0	backend_basetype	1	0x00b0af54	262	0.99	descriptor_primary_base
0x00b0b7b8	ws_interface	other	ws_interface@0x00b0b7b8	0			1	0x00b0b830	13	0.95	registry_root
0x00b0c0e4	list_scheduler	scheduler	list_scheduler@0x00b0c0e4	0			1	0x00b0bf48	11	0.95	registry_root
0x00b0c0f4	resource_model_scheduler	scheduler	list_scheduler@0x00b0c0e4	1	0x00b0c0e4	list_scheduler	1	0x00b0bfa8	13	0.99	descriptor_primary_base
0x00b0c104	compat_list_scheduler	scheduler	list_scheduler@0x00b0c0e4	1	0x00b0c0e4	list_scheduler	1	0x00b0c08c	11	0.99	descriptor_primary_base
0x00b0c114	ls_window_scheduler	scheduler	ws_interface@0x00b0b7b8	1	0x00b0b7b8	ws_interface	1	0x00b0c018	13	0.99	descriptor_primary_base
0x00b0c328	empty	other	operand_parser@0x00b0c7cc	1	0x00b0c7cc	operand_parser	1	0x00b0c364	23	0.99	descriptor_primary_base
0x00b0c7cc	operand_parser	other	operand_parser@0x00b0c7cc	0			1	0x00b0c654	23	0.95	registry_root
0x00b0c7dc	immediate_implicit	other	operand_parser@0x00b0c7cc	2	0x00b10d70	immediate	1	0x00b0c714	23	0.99	descriptor_primary_base
0x00b0c89c	Val	other	Exp@0x00b0d2d4	1	0x00b0d2d4	Exp	1	0x00b0c934	25	0.99	descriptor_primary_base
0x00b0c8ac	Num	other	Exp@0x00b0d2d4	2	0x00b0c89c	Val	1	0x00b0ca04	25	0.99	descriptor_primary_base
0x00b0c8bc	Unk	other	Exp@0x00b0d2d4	2	0x00b0c89c	Val	1	0x00b0cad4	26	0.99	descriptor_primary_base
0x00b0c8cc	Bot	other	Exp@0x00b0d2d4	3	0x00b0c8bc	Unk	1	0x00b0cbac	26	0.99	descriptor_primary_base
0x00b0c8dc	Mem	other	Exp@0x00b0d2d4	3	0x00b0c8bc	Unk	1	0x00b0cc84	26	0.99	descriptor_primary_base
0x00b0c8ec	Alu	other	Exp@0x00b0d2d4	1	0x00b0d2d4	Exp	1	0x00b0cd5c	25	0.99	descriptor_primary_base
0x00b0c8fc	Bop	other	Exp@0x00b0d2d4	2	0x00b0c8ec	Alu	1	0x00b0ce2c	26	0.99	descriptor_primary_base
0x00b0c90c	Ncm	other	Exp@0x00b0d2d4	3	0x00b0c8fc	Bop	1	0x00b0cf04	26	0.99	descriptor_primary_base
0x00b0c91c	Uop	other	Exp@0x00b0d2d4	2	0x00b0c8ec	Alu	1	0x00b0cfdc	25	0.99	descriptor_primary_base
0x00b0d2d4	Exp	other	Exp@0x00b0d2d4	0			1	0x00b0d13c	24	0.95	registry_root
0x00b0d2e4	Cmm	other	Exp@0x00b0d2d4	3	0x00b0c8fc	Bop	1	0x00b0d204	26	0.99	descriptor_primary_base
0x00b0d3b8	obj_iter	other	obj_iter@0x00b0d3b8	0			1	0x00b0d580	3	0.95	registry_root
0x00b0d3c8	singleton_iter	other	obj_iter@0x00b0d3b8	1	0x00b0d3b8	obj_iter	1	0x00b0d330	3	0.99	descriptor_primary_base
0x00b0d3d8	var_multimap	other	var_multimap@0x00b0d3d8	0			1	0x00b0d4d0	10	0.95	registry_root
0x00b0d3e8	var_disjointsets	other	var_disjointsets@0x00b0d3e8	0			1	0x00b0d370	4	0.95	registry_root
0x00b0d3f8	objectlist_iter	other	obj_iter@0x00b0d3b8	1	0x00b0d3b8	obj_iter	1	0x00b0d350	3	0.99	descriptor_primary_base
0x00b0d408	var_multimap_impl	other	var_multimap@0x00b0d3d8	1	0x00b0d3d8	var_multimap	1	0x00b0d528	10	0.99	descriptor_primary_base
0x00b0d418	var_map<objectlist>::var_map_iter	other	obj_iter@0x00b0d3b8	1	0x00b0d3b8	obj_iter	1	0x00b0d5a0	3	0.99	descriptor_primary_base
0x00b0d428	var_disjointsets_impl	other	var_disjointsets@0x00b0d3e8	1	0x00b0d3e8	var_disjointsets	1	0x00b0d398	4	0.99	descriptor_primary_base
0x00b0d5c8	obj_iter	other	obj_iter@0x00b0d5c8	0			0		0	0.95	registry_root
0x00b0d5d8	var_map<objectlist>::var_map_iter	other	obj_iter@0x00b0d5c8	1	0x00b0d5c8	obj_iter	0		0	0.99	descriptor_primary_base
0x00b0d680	obj_iter	other	obj_iter@0x00b0d680	0			1	0x00b0d648	3	0.95	registry_root
0x00b0d690	update_listener<object_variable>	other	update_listener_object_variable@0x00b0d690	0			0		0	0.95	registry_root
0x00b0d6a0	spill_variable_set::listener	register-allocation	update_listener_object_variable@0x00b0d690	1	0x00b0d690	update_listener<object_variable>	0		0	0.99	descriptor_primary_base
0x00b0d8b8	objpairlist_searchiter	other	obj_iter@0x00b0d680	1	0x00b0d680	obj_iter	1	0x00b0d8a0	3	0.99	descriptor_primary_base
0x00b0d908	InterblockDf	optimizer/analysis	InterblockDf@0x00b0d908	0			1	0x00b0d8f8	2	0.95	registry_root
0x00b0e82c	backend_dataflow	optimizer/analysis	backend_dataflow@0x00b0e82c	0			1	0x00b0e544	28	0.95	registry_root
0x00b0e83c	IndDataFlow	optimizer/analysis	InterblockDf@0x00b0d908	1	0x00b0d908	InterblockDf	1	0x00b0e62c	15	0.99	descriptor_primary_base
0x00b0e84c	RBFwdDataFlow	optimizer/analysis	InterblockDf@0x00b0d908	2	0x00b0e83c	IndDataFlow	1	0x00b0e6ac	15	0.99	descriptor_primary_base
0x00b0e85c	RBBkwdDataFlow	optimizer/analysis	InterblockDf@0x00b0d908	2	0x00b0e83c	IndDataFlow	1	0x00b0e72c	15	0.99	descriptor_primary_base
0x00b0e86c	RegReNameBkwdDataFlow	optimizer/analysis	InterblockDf@0x00b0d908	2	0x00b0e83c	IndDataFlow	1	0x00b0e7ac	15	0.99	descriptor_primary_base
0x00b0e91c	InterblockDf	optimizer/analysis	InterblockDf@0x00b0e91c	0			1	0x00b0e8dc	2	0.95	registry_root
0x00b0e92c	pl_void	other	pl_void@0x00b0e92c	0			0		0	0.95	registry_root
0x00b0e93c	mark_undead	other	pl_void@0x00b0e92c	1	0x00b0e92c	pl_void	0		0	0.99	descriptor_primary_base
0x00b0e94c	apply_and_kill_vol_readers	other	pl_void@0x00b0e92c	1	0x00b0e92c	pl_void	0		0	0.99	descriptor_primary_base
0x00b0ed44	VNFwdDataFlow	optimizer/analysis	InterblockDf@0x00b0d908	2	0x00b0e83c	IndDataFlow	1	0x00b0ecb8	15	0.99	descriptor_primary_base
0x00b0ed54	inst_dist	other	pl_void@0x00b0e92c	1	0x00b0e92c	pl_void	0		0	0.99	descriptor_primary_base
0x00b0edf0	ScavengingFixup	other	ScavengingFixup@0x00b0edf0	0			1	0x00b0ed98	11	0.95	registry_root
0x00b0f1ec	std::exception	runtime/std	std_exception@0x00b0f1ec	0			1	0x00b0f174	3	0.95	registry_root
0x00b0f1fc	std::bad_alloc	runtime/std	std_exception@0x00b0f1ec	1	0x00b0f1ec	std::exception	1	0x00b0f194	3	0.99	descriptor_primary_base
0x00b0f20c	std::logic_error	runtime/std	std_exception@0x00b0f1ec	1	0x00b0f1ec	std::exception	1	0x00b0f1b4	3	0.99	descriptor_primary_base
0x00b0f21c	std::length_error	runtime/std	std_exception@0x00b0f1ec	2	0x00b0f20c	std::logic_error	1	0x00b0f1d4	3	0.99	descriptor_primary_base
0x00b0f5dc	std::exception	runtime/std	std_exception@0x00b0f5dc	0			1	0x00b0f544	3	0.95	registry_root
0x00b0f5ec	std::bad_alloc	runtime/std	std_exception@0x00b0f5dc	1	0x00b0f5dc	std::exception	1	0x00b0f564	3	0.99	descriptor_primary_base
0x00b0f5fc	std::logic_error	runtime/std	std_exception@0x00b0f5dc	1	0x00b0f5dc	std::exception	1	0x00b0f584	3	0.99	descriptor_primary_base
0x00b0f60c	std::length_error	runtime/std	std_exception@0x00b0f5dc	2	0x00b0f5fc	std::logic_error	1	0x00b0f5a4	3	0.99	descriptor_primary_base
0x00b0f61c	std::out_of_range	runtime/std	std_exception@0x00b0f5dc	2	0x00b0f5fc	std::logic_error	1	0x00b0f5c4	3	0.99	descriptor_primary_base
0x00b10d30	register_range	register-allocation	operand_parser@0x00b0c7cc	1	0x00b0c7cc	operand_parser	1	0x00b105b8	23	0.99	descriptor_primary_base
0x00b10d40	register_set	register-allocation	operand_parser@0x00b0c7cc	1	0x00b0c7cc	operand_parser	1	0x00b10070	23	0.99	descriptor_primary_base
0x00b10d50	register_implicit	register-allocation	operand_parser@0x00b0c7cc	1	0x00b0c7cc	operand_parser	1	0x00b10678	23	0.99	descriptor_primary_base
0x00b10d60	textset	other	operand_parser@0x00b0c7cc	1	0x00b0c7cc	operand_parser	1	0x00b10130	23	0.99	descriptor_primary_base
0x00b10d70	immediate	other	operand_parser@0x00b0c7cc	1	0x00b0c7cc	operand_parser	1	0x00b101f0	23	0.99	descriptor_primary_base
0x00b10d80	register_list	register-allocation	operand_parser@0x00b0c7cc	1	0x00b0c7cc	operand_parser	1	0x00b10a38	23	0.99	descriptor_primary_base
0x00b10d90	statictext	other	operand_parser@0x00b0c7cc	1	0x00b0c7cc	operand_parser	1	0x00b102b0	23	0.99	descriptor_primary_base
0x00b10da0	hardcode	other	operand_parser@0x00b0c7cc	1	0x00b0c7cc	operand_parser	1	0x00b10370	23	0.99	descriptor_primary_base
0x00b10db0	compose	other	operand_parser@0x00b0c7cc	1	0x00b0c7cc	operand_parser	1	0x00b107f8	23	0.99	descriptor_primary_base
0x00b10dc0	choose	other	operand_parser@0x00b0c7cc	1	0x00b0c7cc	operand_parser	1	0x00b10430	23	0.99	descriptor_primary_base
0x00b10dd0	multiple_fields	other	operand_parser@0x00b0c7cc	1	0x00b0c7cc	operand_parser	1	0x00b104f0	23	0.99	descriptor_primary_base
0x00b10de0	split_fields	other	operand_parser@0x00b0c7cc	1	0x00b0c7cc	operand_parser	1	0x00b10978	23	0.99	descriptor_primary_base
0x00b10df0	suffix	other	operand_parser@0x00b0c7cc	1	0x00b0c7cc	operand_parser	1	0x00b10c78	23	0.99	descriptor_primary_base
0x00b10e00	join	other	operand_parser@0x00b0c7cc	1	0x00b0c7cc	operand_parser	1	0x00b10bb8	23	0.99	descriptor_primary_base
0x00b10e10	sameas	other	operand_parser@0x00b0c7cc	1	0x00b0c7cc	operand_parser	1	0x00b108b8	23	0.99	descriptor_primary_base
0x00b10e20	ignore	other	operand_parser@0x00b0c7cc	1	0x00b0c7cc	operand_parser	1	0x00b10738	23	0.99	descriptor_primary_base
0x00b10e30	mnemonic_placeholder	other	operand_parser@0x00b0c7cc	1	0x00b0c7cc	operand_parser	1	0x00b10af8	23	0.99	descriptor_primary_base
0x00b10f10	std::exception	runtime/std	std_exception@0x00b10f10	0			1	0x00b10e78	3	0.95	registry_root
0x00b10f20	std::bad_alloc	runtime/std	std_exception@0x00b10f10	1	0x00b10f10	std::exception	1	0x00b10e98	3	0.99	descriptor_primary_base
0x00b10f30	std::logic_error	runtime/std	std_exception@0x00b10f10	1	0x00b10f10	std::exception	1	0x00b10eb8	3	0.99	descriptor_primary_base
0x00b10f40	std::length_error	runtime/std	std_exception@0x00b10f10	2	0x00b10f30	std::logic_error	1	0x00b10ed8	3	0.99	descriptor_primary_base
0x00b10f50	std::out_of_range	runtime/std	std_exception@0x00b10f10	2	0x00b10f30	std::logic_error	1	0x00b10ef8	3	0.99	descriptor_primary_base
0x00b1154c	register_map	register-allocation	register_map@0x00b1154c	0			0		0	0.95	registry_root
0x00b1155c	Disassembler	other	Disassembler@0x00b1155c	0			1	0x00b114bc	18	0.95	registry_root
0x00b11aa8	std::exception	runtime/std	std_exception@0x00b11aa8	0			1	0x00b11a30	3	0.95	registry_root
0x00b11ab8	std::bad_alloc	runtime/std	std_exception@0x00b11aa8	1	0x00b11aa8	std::exception	1	0x00b11a50	3	0.99	descriptor_primary_base
0x00b11ac8	std::logic_error	runtime/std	std_exception@0x00b11aa8	1	0x00b11aa8	std::exception	1	0x00b11a70	3	0.99	descriptor_primary_base
0x00b11ad8	std::length_error	runtime/std	std_exception@0x00b11aa8	2	0x00b11ac8	std::logic_error	1	0x00b11a90	3	0.99	descriptor_primary_base
0x00b11f18	IndInst::instop	other	IndInst_instop@0x00b11f18	0			1	0x00b11e80	3	0.95	registry_root
0x00b11f28	IndInst::instopreg	other	IndInst_instop@0x00b11f18	1	0x00b11f18	IndInst::instop	1	0x00b11ea0	3	0.99	descriptor_primary_base
0x00b11f38	IndInst::instopimm	other	IndInst_instop@0x00b11f18	1	0x00b11f18	IndInst::instop	1	0x00b11ec0	3	0.99	descriptor_primary_base
0x00b11f48	IndInst::instopcomp	other	IndInst_instop@0x00b11f18	1	0x00b11f18	IndInst::instop	1	0x00b11ee0	3	0.99	descriptor_primary_base
0x00b11f58	IndInst::instopreglist	other	IndInst_instop@0x00b11f18	1	0x00b11f18	IndInst::instop	1	0x00b11f00	3	0.99	descriptor_primary_base
0x00b12008	std::exception	runtime/std	std_exception@0x00b12008	0			1	0x00b11f90	3	0.95	registry_root
0x00b12018	std::bad_alloc	runtime/std	std_exception@0x00b12008	1	0x00b12008	std::exception	1	0x00b11fb0	3	0.99	descriptor_primary_base
0x00b12028	std::logic_error	runtime/std	std_exception@0x00b12008	1	0x00b12008	std::exception	1	0x00b11fd0	3	0.99	descriptor_primary_base
0x00b12038	std::length_error	runtime/std	std_exception@0x00b12008	2	0x00b12028	std::logic_error	1	0x00b11ff0	3	0.99	descriptor_primary_base
0x00b125a0	IndInst::IndInstInterface	other	IndInst_IndInstInterface@0x00b125a0	0			1	0x00b12570	6	0.95	registry_root
0x00b12800	OutputGen	other	OutputGen@0x00b12800	0			1	0x00b12740	4	0.95	registry_root
0x00b12810	SimpleOutputGen	other	OutputGen@0x00b12800	1	0x00b12800	OutputGen	1	0x00b12768	4	0.99	descriptor_primary_base
0x00b12820	FileOutputGen	other	OutputGen@0x00b12800	1	0x00b12800	OutputGen	1	0x00b12790	4	0.99	descriptor_primary_base
0x00b12830	BufferOutputGen	other	OutputGen@0x00b12800	1	0x00b12800	OutputGen	1	0x00b127b8	4	0.99	descriptor_primary_base
0x00b12840	DebugOutputGen	other	OutputGen@0x00b12800	1	0x00b12800	OutputGen	1	0x00b127e0	4	0.99	descriptor_primary_base
0x00b12cf4	std::exception	runtime/std	std_exception@0x00b12cf4	0			1	0x00b12cbc	3	0.95	registry_root
0x00b12d04	std::bad_alloc	runtime/std	std_exception@0x00b12cf4	1	0x00b12cf4	std::exception	1	0x00b12cdc	3	0.99	descriptor_primary_base
0x00bd48a0	std::exception	runtime/std	std_exception@0x00bd48a0	0			1	0x00bd4808	3	0.95	registry_root
0x00bd48b0	std::bad_alloc	runtime/std	std_exception@0x00bd48a0	1	0x00bd48a0	std::exception	1	0x00bd4828	3	0.99	descriptor_primary_base
0x00bd48c0	std::logic_error	runtime/std	std_exception@0x00bd48a0	1	0x00bd48a0	std::exception	1	0x00bd4848	3	0.99	descriptor_primary_base
0x00bd48d0	std::length_error	runtime/std	std_exception@0x00bd48a0	2	0x00bd48c0	std::logic_error	1	0x00bd4868	3	0.99	descriptor_primary_base
0x00bd48e0	std::out_of_range	runtime/std	std_exception@0x00bd48a0	2	0x00bd48c0	std::logic_error	1	0x00bd4888	3	0.99	descriptor_primary_base
0x00bd49a0	std::type_info	runtime/std	std_type_info@0x00bd49a0	0			0		0	0.95	registry_root
