semantic_slot_id	slot	classes	class_names	unique_targets	dominant_target	dominant_target_count	dominant_fraction	inherited	overrides	introduced_or_root	semantic_hint	confidence
AliasAnalyzer.slot_000	0	3	AliasAnalyzer;BooleanAccurateAliasAnalyzer;TimeAccurateAliasAnalyzer	3	005cf400	1	0.333	0	2	1	override_heavy	0.72
AliasAnalyzer.slot_001	1	3	AliasAnalyzer;BooleanAccurateAliasAnalyzer;TimeAccurateAliasAnalyzer	3	005cf409	1	0.333	0	2	1	override_heavy	0.72
Checker.slot_000	0	29	Checker;CheckerIntState;CheckerIntStateAll;CheckerIntStateLValue;CheckerIntStateSafevar;CheckerLValue;ConstChecker;DerefNULLChecker;EquivChecker;FreeChecker;FreeCheckerBackwards;LocalScopeChecker;MemLeakChecker;MemLeakCheckerBackwards;NULLCheckChecker;NULLCheckCheckerBackwards;NULLCheckDerefChecker;NewArrayChecker;NewSingleChecker;NoFlowChecker;NoReturnChecker;RangeChecker;ReadOnlyWriteChecker;StrictUninitChecker;UninitMemChecker;UninitReadChecker;UninitReadCheckerBackwards;UnreadChecker;UnreadCheckerBackwards	24	00a92860	6	0.207	5	23	1	override_heavy	0.72
Checker.slot_001	1	29	Checker;CheckerIntState;CheckerIntStateAll;CheckerIntStateLValue;CheckerIntStateSafevar;CheckerLValue;ConstChecker;DerefNULLChecker;EquivChecker;FreeChecker;FreeCheckerBackwards;LocalScopeChecker;MemLeakChecker;MemLeakCheckerBackwards;NULLCheckChecker;NULLCheckCheckerBackwards;NULLCheckDerefChecker;NewArrayChecker;NewSingleChecker;NoFlowChecker;NoReturnChecker;RangeChecker;ReadOnlyWriteChecker;StrictUninitChecker;UninitMemChecker;UninitReadChecker;UninitReadCheckerBackwards;UnreadChecker;UnreadCheckerBackwards	24	00a92860	6	0.207	5	23	1	override_heavy	0.72
Checker.slot_002	2	29	Checker;CheckerIntState;CheckerIntStateAll;CheckerIntStateLValue;CheckerIntStateSafevar;CheckerLValue;ConstChecker;DerefNULLChecker;EquivChecker;FreeChecker;FreeCheckerBackwards;LocalScopeChecker;MemLeakChecker;MemLeakCheckerBackwards;NULLCheckChecker;NULLCheckCheckerBackwards;NULLCheckDerefChecker;NewArrayChecker;NewSingleChecker;NoFlowChecker;NoReturnChecker;RangeChecker;ReadOnlyWriteChecker;StrictUninitChecker;UninitMemChecker;UninitReadChecker;UninitReadCheckerBackwards;UnreadChecker;UnreadCheckerBackwards	6	0060ecc6	23	0.793	23	5	1	shared_implementation	0.82
Checker.slot_003	3	29	Checker;CheckerIntState;CheckerIntStateAll;CheckerIntStateLValue;CheckerIntStateSafevar;CheckerLValue;ConstChecker;DerefNULLChecker;EquivChecker;FreeChecker;FreeCheckerBackwards;LocalScopeChecker;MemLeakChecker;MemLeakCheckerBackwards;NULLCheckChecker;NULLCheckCheckerBackwards;NULLCheckDerefChecker;NewArrayChecker;NewSingleChecker;NoFlowChecker;NoReturnChecker;RangeChecker;ReadOnlyWriteChecker;StrictUninitChecker;UninitMemChecker;UninitReadChecker;UninitReadCheckerBackwards;UnreadChecker;UnreadCheckerBackwards	6	0060d30f	23	0.793	23	5	1	shared_implementation	0.82
Checker.slot_004	4	29	Checker;CheckerIntState;CheckerIntStateAll;CheckerIntStateLValue;CheckerIntStateSafevar;CheckerLValue;ConstChecker;DerefNULLChecker;EquivChecker;FreeChecker;FreeCheckerBackwards;LocalScopeChecker;MemLeakChecker;MemLeakCheckerBackwards;NULLCheckChecker;NULLCheckCheckerBackwards;NULLCheckDerefChecker;NewArrayChecker;NewSingleChecker;NoFlowChecker;NoReturnChecker;RangeChecker;ReadOnlyWriteChecker;StrictUninitChecker;UninitMemChecker;UninitReadChecker;UninitReadCheckerBackwards;UnreadChecker;UnreadCheckerBackwards	6	0060ee8f	23	0.793	23	5	1	shared_implementation	0.82
Checker.slot_005	5	29	Checker;CheckerIntState;CheckerIntStateAll;CheckerIntStateLValue;CheckerIntStateSafevar;CheckerLValue;ConstChecker;DerefNULLChecker;EquivChecker;FreeChecker;FreeCheckerBackwards;LocalScopeChecker;MemLeakChecker;MemLeakCheckerBackwards;NULLCheckChecker;NULLCheckCheckerBackwards;NULLCheckDerefChecker;NewArrayChecker;NewSingleChecker;NoFlowChecker;NoReturnChecker;RangeChecker;ReadOnlyWriteChecker;StrictUninitChecker;UninitMemChecker;UninitReadChecker;UninitReadCheckerBackwards;UnreadChecker;UnreadCheckerBackwards	24	00a92860	6	0.207	5	23	1	override_heavy	0.72
Checker.slot_006	6	29	Checker;CheckerIntState;CheckerIntStateAll;CheckerIntStateLValue;CheckerIntStateSafevar;CheckerLValue;ConstChecker;DerefNULLChecker;EquivChecker;FreeChecker;FreeCheckerBackwards;LocalScopeChecker;MemLeakChecker;MemLeakCheckerBackwards;NULLCheckChecker;NULLCheckCheckerBackwards;NULLCheckDerefChecker;NewArrayChecker;NewSingleChecker;NoFlowChecker;NoReturnChecker;RangeChecker;ReadOnlyWriteChecker;StrictUninitChecker;UninitMemChecker;UninitReadChecker;UninitReadCheckerBackwards;UnreadChecker;UnreadCheckerBackwards	6	00606438	23	0.793	23	5	1	shared_implementation	0.82
Checker.slot_007	7	29	Checker;CheckerIntState;CheckerIntStateAll;CheckerIntStateLValue;CheckerIntStateSafevar;CheckerLValue;ConstChecker;DerefNULLChecker;EquivChecker;FreeChecker;FreeCheckerBackwards;LocalScopeChecker;MemLeakChecker;MemLeakCheckerBackwards;NULLCheckChecker;NULLCheckCheckerBackwards;NULLCheckDerefChecker;NewArrayChecker;NewSingleChecker;NoFlowChecker;NoReturnChecker;RangeChecker;ReadOnlyWriteChecker;StrictUninitChecker;UninitMemChecker;UninitReadChecker;UninitReadCheckerBackwards;UnreadChecker;UnreadCheckerBackwards	5	006034e2	9	0.310	24	4	1	family_virtual_slot	0.62
Checker.slot_008	8	23	CheckerIntState;CheckerIntStateAll;CheckerIntStateLValue;CheckerIntStateSafevar;DerefNULLChecker;FreeChecker;FreeCheckerBackwards;LocalScopeChecker;MemLeakChecker;MemLeakCheckerBackwards;NULLCheckChecker;NULLCheckCheckerBackwards;NULLCheckDerefChecker;NewArrayChecker;NewSingleChecker;NoFlowChecker;NoReturnChecker;ReadOnlyWriteChecker;StrictUninitChecker;UninitReadChecker;UninitReadCheckerBackwards;UnreadChecker;UnreadCheckerBackwards	20	00a92860	4	0.174	3	19	1	override_heavy	0.72
Checker.slot_009	9	23	CheckerIntState;CheckerIntStateAll;CheckerIntStateLValue;CheckerIntStateSafevar;DerefNULLChecker;FreeChecker;FreeCheckerBackwards;LocalScopeChecker;MemLeakChecker;MemLeakCheckerBackwards;NULLCheckChecker;NULLCheckCheckerBackwards;NULLCheckDerefChecker;NewArrayChecker;NewSingleChecker;NoFlowChecker;NoReturnChecker;ReadOnlyWriteChecker;StrictUninitChecker;UninitReadChecker;UninitReadCheckerBackwards;UnreadChecker;UnreadCheckerBackwards	20	00a92860	4	0.174	3	19	1	override_heavy	0.72
Checker.slot_010	10	23	CheckerIntState;CheckerIntStateAll;CheckerIntStateLValue;CheckerIntStateSafevar;DerefNULLChecker;FreeChecker;FreeCheckerBackwards;LocalScopeChecker;MemLeakChecker;MemLeakCheckerBackwards;NULLCheckChecker;NULLCheckCheckerBackwards;NULLCheckDerefChecker;NewArrayChecker;NewSingleChecker;NoFlowChecker;NoReturnChecker;ReadOnlyWriteChecker;StrictUninitChecker;UninitReadChecker;UninitReadCheckerBackwards;UnreadChecker;UnreadCheckerBackwards	20	00a92860	4	0.174	3	19	1	override_heavy	0.72
Checker.slot_011	11	23	CheckerIntState;CheckerIntStateAll;CheckerIntStateLValue;CheckerIntStateSafevar;DerefNULLChecker;FreeChecker;FreeCheckerBackwards;LocalScopeChecker;MemLeakChecker;MemLeakCheckerBackwards;NULLCheckChecker;NULLCheckCheckerBackwards;NULLCheckDerefChecker;NewArrayChecker;NewSingleChecker;NoFlowChecker;NoReturnChecker;ReadOnlyWriteChecker;StrictUninitChecker;UninitReadChecker;UninitReadCheckerBackwards;UnreadChecker;UnreadCheckerBackwards	20	00a92860	4	0.174	3	19	1	override_heavy	0.72
Disassembler.slot_000	0	1	Disassembler	1	00796e31	1	1.000	0	0	1	shared_implementation	0.82
Disassembler.slot_001	1	1	Disassembler	1	00795c8c	1	1.000	0	0	1	shared_implementation	0.82
Disassembler.slot_002	2	1	Disassembler	1	00795c95	1	1.000	0	0	1	shared_implementation	0.82
Disassembler.slot_003	3	1	Disassembler	1	00795ca2	1	1.000	0	0	1	shared_implementation	0.82
Disassembler.slot_004	4	1	Disassembler	1	00795cc3	1	1.000	0	0	1	shared_implementation	0.82
Disassembler.slot_005	5	1	Disassembler	1	00795ccd	1	1.000	0	0	1	shared_implementation	0.82
Disassembler.slot_006	6	1	Disassembler	1	00797bb6	1	1.000	0	0	1	shared_implementation	0.82
Disassembler.slot_007	7	1	Disassembler	1	00798d6d	1	1.000	0	0	1	shared_implementation	0.82
Disassembler.slot_008	8	1	Disassembler	1	007991de	1	1.000	0	0	1	shared_implementation	0.82
Disassembler.slot_009	9	1	Disassembler	1	0079ab66	1	1.000	0	0	1	shared_implementation	0.82
Disassembler.slot_010	10	1	Disassembler	1	00795cec	1	1.000	0	0	1	shared_implementation	0.82
Disassembler.slot_011	11	1	Disassembler	1	00795cf6	1	1.000	0	0	1	shared_implementation	0.82
Disassembler.slot_012	12	1	Disassembler	1	00796ef1	1	1.000	0	0	1	shared_implementation	0.82
Disassembler.slot_013	13	1	Disassembler	1	00795d00	1	1.000	0	0	1	shared_implementation	0.82
Disassembler.slot_014	14	1	Disassembler	1	007972fd	1	1.000	0	0	1	shared_implementation	0.82
Disassembler.slot_015	15	1	Disassembler	1	00795d0c	1	1.000	0	0	1	shared_implementation	0.82
Disassembler.slot_016	16	1	Disassembler	1	00795d15	1	1.000	0	0	1	shared_implementation	0.82
Disassembler.slot_017	17	1	Disassembler	1	00795d2b	1	1.000	0	0	1	shared_implementation	0.82
Exp.slot_000	0	11	Alu;Bop;Bot;Cmm;Exp;Mem;Ncm;Num;Unk;Uop;Val	3	00747c41	5	0.455	8	2	1	family_virtual_slot	0.62
Exp.slot_001	1	11	Alu;Bop;Bot;Cmm;Exp;Mem;Ncm;Num;Unk;Uop;Val	2	00748931	10	0.909	9	1	1	shared_implementation	0.82
Exp.slot_002	2	11	Alu;Bop;Bot;Cmm;Exp;Mem;Ncm;Num;Unk;Uop;Val	1	00746f50	11	1.000	10	0	1	shared_implementation	0.82
Exp.slot_003	3	11	Alu;Bop;Bot;Cmm;Exp;Mem;Ncm;Num;Unk;Uop;Val	1	00746f73	11	1.000	10	0	1	shared_implementation	0.82
Exp.slot_004	4	11	Alu;Bop;Bot;Cmm;Exp;Mem;Ncm;Num;Unk;Uop;Val	1	00746f96	11	1.000	10	0	1	shared_implementation	0.82
Exp.slot_005	5	11	Alu;Bop;Bot;Cmm;Exp;Mem;Ncm;Num;Unk;Uop;Val	1	00746fb9	11	1.000	10	0	1	shared_implementation	0.82
Exp.slot_006	6	11	Alu;Bop;Bot;Cmm;Exp;Mem;Ncm;Num;Unk;Uop;Val	1	00746fdc	11	1.000	10	0	1	shared_implementation	0.82
Exp.slot_007	7	11	Alu;Bop;Bot;Cmm;Exp;Mem;Ncm;Num;Unk;Uop;Val	1	00746fff	11	1.000	10	0	1	shared_implementation	0.82
Exp.slot_008	8	11	Alu;Bop;Bot;Cmm;Exp;Mem;Ncm;Num;Unk;Uop;Val	1	00747014	11	1.000	10	0	1	shared_implementation	0.82
Exp.slot_009	9	11	Alu;Bop;Bot;Cmm;Exp;Mem;Ncm;Num;Unk;Uop;Val	1	00747029	11	1.000	10	0	1	shared_implementation	0.82
Exp.slot_010	10	11	Alu;Bop;Bot;Cmm;Exp;Mem;Ncm;Num;Unk;Uop;Val	1	0074703e	11	1.000	10	0	1	shared_implementation	0.82
Exp.slot_011	11	11	Alu;Bop;Bot;Cmm;Exp;Mem;Ncm;Num;Unk;Uop;Val	1	00747053	11	1.000	10	0	1	shared_implementation	0.82
Exp.slot_012	12	11	Alu;Bop;Bot;Cmm;Exp;Mem;Ncm;Num;Unk;Uop;Val	1	00747065	11	1.000	10	0	1	shared_implementation	0.82
Exp.slot_013	13	11	Alu;Bop;Bot;Cmm;Exp;Mem;Ncm;Num;Unk;Uop;Val	1	00747077	11	1.000	10	0	1	shared_implementation	0.82
Exp.slot_014	14	11	Alu;Bop;Bot;Cmm;Exp;Mem;Ncm;Num;Unk;Uop;Val	2	00747246	6	0.545	9	1	1	family_virtual_slot	0.62
Exp.slot_015	15	11	Alu;Bop;Bot;Cmm;Exp;Mem;Ncm;Num;Unk;Uop;Val	2	0074724f	6	0.545	9	1	1	family_virtual_slot	0.62
Exp.slot_016	16	11	Alu;Bop;Bot;Cmm;Exp;Mem;Ncm;Num;Unk;Uop;Val	2	00747258	10	0.909	9	1	1	shared_implementation	0.82
Exp.slot_017	17	11	Alu;Bop;Bot;Cmm;Exp;Mem;Ncm;Num;Unk;Uop;Val	2	00747261	8	0.727	9	1	1	family_virtual_slot	0.62
Exp.slot_018	18	11	Alu;Bop;Bot;Cmm;Exp;Mem;Ncm;Num;Unk;Uop;Val	2	0074726a	10	0.909	9	1	1	shared_implementation	0.82
Exp.slot_019	19	11	Alu;Bop;Bot;Cmm;Exp;Mem;Ncm;Num;Unk;Uop;Val	2	00747273	10	0.909	9	1	1	shared_implementation	0.82
Exp.slot_020	20	11	Alu;Bop;Bot;Cmm;Exp;Mem;Ncm;Num;Unk;Uop;Val	2	0074727c	8	0.727	9	1	1	family_virtual_slot	0.62
Exp.slot_021	21	11	Alu;Bop;Bot;Cmm;Exp;Mem;Ncm;Num;Unk;Uop;Val	2	00747285	10	0.909	9	1	1	shared_implementation	0.82
Exp.slot_022	22	11	Alu;Bop;Bot;Cmm;Exp;Mem;Ncm;Num;Unk;Uop;Val	2	0074728e	10	0.909	9	1	1	shared_implementation	0.82
Exp.slot_023	23	11	Alu;Bop;Bot;Cmm;Exp;Mem;Ncm;Num;Unk;Uop;Val	2	00747297	10	0.909	9	1	1	shared_implementation	0.82
Exp.slot_024	24	10	Alu;Bop;Bot;Cmm;Mem;Ncm;Num;Unk;Uop;Val	5	00747d53	3	0.300	4	4	2	family_virtual_slot	0.62
Exp.slot_025	25	6	Bop;Bot;Cmm;Mem;Ncm;Unk	5	00a92860	2	0.333	0	4	2	override_heavy	0.72
IndInst_IndInstInterface.slot_000	0	1	IndInst::IndInstInterface	1	0079f959	1	1.000	0	0	1	shared_implementation	0.82
IndInst_IndInstInterface.slot_001	1	1	IndInst::IndInstInterface	1	0079f9bd	1	1.000	0	0	1	shared_implementation	0.82
IndInst_IndInstInterface.slot_002	2	1	IndInst::IndInstInterface	1	0079fa60	1	1.000	0	0	1	shared_implementation	0.82
IndInst_IndInstInterface.slot_003	3	1	IndInst::IndInstInterface	1	0079fdcc	1	1.000	0	0	1	shared_implementation	0.82
IndInst_IndInstInterface.slot_004	4	1	IndInst::IndInstInterface	1	007a023e	1	1.000	0	0	1	shared_implementation	0.82
IndInst_IndInstInterface.slot_005	5	1	IndInst::IndInstInterface	1	007a044d	1	1.000	0	0	1	shared_implementation	0.82
IndInst_instop.slot_000	0	5	IndInst::instop;IndInst::instopcomp;IndInst::instopimm;IndInst::instopreg;IndInst::instopreglist	5	0079d717	1	0.200	0	4	1	override_heavy	0.72
IndInst_instop.slot_001	1	5	IndInst::instop;IndInst::instopcomp;IndInst::instopimm;IndInst::instopreg;IndInst::instopreglist	5	00a92860	1	0.200	0	4	1	override_heavy	0.72
IndInst_instop.slot_002	2	5	IndInst::instop;IndInst::instopcomp;IndInst::instopimm;IndInst::instopreg;IndInst::instopreglist	5	0079d917	1	0.200	0	4	1	override_heavy	0.72
InterblockDf.slot_000	0	31	CheckerFlow;CopyPropDf;DelayedDf;DownSafetyDf;EarliestDf;FCEReachingWriteDf;FinalDf;GcseFinalDf;GcseLiveDf;GcseSelectDf;HoistAvailDf;HoistDelayDf;HoistFinal2Df;HoistFinal3Df;HoistFinalDf;HoistHelpfulDf;HoistRedundantDf;HoistUsableDf;IndDataFlow;InterblockDf;IsolatedDf;LatestDf;LivenessDf;PostLivenessDf;RBBkwdDataFlow;RBFwdDataFlow;RegReNameBkwdDataFlow;TouchesDf;UpSafetyDf;VNFwdDataFlow;ValueNeededDf	30	00a92860	6	0.171	1	29	5	override_heavy	0.72
InterblockDf.slot_001	1	31	CheckerFlow;CopyPropDf;DelayedDf;DownSafetyDf;EarliestDf;FCEReachingWriteDf;FinalDf;GcseFinalDf;GcseLiveDf;GcseSelectDf;HoistAvailDf;HoistDelayDf;HoistFinal2Df;HoistFinal3Df;HoistFinalDf;HoistHelpfulDf;HoistRedundantDf;HoistUsableDf;IndDataFlow;InterblockDf;IsolatedDf;LatestDf;LivenessDf;PostLivenessDf;RBBkwdDataFlow;RBFwdDataFlow;RegReNameBkwdDataFlow;TouchesDf;UpSafetyDf;VNFwdDataFlow;ValueNeededDf	30	00a92860	6	0.171	1	29	5	override_heavy	0.72
InterblockDf.slot_002	2	5	IndDataFlow;RBBkwdDataFlow;RBFwdDataFlow;RegReNameBkwdDataFlow;VNFwdDataFlow	4	0074dd47	2	0.400	1	3	1	override_heavy	0.72
InterblockDf.slot_003	3	5	IndDataFlow;RBBkwdDataFlow;RBFwdDataFlow;RegReNameBkwdDataFlow;VNFwdDataFlow	3	0074dd4c	3	0.600	2	2	1	family_virtual_slot	0.62
InterblockDf.slot_004	4	5	IndDataFlow;RBBkwdDataFlow;RBFwdDataFlow;RegReNameBkwdDataFlow;VNFwdDataFlow	4	0074dd69	2	0.400	1	3	1	override_heavy	0.72
InterblockDf.slot_005	5	5	IndDataFlow;RBBkwdDataFlow;RBFwdDataFlow;RegReNameBkwdDataFlow;VNFwdDataFlow	3	0074dd86	3	0.600	2	2	1	family_virtual_slot	0.62
InterblockDf.slot_006	6	5	IndDataFlow;RBBkwdDataFlow;RBFwdDataFlow;RegReNameBkwdDataFlow;VNFwdDataFlow	4	0074dd9f	2	0.400	1	3	1	override_heavy	0.72
InterblockDf.slot_007	7	5	IndDataFlow;RBBkwdDataFlow;RBFwdDataFlow;RegReNameBkwdDataFlow;VNFwdDataFlow	5	00a92860	1	0.200	0	4	1	override_heavy	0.72
InterblockDf.slot_008	8	5	IndDataFlow;RBBkwdDataFlow;RBFwdDataFlow;RegReNameBkwdDataFlow;VNFwdDataFlow	4	0074ddb8	2	0.400	1	3	1	override_heavy	0.72
InterblockDf.slot_009	9	5	IndDataFlow;RBBkwdDataFlow;RBFwdDataFlow;RegReNameBkwdDataFlow;VNFwdDataFlow	4	0074ddbd	2	0.400	1	3	1	override_heavy	0.72
InterblockDf.slot_010	10	5	IndDataFlow;RBBkwdDataFlow;RBFwdDataFlow;RegReNameBkwdDataFlow;VNFwdDataFlow	3	0074ddc7	3	0.600	2	2	1	family_virtual_slot	0.62
InterblockDf.slot_011	11	5	IndDataFlow;RBBkwdDataFlow;RBFwdDataFlow;RegReNameBkwdDataFlow;VNFwdDataFlow	5	00a92860	1	0.200	0	4	1	override_heavy	0.72
InterblockDf.slot_012	12	5	IndDataFlow;RBBkwdDataFlow;RBFwdDataFlow;RegReNameBkwdDataFlow;VNFwdDataFlow	2	0076da5c	4	0.800	3	1	1	shared_implementation	0.82
InterblockDf.slot_013	13	5	IndDataFlow;RBBkwdDataFlow;RBFwdDataFlow;RegReNameBkwdDataFlow;VNFwdDataFlow	2	0076da6c	4	0.800	3	1	1	shared_implementation	0.82
InterblockDf.slot_014	14	5	IndDataFlow;RBBkwdDataFlow;RBFwdDataFlow;RegReNameBkwdDataFlow;VNFwdDataFlow	2	0074ddcc	4	0.800	3	1	1	shared_implementation	0.82
MachopVisitor.slot_000	0	8	AddMachopVisitor;MachopBitoffsetClearer;MachopChecker;MachopImmpropClearer;MachopObjectInvalidator;MachopVisitor;Split64DoVisitor;Split64TestVisitor	8	00a92860	3	0.300	0	7	3	override_heavy	0.72
MachopVisitor.slot_001	1	8	AddMachopVisitor;MachopBitoffsetClearer;MachopChecker;MachopImmpropClearer;MachopObjectInvalidator;MachopVisitor;Split64DoVisitor;Split64TestVisitor	6	006cfb36	3	0.300	4	3	3	family_virtual_slot	0.62
MachopVisitor.slot_002	2	8	AddMachopVisitor;MachopBitoffsetClearer;MachopChecker;MachopImmpropClearer;MachopObjectInvalidator;MachopVisitor;Split64DoVisitor;Split64TestVisitor	3	0070047c	4	0.400	7	0	3	family_virtual_slot	0.62
ObjectVisitor.slot_000	0	2	bytereverser;nonstandard_type_handler	1	0061fea0	2	1.000	1	0	1	shared_implementation	0.82
ObjectVisitor.slot_001	1	2	bytereverser;nonstandard_type_handler	2	00a92860	1	0.500	0	1	1	override_heavy	0.72
ObjectVisitor.slot_002	2	2	bytereverser;nonstandard_type_handler	2	00a92860	1	0.500	0	1	1	override_heavy	0.72
OutputGen.slot_000	0	5	BufferOutputGen;DebugOutputGen;FileOutputGen;OutputGen;SimpleOutputGen	5	00a92860	1	0.200	0	4	1	override_heavy	0.72
OutputGen.slot_001	1	5	BufferOutputGen;DebugOutputGen;FileOutputGen;OutputGen;SimpleOutputGen	5	007a0ddc	1	0.200	0	4	1	override_heavy	0.72
OutputGen.slot_002	2	5	BufferOutputGen;DebugOutputGen;FileOutputGen;OutputGen;SimpleOutputGen	3	007a0e16	3	0.600	2	2	1	family_virtual_slot	0.62
OutputGen.slot_003	3	5	BufferOutputGen;DebugOutputGen;FileOutputGen;OutputGen;SimpleOutputGen	1	007a0e54	5	1.000	4	0	1	shared_implementation	0.82
ScavengingFixup.slot_000	0	1	ScavengingFixup	1	00780a92	1	1.000	0	0	1	shared_implementation	0.82
ScavengingFixup.slot_001	1	1	ScavengingFixup	1	00a92860	1	1.000	0	0	1	shared_implementation	0.82
ScavengingFixup.slot_002	2	1	ScavengingFixup	1	007808d0	1	1.000	0	0	1	shared_implementation	0.82
ScavengingFixup.slot_003	3	1	ScavengingFixup	1	007808d9	1	1.000	0	0	1	shared_implementation	0.82
ScavengingFixup.slot_004	4	1	ScavengingFixup	1	007808e2	1	1.000	0	0	1	shared_implementation	0.82
ScavengingFixup.slot_005	5	1	ScavengingFixup	1	007808f2	1	1.000	0	0	1	shared_implementation	0.82
ScavengingFixup.slot_006	6	1	ScavengingFixup	1	00780902	1	1.000	0	0	1	shared_implementation	0.82
ScavengingFixup.slot_007	7	1	ScavengingFixup	1	0078090b	1	1.000	0	0	1	shared_implementation	0.82
ScavengingFixup.slot_008	8	1	ScavengingFixup	1	00a92860	1	1.000	0	0	1	shared_implementation	0.82
ScavengingFixup.slot_009	9	1	ScavengingFixup	1	00a92860	1	1.000	0	0	1	shared_implementation	0.82
ScavengingFixup.slot_010	10	1	ScavengingFixup	1	00780914	1	1.000	0	0	1	shared_implementation	0.82
alloc_table.slot_000	0	4	alloc_table;alloc_table_bcl;alloc_table_btree;alloc_table_hash	4	0071dcd0	1	0.250	0	3	1	override_heavy	0.72
alloc_table.slot_001	1	4	alloc_table;alloc_table_bcl;alloc_table_btree;alloc_table_hash	4	00a92860	1	0.250	0	3	1	override_heavy	0.72
alloc_table.slot_002	2	4	alloc_table;alloc_table_bcl;alloc_table_btree;alloc_table_hash	4	00a92860	1	0.250	0	3	1	override_heavy	0.72
alloc_table.slot_003	3	4	alloc_table;alloc_table_bcl;alloc_table_btree;alloc_table_hash	4	00a92860	1	0.250	0	3	1	override_heavy	0.72
backend_dataflow.slot_000	0	4	backend_basetype;backend_basetype2;backend_dataflow;backend_t	4	00406414	1	0.250	0	3	1	override_heavy	0.72
backend_dataflow.slot_001	1	4	backend_basetype;backend_basetype2;backend_dataflow;backend_t	1	0076fdcf	4	1.000	3	0	1	shared_implementation	0.82
backend_dataflow.slot_002	2	4	backend_basetype;backend_basetype2;backend_dataflow;backend_t	4	00406419	1	0.250	0	3	1	override_heavy	0.72
backend_dataflow.slot_003	3	4	backend_basetype;backend_basetype2;backend_dataflow;backend_t	4	0040641e	1	0.250	0	3	1	override_heavy	0.72
backend_dataflow.slot_004	4	4	backend_basetype;backend_basetype2;backend_dataflow;backend_t	4	00406427	1	0.250	0	3	1	override_heavy	0.72
backend_dataflow.slot_005	5	4	backend_basetype;backend_basetype2;backend_dataflow;backend_t	2	0076fd8c	3	0.750	2	1	1	shared_implementation	0.82
backend_dataflow.slot_006	6	4	backend_basetype;backend_basetype2;backend_dataflow;backend_t	2	007692da	3	0.750	2	1	1	shared_implementation	0.82
backend_dataflow.slot_007	7	4	backend_basetype;backend_basetype2;backend_dataflow;backend_t	2	0076fd44	3	0.750	2	1	1	shared_implementation	0.82
backend_dataflow.slot_008	8	4	backend_basetype;backend_basetype2;backend_dataflow;backend_t	2	00766cae	3	0.750	2	1	1	shared_implementation	0.82
backend_dataflow.slot_009	9	4	backend_basetype;backend_basetype2;backend_dataflow;backend_t	4	00406430	1	0.250	0	3	1	override_heavy	0.72
backend_dataflow.slot_010	10	4	backend_basetype;backend_basetype2;backend_dataflow;backend_t	1	007700a6	4	1.000	3	0	1	shared_implementation	0.82
backend_dataflow.slot_011	11	4	backend_basetype;backend_basetype2;backend_dataflow;backend_t	4	00406439	1	0.250	0	3	1	override_heavy	0.72
backend_dataflow.slot_012	12	4	backend_basetype;backend_basetype2;backend_dataflow;backend_t	2	0076fd2e	3	0.750	2	1	1	shared_implementation	0.82
backend_dataflow.slot_013	13	4	backend_basetype;backend_basetype2;backend_dataflow;backend_t	4	0040644d	1	0.250	0	3	1	override_heavy	0.72
backend_dataflow.slot_014	14	4	backend_basetype;backend_basetype2;backend_dataflow;backend_t	4	00406456	1	0.250	0	3	1	override_heavy	0.72
backend_dataflow.slot_015	15	4	backend_basetype;backend_basetype2;backend_dataflow;backend_t	4	0040645f	1	0.250	0	3	1	override_heavy	0.72
backend_dataflow.slot_016	16	4	backend_basetype;backend_basetype2;backend_dataflow;backend_t	4	00406468	1	0.250	0	3	1	override_heavy	0.72
backend_dataflow.slot_017	17	4	backend_basetype;backend_basetype2;backend_dataflow;backend_t	4	00406477	1	0.250	0	3	1	override_heavy	0.72
backend_dataflow.slot_018	18	4	backend_basetype;backend_basetype2;backend_dataflow;backend_t	4	004064a4	1	0.250	0	3	1	override_heavy	0.72
backend_dataflow.slot_019	19	4	backend_basetype;backend_basetype2;backend_dataflow;backend_t	4	0040670b	1	0.250	0	3	1	override_heavy	0.72
backend_dataflow.slot_020	20	4	backend_basetype;backend_basetype2;backend_dataflow;backend_t	4	00406714	1	0.250	0	3	1	override_heavy	0.72
backend_dataflow.slot_021	21	4	backend_basetype;backend_basetype2;backend_dataflow;backend_t	4	0040671d	1	0.250	0	3	1	override_heavy	0.72
backend_dataflow.slot_022	22	4	backend_basetype;backend_basetype2;backend_dataflow;backend_t	4	0040672b	1	0.250	0	3	1	override_heavy	0.72
backend_dataflow.slot_023	23	4	backend_basetype;backend_basetype2;backend_dataflow;backend_t	4	004050d2	1	0.250	0	3	1	override_heavy	0.72
backend_dataflow.slot_024	24	4	backend_basetype;backend_basetype2;backend_dataflow;backend_t	1	0077017f	4	1.000	3	0	1	shared_implementation	0.82
backend_dataflow.slot_025	25	4	backend_basetype;backend_basetype2;backend_dataflow;backend_t	1	007711eb	4	1.000	3	0	1	shared_implementation	0.82
backend_dataflow.slot_026	26	4	backend_basetype;backend_basetype2;backend_dataflow;backend_t	4	004064ae	1	0.250	0	3	1	override_heavy	0.72
backend_dataflow.slot_027	27	4	backend_basetype;backend_basetype2;backend_dataflow;backend_t	4	00405128	1	0.250	0	3	1	override_heavy	0.72
backend_dataflow.slot_028	28	3	backend_basetype;backend_basetype2;backend_t	1	005bc53a	3	1.000	2	0	1	shared_implementation	0.82
backend_dataflow.slot_029	29	3	backend_basetype;backend_basetype2;backend_t	3	00401024	1	0.333	0	2	1	override_heavy	0.72
backend_dataflow.slot_030	30	3	backend_basetype;backend_basetype2;backend_t	1	005bc5d3	3	1.000	2	0	1	shared_implementation	0.82
backend_dataflow.slot_031	31	3	backend_basetype;backend_basetype2;backend_t	1	005bc608	3	1.000	2	0	1	shared_implementation	0.82
backend_dataflow.slot_032	32	3	backend_basetype;backend_basetype2;backend_t	1	005bc63d	3	1.000	2	0	1	shared_implementation	0.82
backend_dataflow.slot_033	33	3	backend_basetype;backend_basetype2;backend_t	1	005bc6a7	3	1.000	2	0	1	shared_implementation	0.82
backend_dataflow.slot_034	34	3	backend_basetype;backend_basetype2;backend_t	3	004064c3	1	0.333	0	2	1	override_heavy	0.72
backend_dataflow.slot_035	35	3	backend_basetype;backend_basetype2;backend_t	1	005bc801	3	1.000	2	0	1	shared_implementation	0.82
backend_dataflow.slot_036	36	3	backend_basetype;backend_basetype2;backend_t	1	005bc8c2	3	1.000	2	0	1	shared_implementation	0.82
backend_dataflow.slot_037	37	3	backend_basetype;backend_basetype2;backend_t	1	005bc947	3	1.000	2	0	1	shared_implementation	0.82
backend_dataflow.slot_038	38	3	backend_basetype;backend_basetype2;backend_t	2	005bca13	2	0.667	1	1	1	family_virtual_slot	0.62
backend_dataflow.slot_039	39	3	backend_basetype;backend_basetype2;backend_t	2	005bca59	2	0.667	1	1	1	family_virtual_slot	0.62
backend_dataflow.slot_040	40	3	backend_basetype;backend_basetype2;backend_t	3	004064cd	1	0.333	0	2	1	override_heavy	0.72
backend_dataflow.slot_041	41	3	backend_basetype;backend_basetype2;backend_t	1	005bca8e	3	1.000	2	0	1	shared_implementation	0.82
backend_dataflow.slot_042	42	3	backend_basetype;backend_basetype2;backend_t	1	005bca93	3	1.000	2	0	1	shared_implementation	0.82
backend_dataflow.slot_043	43	3	backend_basetype;backend_basetype2;backend_t	3	004241a3	1	0.333	0	2	1	override_heavy	0.72
backend_dataflow.slot_044	44	3	backend_basetype;backend_basetype2;backend_t	3	004064d6	1	0.333	0	2	1	override_heavy	0.72
backend_dataflow.slot_045	45	3	backend_basetype;backend_basetype2;backend_t	1	005bca9c	3	1.000	2	0	1	shared_implementation	0.82
backend_dataflow.slot_046	46	3	backend_basetype;backend_basetype2;backend_t	1	005bcaa5	3	1.000	2	0	1	shared_implementation	0.82
backend_dataflow.slot_047	47	3	backend_basetype;backend_basetype2;backend_t	1	005bcaae	3	1.000	2	0	1	shared_implementation	0.82
backend_dataflow.slot_048	48	3	backend_basetype;backend_basetype2;backend_t	1	005bcab7	3	1.000	2	0	1	shared_implementation	0.82
backend_dataflow.slot_049	49	3	backend_basetype;backend_basetype2;backend_t	1	005bcac0	3	1.000	2	0	1	shared_implementation	0.82
backend_dataflow.slot_050	50	3	backend_basetype;backend_basetype2;backend_t	1	005bcac9	3	1.000	2	0	1	shared_implementation	0.82
backend_dataflow.slot_051	51	3	backend_basetype;backend_basetype2;backend_t	1	005bcad2	3	1.000	2	0	1	shared_implementation	0.82
backend_dataflow.slot_052	52	3	backend_basetype;backend_basetype2;backend_t	1	005bcadc	3	1.000	2	0	1	shared_implementation	0.82
backend_dataflow.slot_053	53	3	backend_basetype;backend_basetype2;backend_t	1	005bcae5	3	1.000	2	0	1	shared_implementation	0.82
backend_dataflow.slot_054	54	3	backend_basetype;backend_basetype2;backend_t	1	005bcaee	3	1.000	2	0	1	shared_implementation	0.82
backend_dataflow.slot_055	55	3	backend_basetype;backend_basetype2;backend_t	1	005bde39	3	1.000	2	0	1	shared_implementation	0.82
backend_dataflow.slot_056	56	3	backend_basetype;backend_basetype2;backend_t	1	005bde42	3	1.000	2	0	1	shared_implementation	0.82
backend_dataflow.slot_057	57	3	backend_basetype;backend_basetype2;backend_t	1	005bde4b	3	1.000	2	0	1	shared_implementation	0.82
backend_dataflow.slot_058	58	3	backend_basetype;backend_basetype2;backend_t	3	004064df	1	0.333	0	2	1	override_heavy	0.72
backend_dataflow.slot_059	59	3	backend_basetype;backend_basetype2;backend_t	2	005bcaf7	2	0.667	1	1	1	family_virtual_slot	0.62
backend_dataflow.slot_060	60	3	backend_basetype;backend_basetype2;backend_t	2	005bcb00	2	0.667	1	1	1	family_virtual_slot	0.62
backend_dataflow.slot_061	61	3	backend_basetype;backend_basetype2;backend_t	1	0072f96d	3	1.000	2	0	1	shared_implementation	0.82
backend_dataflow.slot_062	62	3	backend_basetype;backend_basetype2;backend_t	3	004064e8	1	0.333	0	2	1	override_heavy	0.72
backend_dataflow.slot_063	63	3	backend_basetype;backend_basetype2;backend_t	2	005bca85	2	0.667	1	1	1	family_virtual_slot	0.62
backend_dataflow.slot_064	64	3	backend_basetype;backend_basetype2;backend_t	2	005bcb05	2	0.667	1	1	1	family_virtual_slot	0.62
backend_dataflow.slot_065	65	3	backend_basetype;backend_basetype2;backend_t	3	00424088	1	0.333	0	2	1	override_heavy	0.72
backend_dataflow.slot_066	66	3	backend_basetype;backend_basetype2;backend_t	2	00735592	2	0.667	1	1	1	family_virtual_slot	0.62
backend_dataflow.slot_067	67	3	backend_basetype;backend_basetype2;backend_t	3	0047196d	1	0.333	0	2	1	override_heavy	0.72
backend_dataflow.slot_068	68	3	backend_basetype;backend_basetype2;backend_t	2	007353e2	2	0.667	1	1	1	family_virtual_slot	0.62
backend_dataflow.slot_069	69	3	backend_basetype;backend_basetype2;backend_t	3	004a45f0	1	0.333	0	2	1	override_heavy	0.72
backend_dataflow.slot_070	70	3	backend_basetype;backend_basetype2;backend_t	3	004711e8	1	0.333	0	2	1	override_heavy	0.72
backend_dataflow.slot_071	71	3	backend_basetype;backend_basetype2;backend_t	3	0046f93f	1	0.333	0	2	1	override_heavy	0.72
backend_dataflow.slot_072	72	3	backend_basetype;backend_basetype2;backend_t	2	007354ed	2	0.667	1	1	1	family_virtual_slot	0.62
backend_dataflow.slot_073	73	3	backend_basetype;backend_basetype2;backend_t	3	00471795	1	0.333	0	2	1	override_heavy	0.72
backend_dataflow.slot_074	74	3	backend_basetype;backend_basetype2;backend_t	3	00471769	1	0.333	0	2	1	override_heavy	0.72
backend_dataflow.slot_075	75	3	backend_basetype;backend_basetype2;backend_t	3	004064ed	1	0.333	0	2	1	override_heavy	0.72
backend_dataflow.slot_076	76	3	backend_basetype;backend_basetype2;backend_t	3	004064f2	1	0.333	0	2	1	override_heavy	0.72
backend_dataflow.slot_077	77	3	backend_basetype;backend_basetype2;backend_t	2	007355be	2	0.667	1	1	1	family_virtual_slot	0.62
backend_dataflow.slot_078	78	3	backend_basetype;backend_basetype2;backend_t	3	004064f7	1	0.333	0	2	1	override_heavy	0.72
backend_dataflow.slot_079	79	3	backend_basetype;backend_basetype2;backend_t	3	00406505	1	0.333	0	2	1	override_heavy	0.72
backend_dataflow.slot_080	80	3	backend_basetype;backend_basetype2;backend_t	3	0040650e	1	0.333	0	2	1	override_heavy	0.72
backend_dataflow.slot_081	81	3	backend_basetype;backend_basetype2;backend_t	3	00473a91	1	0.333	0	2	1	override_heavy	0.72
backend_dataflow.slot_082	82	3	backend_basetype;backend_basetype2;backend_t	1	005bcf2f	3	1.000	2	0	1	shared_implementation	0.82
backend_dataflow.slot_083	83	3	backend_basetype;backend_basetype2;backend_t	3	0040651e	1	0.333	0	2	1	override_heavy	0.72
backend_dataflow.slot_084	84	3	backend_basetype;backend_basetype2;backend_t	2	00735743	2	0.667	1	1	1	family_virtual_slot	0.62
backend_dataflow.slot_085	85	3	backend_basetype;backend_basetype2;backend_t	1	0077f001	3	1.000	2	0	1	shared_implementation	0.82
backend_dataflow.slot_086	86	3	backend_basetype;backend_basetype2;backend_t	1	0077f05d	3	1.000	2	0	1	shared_implementation	0.82
backend_dataflow.slot_087	87	3	backend_basetype;backend_basetype2;backend_t	3	00406527	1	0.333	0	2	1	override_heavy	0.72
backend_dataflow.slot_088	88	3	backend_basetype;backend_basetype2;backend_t	3	00406530	1	0.333	0	2	1	override_heavy	0.72
backend_dataflow.slot_089	89	3	backend_basetype;backend_basetype2;backend_t	3	00406535	1	0.333	0	2	1	override_heavy	0.72
backend_dataflow.slot_090	90	3	backend_basetype;backend_basetype2;backend_t	3	0040653a	1	0.333	0	2	1	override_heavy	0.72
backend_dataflow.slot_091	91	3	backend_basetype;backend_basetype2;backend_t	1	005bdbcd	3	1.000	2	0	1	shared_implementation	0.82
backend_dataflow.slot_092	92	3	backend_basetype;backend_basetype2;backend_t	1	006cd518	3	1.000	2	0	1	shared_implementation	0.82
backend_dataflow.slot_093	93	3	backend_basetype;backend_basetype2;backend_t	3	00406544	1	0.333	0	2	1	override_heavy	0.72
backend_dataflow.slot_094	94	3	backend_basetype;backend_basetype2;backend_t	1	006fc36e	3	1.000	2	0	1	shared_implementation	0.82
backend_dataflow.slot_095	95	3	backend_basetype;backend_basetype2;backend_t	1	006fc4f2	3	1.000	2	0	1	shared_implementation	0.82
backend_dataflow.slot_096	96	3	backend_basetype;backend_basetype2;backend_t	1	006c8f2b	3	1.000	2	0	1	shared_implementation	0.82
backend_dataflow.slot_097	97	3	backend_basetype;backend_basetype2;backend_t	2	007352a0	2	0.667	1	1	1	family_virtual_slot	0.62
backend_dataflow.slot_098	98	3	backend_basetype;backend_basetype2;backend_t	2	007352ea	2	0.667	1	1	1	family_virtual_slot	0.62
backend_dataflow.slot_099	99	3	backend_basetype;backend_basetype2;backend_t	2	00735341	2	0.667	1	1	1	family_virtual_slot	0.62
backend_dataflow.slot_100	100	3	backend_basetype;backend_basetype2;backend_t	2	0073538b	2	0.667	1	1	1	family_virtual_slot	0.62
backend_dataflow.slot_101	101	3	backend_basetype;backend_basetype2;backend_t	2	00735612	2	0.667	1	1	1	family_virtual_slot	0.62
backend_dataflow.slot_102	102	3	backend_basetype;backend_basetype2;backend_t	2	0073561b	2	0.667	1	1	1	family_virtual_slot	0.62
backend_dataflow.slot_103	103	3	backend_basetype;backend_basetype2;backend_t	3	0040654e	1	0.333	0	2	1	override_heavy	0.72
backend_dataflow.slot_104	104	3	backend_basetype;backend_basetype2;backend_t	3	0040655d	1	0.333	0	2	1	override_heavy	0.72
backend_dataflow.slot_105	105	3	backend_basetype;backend_basetype2;backend_t	3	00486abc	1	0.333	0	2	1	override_heavy	0.72
backend_dataflow.slot_106	106	3	backend_basetype;backend_basetype2;backend_t	3	00486b20	1	0.333	0	2	1	override_heavy	0.72
backend_dataflow.slot_107	107	3	backend_basetype;backend_basetype2;backend_t	3	00486ae9	1	0.333	0	2	1	override_heavy	0.72
backend_dataflow.slot_108	108	3	backend_basetype;backend_basetype2;backend_t	3	004869f9	1	0.333	0	2	1	override_heavy	0.72
backend_dataflow.slot_109	109	3	backend_basetype;backend_basetype2;backend_t	3	00486b57	1	0.333	0	2	1	override_heavy	0.72
backend_dataflow.slot_110	110	3	backend_basetype;backend_basetype2;backend_t	1	005bcb18	3	1.000	2	0	1	shared_implementation	0.82
backend_dataflow.slot_111	111	3	backend_basetype;backend_basetype2;backend_t	1	005bcb51	3	1.000	2	0	1	shared_implementation	0.82
backend_dataflow.slot_112	112	3	backend_basetype;backend_basetype2;backend_t	2	005bdbaa	2	0.667	1	1	1	family_virtual_slot	0.62
backend_dataflow.slot_113	113	3	backend_basetype;backend_basetype2;backend_t	1	00739d9d	3	1.000	2	0	1	shared_implementation	0.82
backend_dataflow.slot_114	114	3	backend_basetype;backend_basetype2;backend_t	1	005bcb13	3	1.000	2	0	1	shared_implementation	0.82
backend_dataflow.slot_115	115	3	backend_basetype;backend_basetype2;backend_t	1	005bccd3	3	1.000	2	0	1	shared_implementation	0.82
backend_dataflow.slot_116	116	3	backend_basetype;backend_basetype2;backend_t	1	005bcb0a	3	1.000	2	0	1	shared_implementation	0.82
backend_dataflow.slot_117	117	3	backend_basetype;backend_basetype2;backend_t	3	00406567	1	0.333	0	2	1	override_heavy	0.72
backend_dataflow.slot_118	118	3	backend_basetype;backend_basetype2;backend_t	1	005bccd8	3	1.000	2	0	1	shared_implementation	0.82
backend_dataflow.slot_119	119	3	backend_basetype;backend_basetype2;backend_t	1	005bcce1	3	1.000	2	0	1	shared_implementation	0.82
backend_dataflow.slot_120	120	3	backend_basetype;backend_basetype2;backend_t	3	00406770	1	0.333	0	2	1	override_heavy	0.72
backend_dataflow.slot_121	121	3	backend_basetype;backend_basetype2;backend_t	3	004067a8	1	0.333	0	2	1	override_heavy	0.72
backend_dataflow.slot_122	122	3	backend_basetype;backend_basetype2;backend_t	3	00406570	1	0.333	0	2	1	override_heavy	0.72
backend_dataflow.slot_123	123	3	backend_basetype;backend_basetype2;backend_t	3	00406579	1	0.333	0	2	1	override_heavy	0.72
backend_dataflow.slot_124	124	3	backend_basetype;backend_basetype2;backend_t	3	00406582	1	0.333	0	2	1	override_heavy	0.72
backend_dataflow.slot_125	125	3	backend_basetype;backend_basetype2;backend_t	3	0040658b	1	0.333	0	2	1	override_heavy	0.72
backend_dataflow.slot_126	126	3	backend_basetype;backend_basetype2;backend_t	3	00406594	1	0.333	0	2	1	override_heavy	0.72
backend_dataflow.slot_127	127	3	backend_basetype;backend_basetype2;backend_t	1	005bde20	3	1.000	2	0	1	shared_implementation	0.82
backend_dataflow.slot_128	128	3	backend_basetype;backend_basetype2;backend_t	3	0040735e	1	0.333	0	2	1	override_heavy	0.72
backend_dataflow.slot_129	129	3	backend_basetype;backend_basetype2;backend_t	3	0040659d	1	0.333	0	2	1	override_heavy	0.72
backend_dataflow.slot_130	130	3	backend_basetype;backend_basetype2;backend_t	1	005bccea	3	1.000	2	0	1	shared_implementation	0.82
backend_dataflow.slot_131	131	3	backend_basetype;backend_basetype2;backend_t	1	005bce00	3	1.000	2	0	1	shared_implementation	0.82
backend_dataflow.slot_132	132	3	backend_basetype;backend_basetype2;backend_t	3	004065a2	1	0.333	0	2	1	override_heavy	0.72
backend_dataflow.slot_133	133	3	backend_basetype;backend_basetype2;backend_t	2	005bce2d	2	0.667	1	1	1	family_virtual_slot	0.62
backend_dataflow.slot_134	134	3	backend_basetype;backend_basetype2;backend_t	2	005bce7d	2	0.667	1	1	1	family_virtual_slot	0.62
backend_dataflow.slot_135	135	3	backend_basetype;backend_basetype2;backend_t	1	005bceca	3	1.000	2	0	1	shared_implementation	0.82
backend_dataflow.slot_136	136	3	backend_basetype;backend_basetype2;backend_t	1	005bcecf	3	1.000	2	0	1	shared_implementation	0.82
backend_dataflow.slot_137	137	3	backend_basetype;backend_basetype2;backend_t	1	005bcef3	3	1.000	2	0	1	shared_implementation	0.82
backend_dataflow.slot_138	138	3	backend_basetype;backend_basetype2;backend_t	3	004065ab	1	0.333	0	2	1	override_heavy	0.72
backend_dataflow.slot_139	139	3	backend_basetype;backend_basetype2;backend_t	1	005bd353	3	1.000	2	0	1	shared_implementation	0.82
backend_dataflow.slot_140	140	3	backend_basetype;backend_basetype2;backend_t	3	00470998	1	0.333	0	2	1	override_heavy	0.72
backend_dataflow.slot_141	141	3	backend_basetype;backend_basetype2;backend_t	3	004065b4	1	0.333	0	2	1	override_heavy	0.72
backend_dataflow.slot_142	142	3	backend_basetype;backend_basetype2;backend_t	3	00424b8f	1	0.333	0	2	1	override_heavy	0.72
backend_dataflow.slot_143	143	3	backend_basetype;backend_basetype2;backend_t	3	00424b5d	1	0.333	0	2	1	override_heavy	0.72
backend_dataflow.slot_144	144	3	backend_basetype;backend_basetype2;backend_t	3	004065b9	1	0.333	0	2	1	override_heavy	0.72
backend_dataflow.slot_145	145	3	backend_basetype;backend_basetype2;backend_t	3	004065be	1	0.333	0	2	1	override_heavy	0.72
backend_dataflow.slot_146	146	3	backend_basetype;backend_basetype2;backend_t	3	004065cd	1	0.333	0	2	1	override_heavy	0.72
backend_dataflow.slot_147	147	3	backend_basetype;backend_basetype2;backend_t	3	004065d2	1	0.333	0	2	1	override_heavy	0.72
backend_dataflow.slot_148	148	3	backend_basetype;backend_basetype2;backend_t	3	004065d7	1	0.333	0	2	1	override_heavy	0.72
backend_dataflow.slot_149	149	3	backend_basetype;backend_basetype2;backend_t	1	0073bd67	3	1.000	2	0	1	shared_implementation	0.82
backend_dataflow.slot_150	150	3	backend_basetype;backend_basetype2;backend_t	1	0073befc	3	1.000	2	0	1	shared_implementation	0.82
backend_dataflow.slot_151	151	3	backend_basetype;backend_basetype2;backend_t	1	0073c694	3	1.000	2	0	1	shared_implementation	0.82
backend_dataflow.slot_152	152	3	backend_basetype;backend_basetype2;backend_t	3	004065e1	1	0.333	0	2	1	override_heavy	0.72
backend_dataflow.slot_153	153	3	backend_basetype;backend_basetype2;backend_t	3	004065ea	1	0.333	0	2	1	override_heavy	0.72
backend_dataflow.slot_154	154	3	backend_basetype;backend_basetype2;backend_t	3	004065f4	1	0.333	0	2	1	override_heavy	0.72
backend_dataflow.slot_155	155	3	backend_basetype;backend_basetype2;backend_t	1	0073e08f	3	1.000	2	0	1	shared_implementation	0.82
backend_dataflow.slot_156	156	3	backend_basetype;backend_basetype2;backend_t	1	0073ef61	3	1.000	2	0	1	shared_implementation	0.82
backend_dataflow.slot_157	157	3	backend_basetype;backend_basetype2;backend_t	1	0073f585	3	1.000	2	0	1	shared_implementation	0.82
backend_dataflow.slot_158	158	3	backend_basetype;backend_basetype2;backend_t	1	0073ea02	3	1.000	2	0	1	shared_implementation	0.82
backend_dataflow.slot_159	159	3	backend_basetype;backend_basetype2;backend_t	3	004065fe	1	0.333	0	2	1	override_heavy	0.72
backend_dataflow.slot_160	160	3	backend_basetype;backend_basetype2;backend_t	3	00406608	1	0.333	0	2	1	override_heavy	0.72
backend_dataflow.slot_161	161	3	backend_basetype;backend_basetype2;backend_t	3	00406612	1	0.333	0	2	1	override_heavy	0.72
backend_dataflow.slot_162	162	3	backend_basetype;backend_basetype2;backend_t	3	00406617	1	0.333	0	2	1	override_heavy	0.72
backend_dataflow.slot_163	163	3	backend_basetype;backend_basetype2;backend_t	3	0040661c	1	0.333	0	2	1	override_heavy	0.72
backend_dataflow.slot_164	164	3	backend_basetype;backend_basetype2;backend_t	3	00406621	1	0.333	0	2	1	override_heavy	0.72
backend_dataflow.slot_165	165	3	backend_basetype;backend_basetype2;backend_t	1	005bd358	3	1.000	2	0	1	shared_implementation	0.82
backend_dataflow.slot_166	166	3	backend_basetype;backend_basetype2;backend_t	1	005bd6a3	3	1.000	2	0	1	shared_implementation	0.82
backend_dataflow.slot_167	167	3	backend_basetype;backend_basetype2;backend_t	2	005bd73a	2	0.667	1	1	1	family_virtual_slot	0.62
backend_dataflow.slot_168	168	3	backend_basetype;backend_basetype2;backend_t	2	005bd82a	2	0.667	1	1	1	family_virtual_slot	0.62
backend_dataflow.slot_169	169	3	backend_basetype;backend_basetype2;backend_t	2	007351e2	2	0.667	1	1	1	family_virtual_slot	0.62
backend_dataflow.slot_170	170	3	backend_basetype;backend_basetype2;backend_t	2	0073522e	2	0.667	1	1	1	family_virtual_slot	0.62
backend_dataflow.slot_171	171	3	backend_basetype;backend_basetype2;backend_t	2	00735254	2	0.667	1	1	1	family_virtual_slot	0.62
backend_dataflow.slot_172	172	3	backend_basetype;backend_basetype2;backend_t	2	0073527a	2	0.667	1	1	1	family_virtual_slot	0.62
backend_dataflow.slot_173	173	3	backend_basetype;backend_basetype2;backend_t	2	005bd393	2	0.667	1	1	1	family_virtual_slot	0.62
backend_dataflow.slot_174	174	3	backend_basetype;backend_basetype2;backend_t	2	005bd398	2	0.667	1	1	1	family_virtual_slot	0.62
backend_dataflow.slot_175	175	3	backend_basetype;backend_basetype2;backend_t	2	005bd3a0	2	0.667	1	1	1	family_virtual_slot	0.62
backend_dataflow.slot_176	176	3	backend_basetype;backend_basetype2;backend_t	2	005bd3a9	2	0.667	1	1	1	family_virtual_slot	0.62
backend_dataflow.slot_177	177	3	backend_basetype;backend_basetype2;backend_t	1	005bd3b2	3	1.000	2	0	1	shared_implementation	0.82
backend_dataflow.slot_178	178	3	backend_basetype;backend_basetype2;backend_t	1	005bd3bb	3	1.000	2	0	1	shared_implementation	0.82
backend_dataflow.slot_179	179	3	backend_basetype;backend_basetype2;backend_t	2	005bd3c5	2	0.667	1	1	1	family_virtual_slot	0.62
backend_dataflow.slot_180	180	3	backend_basetype;backend_basetype2;backend_t	2	005bd3ca	2	0.667	1	1	1	family_virtual_slot	0.62
backend_dataflow.slot_181	181	3	backend_basetype;backend_basetype2;backend_t	2	005bd3cf	2	0.667	1	1	1	family_virtual_slot	0.62
backend_dataflow.slot_182	182	3	backend_basetype;backend_basetype2;backend_t	3	0040662b	1	0.333	0	2	1	override_heavy	0.72
backend_dataflow.slot_183	183	3	backend_basetype;backend_basetype2;backend_t	1	005bd3d8	3	1.000	2	0	1	shared_implementation	0.82
backend_dataflow.slot_184	184	3	backend_basetype;backend_basetype2;backend_t	2	005bd3dd	2	0.667	1	1	1	family_virtual_slot	0.62
backend_dataflow.slot_185	185	3	backend_basetype;backend_basetype2;backend_t	2	005bd3e7	2	0.667	1	1	1	family_virtual_slot	0.62
backend_dataflow.slot_186	186	3	backend_basetype;backend_basetype2;backend_t	1	005bd65c	3	1.000	2	0	1	shared_implementation	0.82
backend_dataflow.slot_187	187	3	backend_basetype;backend_basetype2;backend_t	3	00422ff4	1	0.333	0	2	1	override_heavy	0.72
backend_dataflow.slot_188	188	3	backend_basetype;backend_basetype2;backend_t	3	00423ce7	1	0.333	0	2	1	override_heavy	0.72
backend_dataflow.slot_189	189	3	backend_basetype;backend_basetype2;backend_t	3	00406630	1	0.333	0	2	1	override_heavy	0.72
backend_dataflow.slot_190	190	3	backend_basetype;backend_basetype2;backend_t	3	00424c85	1	0.333	0	2	1	override_heavy	0.72
backend_dataflow.slot_191	191	3	backend_basetype;backend_basetype2;backend_t	3	00423e2d	1	0.333	0	2	1	override_heavy	0.72
backend_dataflow.slot_192	192	3	backend_basetype;backend_basetype2;backend_t	3	00431693	1	0.333	0	2	1	override_heavy	0.72
backend_dataflow.slot_193	193	3	backend_basetype;backend_basetype2;backend_t	3	0043ec1b	1	0.333	0	2	1	override_heavy	0.72
backend_dataflow.slot_194	194	3	backend_basetype;backend_basetype2;backend_t	1	005bd89d	3	1.000	2	0	1	shared_implementation	0.82
backend_dataflow.slot_195	195	3	backend_basetype;backend_basetype2;backend_t	3	00423c13	1	0.333	0	2	1	override_heavy	0.72
backend_dataflow.slot_196	196	3	backend_basetype;backend_basetype2;backend_t	2	005bd972	2	0.667	1	1	1	family_virtual_slot	0.62
backend_dataflow.slot_197	197	3	backend_basetype;backend_basetype2;backend_t	2	005bd9f1	2	0.667	1	1	1	family_virtual_slot	0.62
backend_dataflow.slot_198	198	3	backend_basetype;backend_basetype2;backend_t	3	00406635	1	0.333	0	2	1	override_heavy	0.72
backend_dataflow.slot_199	199	3	backend_basetype;backend_basetype2;backend_t	2	005bda6a	2	0.667	1	1	1	family_virtual_slot	0.62
backend_dataflow.slot_200	200	3	backend_basetype;backend_basetype2;backend_t	3	00423caf	1	0.333	0	2	1	override_heavy	0.72
backend_dataflow.slot_201	201	3	backend_basetype;backend_basetype2;backend_t	3	0040663e	1	0.333	0	2	1	override_heavy	0.72
backend_dataflow.slot_202	202	3	backend_basetype;backend_basetype2;backend_t	3	00406647	1	0.333	0	2	1	override_heavy	0.72
backend_dataflow.slot_203	203	3	backend_basetype;backend_basetype2;backend_t	3	00406651	1	0.333	0	2	1	override_heavy	0.72
backend_dataflow.slot_204	204	3	backend_basetype;backend_basetype2;backend_t	3	0040665b	1	0.333	0	2	1	override_heavy	0.72
backend_dataflow.slot_205	205	3	backend_basetype;backend_basetype2;backend_t	3	004242c0	1	0.333	0	2	1	override_heavy	0.72
backend_dataflow.slot_206	206	3	backend_basetype;backend_basetype2;backend_t	1	005bd98d	3	1.000	2	0	1	shared_implementation	0.82
backend_dataflow.slot_207	207	3	backend_basetype;backend_basetype2;backend_t	3	00424123	1	0.333	0	2	1	override_heavy	0.72
backend_dataflow.slot_208	208	3	backend_basetype;backend_basetype2;backend_t	3	00406660	1	0.333	0	2	1	override_heavy	0.72
backend_dataflow.slot_209	209	3	backend_basetype;backend_basetype2;backend_t	3	00406669	1	0.333	0	2	1	override_heavy	0.72
backend_dataflow.slot_210	210	3	backend_basetype;backend_basetype2;backend_t	1	005bdb08	3	1.000	2	0	1	shared_implementation	0.82
backend_dataflow.slot_211	211	3	backend_basetype;backend_basetype2;backend_t	3	00406672	1	0.333	0	2	1	override_heavy	0.72
backend_dataflow.slot_212	212	3	backend_basetype;backend_basetype2;backend_t	1	004e2d50	3	1.000	2	0	1	shared_implementation	0.82
backend_dataflow.slot_213	213	3	backend_basetype;backend_basetype2;backend_t	3	0040667c	1	0.333	0	2	1	override_heavy	0.72
backend_dataflow.slot_214	214	3	backend_basetype;backend_basetype2;backend_t	3	00406681	1	0.333	0	2	1	override_heavy	0.72
backend_dataflow.slot_215	215	3	backend_basetype;backend_basetype2;backend_t	3	0040668a	1	0.333	0	2	1	override_heavy	0.72
backend_dataflow.slot_216	216	3	backend_basetype;backend_basetype2;backend_t	1	005bdd08	3	1.000	2	0	1	shared_implementation	0.82
backend_dataflow.slot_217	217	3	backend_basetype;backend_basetype2;backend_t	3	0040668f	1	0.333	0	2	1	override_heavy	0.72
backend_dataflow.slot_218	218	3	backend_basetype;backend_basetype2;backend_t	3	00406698	1	0.333	0	2	1	override_heavy	0.72
backend_dataflow.slot_219	219	3	backend_basetype;backend_basetype2;backend_t	3	004066a1	1	0.333	0	2	1	override_heavy	0.72
backend_dataflow.slot_220	220	3	backend_basetype;backend_basetype2;backend_t	3	004066aa	1	0.333	0	2	1	override_heavy	0.72
backend_dataflow.slot_221	221	3	backend_basetype;backend_basetype2;backend_t	3	004066b4	1	0.333	0	2	1	override_heavy	0.72
backend_dataflow.slot_222	222	3	backend_basetype;backend_basetype2;backend_t	3	004066b9	1	0.333	0	2	1	override_heavy	0.72
backend_dataflow.slot_223	223	3	backend_basetype;backend_basetype2;backend_t	3	004066c3	1	0.333	0	2	1	override_heavy	0.72
backend_dataflow.slot_224	224	3	backend_basetype;backend_basetype2;backend_t	3	004066cd	1	0.333	0	2	1	override_heavy	0.72
backend_dataflow.slot_225	225	3	backend_basetype;backend_basetype2;backend_t	3	004066d6	1	0.333	0	2	1	override_heavy	0.72
backend_dataflow.slot_226	226	3	backend_basetype;backend_basetype2;backend_t	3	004066db	1	0.333	0	2	1	override_heavy	0.72
backend_dataflow.slot_227	227	3	backend_basetype;backend_basetype2;backend_t	3	004066e0	1	0.333	0	2	1	override_heavy	0.72
backend_dataflow.slot_228	228	3	backend_basetype;backend_basetype2;backend_t	3	00401d91	1	0.333	0	2	1	override_heavy	0.72
backend_dataflow.slot_229	229	3	backend_basetype;backend_basetype2;backend_t	1	0074249b	3	1.000	2	0	1	shared_implementation	0.82
backend_dataflow.slot_230	230	3	backend_basetype;backend_basetype2;backend_t	3	004066e5	1	0.333	0	2	1	override_heavy	0.72
backend_dataflow.slot_231	231	3	backend_basetype;backend_basetype2;backend_t	3	004066ee	1	0.333	0	2	1	override_heavy	0.72
backend_dataflow.slot_232	232	3	backend_basetype;backend_basetype2;backend_t	3	004066fd	1	0.333	0	2	1	override_heavy	0.72
backend_dataflow.slot_233	233	3	backend_basetype;backend_basetype2;backend_t	3	00406706	1	0.333	0	2	1	override_heavy	0.72
backend_dataflow.slot_234	234	3	backend_basetype;backend_basetype2;backend_t	1	005bdcc7	3	1.000	2	0	1	shared_implementation	0.82
backend_dataflow.slot_235	235	3	backend_basetype;backend_basetype2;backend_t	1	005bdcdc	3	1.000	2	0	1	shared_implementation	0.82
backend_dataflow.slot_236	236	3	backend_basetype;backend_basetype2;backend_t	3	00404f81	1	0.333	0	2	1	override_heavy	0.72
backend_dataflow.slot_237	237	3	backend_basetype;backend_basetype2;backend_t	3	0040505a	1	0.333	0	2	1	override_heavy	0.72
backend_dataflow.slot_238	238	3	backend_basetype;backend_basetype2;backend_t	2	005bdbe6	2	0.667	1	1	1	family_virtual_slot	0.62
backend_dataflow.slot_239	239	3	backend_basetype;backend_basetype2;backend_t	2	00735673	2	0.667	1	1	1	family_virtual_slot	0.62
backend_dataflow.slot_240	240	3	backend_basetype;backend_basetype2;backend_t	3	0040673a	1	0.333	0	2	1	override_heavy	0.72
backend_dataflow.slot_241	241	3	backend_basetype;backend_basetype2;backend_t	2	005bde11	2	0.667	1	1	1	family_virtual_slot	0.62
backend_dataflow.slot_242	242	3	backend_basetype;backend_basetype2;backend_t	3	0042439b	1	0.333	0	2	1	override_heavy	0.72
backend_dataflow.slot_243	243	3	backend_basetype;backend_basetype2;backend_t	3	004243b1	1	0.333	0	2	1	override_heavy	0.72
backend_dataflow.slot_244	244	3	backend_basetype;backend_basetype2;backend_t	3	004244c6	1	0.333	0	2	1	override_heavy	0.72
backend_dataflow.slot_245	245	3	backend_basetype;backend_basetype2;backend_t	3	0049a873	1	0.333	0	2	1	override_heavy	0.72
backend_dataflow.slot_246	246	3	backend_basetype;backend_basetype2;backend_t	1	009947c2	3	1.000	2	0	1	shared_implementation	0.82
backend_dataflow.slot_247	247	3	backend_basetype;backend_basetype2;backend_t	2	006c4c04	2	0.667	1	1	1	family_virtual_slot	0.62
backend_dataflow.slot_248	248	3	backend_basetype;backend_basetype2;backend_t	3	0040673f	1	0.333	0	2	1	override_heavy	0.72
backend_dataflow.slot_249	249	3	backend_basetype;backend_basetype2;backend_t	3	00406748	1	0.333	0	2	1	override_heavy	0.72
backend_dataflow.slot_250	250	3	backend_basetype;backend_basetype2;backend_t	3	00406751	1	0.333	0	2	1	override_heavy	0.72
backend_dataflow.slot_251	251	3	backend_basetype;backend_basetype2;backend_t	3	00406756	1	0.333	0	2	1	override_heavy	0.72
backend_dataflow.slot_252	252	3	backend_basetype;backend_basetype2;backend_t	3	0040675e	1	0.333	0	2	1	override_heavy	0.72
backend_dataflow.slot_253	253	3	backend_basetype;backend_basetype2;backend_t	3	0047c39e	1	0.333	0	2	1	override_heavy	0.72
backend_dataflow.slot_254	254	3	backend_basetype;backend_basetype2;backend_t	1	0061eb3f	3	1.000	2	0	1	shared_implementation	0.82
backend_dataflow.slot_255	255	3	backend_basetype;backend_basetype2;backend_t	1	0061ea6d	3	1.000	2	0	1	shared_implementation	0.82
backend_dataflow.slot_256	256	3	backend_basetype;backend_basetype2;backend_t	1	0061ea04	3	1.000	2	0	1	shared_implementation	0.82
backend_dataflow.slot_257	257	3	backend_basetype;backend_basetype2;backend_t	1	0061ead6	3	1.000	2	0	1	shared_implementation	0.82
backend_dataflow.slot_258	258	3	backend_basetype;backend_basetype2;backend_t	1	0077f082	3	1.000	2	0	1	shared_implementation	0.82
backend_dataflow.slot_259	259	3	backend_basetype;backend_basetype2;backend_t	3	00406767	1	0.333	0	2	1	override_heavy	0.72
backend_dataflow.slot_260	260	3	backend_basetype;backend_basetype2;backend_t	3	0048cba0	1	0.333	0	2	1	override_heavy	0.72
backend_dataflow.slot_261	261	3	backend_basetype;backend_basetype2;backend_t	3	00424c57	1	0.333	0	2	1	override_heavy	0.72
list_scheduler.slot_000	0	6	ame_resource_scheduler;compat_list_scheduler;g4_resource_scheduler;list_scheduler;ppc970_resource_scheduler;resource_model_scheduler	3	00735ab0	3	0.500	2	3	1	override_heavy	0.72
list_scheduler.slot_001	1	6	ame_resource_scheduler;compat_list_scheduler;g4_resource_scheduler;list_scheduler;ppc970_resource_scheduler;resource_model_scheduler	6	00487f47	1	0.167	0	5	1	override_heavy	0.72
list_scheduler.slot_002	2	6	ame_resource_scheduler;compat_list_scheduler;g4_resource_scheduler;list_scheduler;ppc970_resource_scheduler;resource_model_scheduler	2	007387cf	4	0.667	4	1	1	family_virtual_slot	0.62
list_scheduler.slot_003	3	6	ame_resource_scheduler;compat_list_scheduler;g4_resource_scheduler;list_scheduler;ppc970_resource_scheduler;resource_model_scheduler	2	00738de5	4	0.667	4	1	1	family_virtual_slot	0.62
list_scheduler.slot_004	4	6	ame_resource_scheduler;compat_list_scheduler;g4_resource_scheduler;list_scheduler;ppc970_resource_scheduler;resource_model_scheduler	3	00738772	4	0.667	3	2	1	family_virtual_slot	0.62
list_scheduler.slot_005	5	6	ame_resource_scheduler;compat_list_scheduler;g4_resource_scheduler;list_scheduler;ppc970_resource_scheduler;resource_model_scheduler	2	00738d12	4	0.667	4	1	1	family_virtual_slot	0.62
list_scheduler.slot_006	6	6	ame_resource_scheduler;compat_list_scheduler;g4_resource_scheduler;list_scheduler;ppc970_resource_scheduler;resource_model_scheduler	3	00739097	4	0.667	3	2	1	family_virtual_slot	0.62
list_scheduler.slot_007	7	6	ame_resource_scheduler;compat_list_scheduler;g4_resource_scheduler;list_scheduler;ppc970_resource_scheduler;resource_model_scheduler	2	00739679	4	0.667	4	1	1	family_virtual_slot	0.62
list_scheduler.slot_008	8	6	ame_resource_scheduler;compat_list_scheduler;g4_resource_scheduler;list_scheduler;ppc970_resource_scheduler;resource_model_scheduler	2	00739659	4	0.667	4	1	1	family_virtual_slot	0.62
list_scheduler.slot_009	9	6	ame_resource_scheduler;compat_list_scheduler;g4_resource_scheduler;list_scheduler;ppc970_resource_scheduler;resource_model_scheduler	2	00739ae2	4	0.667	4	1	1	family_virtual_slot	0.62
list_scheduler.slot_010	10	6	ame_resource_scheduler;compat_list_scheduler;g4_resource_scheduler;list_scheduler;ppc970_resource_scheduler;resource_model_scheduler	2	00739824	4	0.667	4	1	1	family_virtual_slot	0.62
list_scheduler.slot_011	11	4	ame_resource_scheduler;g4_resource_scheduler;ppc970_resource_scheduler;resource_model_scheduler	4	00486cbc	1	0.250	0	3	1	override_heavy	0.72
list_scheduler.slot_012	12	4	ame_resource_scheduler;g4_resource_scheduler;ppc970_resource_scheduler;resource_model_scheduler	1	007399dd	4	1.000	3	0	1	shared_implementation	0.82
obj_iter.slot_000	0	5	obj_iter;objectlist_iter;objpairlist_searchiter;singleton_iter;var_map<objectlist>::var_map_iter	5	00a92860	2	0.333	0	4	2	override_heavy	0.72
obj_iter.slot_001	1	5	obj_iter;objectlist_iter;objpairlist_searchiter;singleton_iter;var_map<objectlist>::var_map_iter	5	00a92860	2	0.333	0	4	2	override_heavy	0.72
obj_iter.slot_002	2	5	obj_iter;objectlist_iter;objpairlist_searchiter;singleton_iter;var_map<objectlist>::var_map_iter	5	00a92860	2	0.333	0	4	2	override_heavy	0.72
objectdata.slot_000	0	40	objectdata;objectdata_arithifi;objectdata_arrayop;objectdata_block;objectdata_call;objectdata_casm;objectdata_commentop;objectdata_complexop;objectdata_compoundop;objectdata_data;objectdata_dot;objectdata_entryop;objectdata_floatconst;objectdata_fourop;objectdata_generic;objectdata_ifop;objectdata_leavescope;objectdata_lineop;objectdata_magictype;objectdata_predcode;objectdata_qaddrs;objectdata_qindex;objectdata_qjcond;objectdata_qjmp;objectdata_qjtab;objectdata_recordtyp;objectdata_rouconstr;objectdata_scalconst;objectdata_setconstructor;objectdata_startscope;objectdata_statexpr;objectdata_statfunc;objectdata_strconst;objectdata_subrangeop;objectdata_twoop;objectdata_undefop;objectdata_varargsop;objectdata_varfield;objectdata_variable;objectdata_vectorop	40	004dea14	1	0.025	0	39	1	override_heavy	0.72
objectdata.slot_001	1	40	objectdata;objectdata_arithifi;objectdata_arrayop;objectdata_block;objectdata_call;objectdata_casm;objectdata_commentop;objectdata_complexop;objectdata_compoundop;objectdata_data;objectdata_dot;objectdata_entryop;objectdata_floatconst;objectdata_fourop;objectdata_generic;objectdata_ifop;objectdata_leavescope;objectdata_lineop;objectdata_magictype;objectdata_predcode;objectdata_qaddrs;objectdata_qindex;objectdata_qjcond;objectdata_qjmp;objectdata_qjtab;objectdata_recordtyp;objectdata_rouconstr;objectdata_scalconst;objectdata_setconstructor;objectdata_startscope;objectdata_statexpr;objectdata_statfunc;objectdata_strconst;objectdata_subrangeop;objectdata_twoop;objectdata_undefop;objectdata_varargsop;objectdata_varfield;objectdata_variable;objectdata_vectorop	40	004a5d05	1	0.025	0	39	1	override_heavy	0.72
operand_parser.slot_000	0	20	choose;compose;empty;hardcode;ignore;immediate;immediate_implicit;join;mnemonic_placeholder;multiple_fields;operand_parser;register_implicit;register_list;register_range;register_set;sameas;split_fields;statictext;suffix;textset	18	0073b5d2	2	0.100	1	18	1	override_heavy	0.72
operand_parser.slot_001	1	20	choose;compose;empty;hardcode;ignore;immediate;immediate_implicit;join;mnemonic_placeholder;multiple_fields;operand_parser;register_implicit;register_list;register_range;register_set;sameas;split_fields;statictext;suffix;textset	16	0078a5bc	4	0.200	1	18	1	override_heavy	0.72
operand_parser.slot_002	2	20	choose;compose;empty;hardcode;ignore;immediate;immediate_implicit;join;mnemonic_placeholder;multiple_fields;operand_parser;register_implicit;register_list;register_range;register_set;sameas;split_fields;statictext;suffix;textset	12	0078a5c1	7	0.350	2	17	1	override_heavy	0.72
operand_parser.slot_003	3	20	choose;compose;empty;hardcode;ignore;immediate;immediate_implicit;join;mnemonic_placeholder;multiple_fields;operand_parser;register_implicit;register_list;register_range;register_set;sameas;split_fields;statictext;suffix;textset	13	0078a60a	6	0.300	2	17	1	override_heavy	0.72
operand_parser.slot_004	4	20	choose;compose;empty;hardcode;ignore;immediate;immediate_implicit;join;mnemonic_placeholder;multiple_fields;operand_parser;register_implicit;register_list;register_range;register_set;sameas;split_fields;statictext;suffix;textset	8	0078a63f	11	0.550	1	18	1	override_heavy	0.72
operand_parser.slot_005	5	20	choose;compose;empty;hardcode;ignore;immediate;immediate_implicit;join;mnemonic_placeholder;multiple_fields;operand_parser;register_implicit;register_list;register_range;register_set;sameas;split_fields;statictext;suffix;textset	11	0078a644	9	0.450	1	18	1	override_heavy	0.72
operand_parser.slot_006	6	20	choose;compose;empty;hardcode;ignore;immediate;immediate_implicit;join;mnemonic_placeholder;multiple_fields;operand_parser;register_implicit;register_list;register_range;register_set;sameas;split_fields;statictext;suffix;textset	4	00742622	17	0.850	16	3	1	shared_implementation	0.82
operand_parser.slot_007	7	20	choose;compose;empty;hardcode;ignore;immediate;immediate_implicit;join;mnemonic_placeholder;multiple_fields;operand_parser;register_implicit;register_list;register_range;register_set;sameas;split_fields;statictext;suffix;textset	5	0078a665	15	0.750	1	18	1	shared_implementation	0.82
operand_parser.slot_008	8	20	choose;compose;empty;hardcode;ignore;immediate;immediate_implicit;join;mnemonic_placeholder;multiple_fields;operand_parser;register_implicit;register_list;register_range;register_set;sameas;split_fields;statictext;suffix;textset	6	0078a66f	13	0.650	2	17	1	override_heavy	0.72
operand_parser.slot_009	9	20	choose;compose;empty;hardcode;ignore;immediate;immediate_implicit;join;mnemonic_placeholder;multiple_fields;operand_parser;register_implicit;register_list;register_range;register_set;sameas;split_fields;statictext;suffix;textset	7	0074281b	14	0.700	13	6	1	family_virtual_slot	0.62
operand_parser.slot_010	10	20	choose;compose;empty;hardcode;ignore;immediate;immediate_implicit;join;mnemonic_placeholder;multiple_fields;operand_parser;register_implicit;register_list;register_range;register_set;sameas;split_fields;statictext;suffix;textset	4	0078a678	15	0.750	1	18	1	shared_implementation	0.82
operand_parser.slot_011	11	20	choose;compose;empty;hardcode;ignore;immediate;immediate_implicit;join;mnemonic_placeholder;multiple_fields;operand_parser;register_implicit;register_list;register_range;register_set;sameas;split_fields;statictext;suffix;textset	10	0078a699	9	0.450	2	17	1	override_heavy	0.72
operand_parser.slot_012	12	20	choose;compose;empty;hardcode;ignore;immediate;immediate_implicit;join;mnemonic_placeholder;multiple_fields;operand_parser;register_implicit;register_list;register_range;register_set;sameas;split_fields;statictext;suffix;textset	11	0078a6af	9	0.450	1	18	1	override_heavy	0.72
operand_parser.slot_013	13	20	choose;compose;empty;hardcode;ignore;immediate;immediate_implicit;join;mnemonic_placeholder;multiple_fields;operand_parser;register_implicit;register_list;register_range;register_set;sameas;split_fields;statictext;suffix;textset	2	0079b5b0	19	0.950	18	1	1	shared_implementation	0.82
operand_parser.slot_014	14	20	choose;compose;empty;hardcode;ignore;immediate;immediate_implicit;join;mnemonic_placeholder;multiple_fields;operand_parser;register_implicit;register_list;register_range;register_set;sameas;split_fields;statictext;suffix;textset	10	0078a6c3	9	0.450	2	17	1	override_heavy	0.72
operand_parser.slot_015	15	20	choose;compose;empty;hardcode;ignore;immediate;immediate_implicit;join;mnemonic_placeholder;multiple_fields;operand_parser;register_implicit;register_list;register_range;register_set;sameas;split_fields;statictext;suffix;textset	10	0078a6dd	9	0.450	2	17	1	override_heavy	0.72
operand_parser.slot_016	16	20	choose;compose;empty;hardcode;ignore;immediate;immediate_implicit;join;mnemonic_placeholder;multiple_fields;operand_parser;register_implicit;register_list;register_range;register_set;sameas;split_fields;statictext;suffix;textset	10	0078a6f1	9	0.450	2	17	1	override_heavy	0.72
operand_parser.slot_017	17	20	choose;compose;empty;hardcode;ignore;immediate;immediate_implicit;join;mnemonic_placeholder;multiple_fields;operand_parser;register_implicit;register_list;register_range;register_set;sameas;split_fields;statictext;suffix;textset	10	0078a712	9	0.450	2	17	1	override_heavy	0.72
operand_parser.slot_018	18	20	choose;compose;empty;hardcode;ignore;immediate;immediate_implicit;join;mnemonic_placeholder;multiple_fields;operand_parser;register_implicit;register_list;register_range;register_set;sameas;split_fields;statictext;suffix;textset	7	0078a732	12	0.600	2	17	1	override_heavy	0.72
operand_parser.slot_019	19	20	choose;compose;empty;hardcode;ignore;immediate;immediate_implicit;join;mnemonic_placeholder;multiple_fields;operand_parser;register_implicit;register_list;register_range;register_set;sameas;split_fields;statictext;suffix;textset	12	0078a78d	7	0.350	2	17	1	override_heavy	0.72
operand_parser.slot_020	20	20	choose;compose;empty;hardcode;ignore;immediate;immediate_implicit;join;mnemonic_placeholder;multiple_fields;operand_parser;register_implicit;register_list;register_range;register_set;sameas;split_fields;statictext;suffix;textset	4	0078a7dc	15	0.750	1	18	1	shared_implementation	0.82
operand_parser.slot_021	21	20	choose;compose;empty;hardcode;ignore;immediate;immediate_implicit;join;mnemonic_placeholder;multiple_fields;operand_parser;register_implicit;register_list;register_range;register_set;sameas;split_fields;statictext;suffix;textset	11	0078a834	8	0.400	2	17	1	override_heavy	0.72
operand_parser.slot_022	22	20	choose;compose;empty;hardcode;ignore;immediate;immediate_implicit;join;mnemonic_placeholder;multiple_fields;operand_parser;register_implicit;register_list;register_range;register_set;sameas;split_fields;statictext;suffix;textset	7	0078a855	12	0.600	2	17	1	override_heavy	0.72
peep_transformer.slot_000	0	5	peep_transformer;pt_alias;pt_condcodes;pt_const;pt_dead	2	0061fe61	4	0.800	3	1	1	shared_implementation	0.82
peep_transformer.slot_001	1	5	peep_transformer;pt_alias;pt_condcodes;pt_const;pt_dead	2	0061fe6a	4	0.800	3	1	1	shared_implementation	0.82
peep_transformer.slot_002	2	5	peep_transformer;pt_alias;pt_condcodes;pt_const;pt_dead	2	0061fe73	4	0.800	3	1	1	shared_implementation	0.82
peep_transformer.slot_003	3	5	peep_transformer;pt_alias;pt_condcodes;pt_const;pt_dead	5	0061fe7c	1	0.200	0	4	1	override_heavy	0.72
peep_transformer.slot_004	4	5	peep_transformer;pt_alias;pt_condcodes;pt_const;pt_dead	5	0061fe85	1	0.200	0	4	1	override_heavy	0.72
peep_transformer.slot_005	5	5	peep_transformer;pt_alias;pt_condcodes;pt_const;pt_dead	5	0061fe8e	1	0.200	0	4	1	override_heavy	0.72
peep_transformer.slot_006	6	5	peep_transformer;pt_alias;pt_condcodes;pt_const;pt_dead	1	0061fc27	5	1.000	4	0	1	shared_implementation	0.82
peep_transformer.slot_007	7	5	peep_transformer;pt_alias;pt_condcodes;pt_const;pt_dead	3	0061fd8a	3	0.600	2	2	1	family_virtual_slot	0.62
peep_transformer.slot_008	8	5	peep_transformer;pt_alias;pt_condcodes;pt_const;pt_dead	3	0061fe5c	3	0.600	2	2	1	family_virtual_slot	0.62
std_exception.slot_000	0	7	std::bad_alloc;std::exception;std::length_error;std::logic_error;std::out_of_range;std::overflow_error;std::runtime_error	55	00405190	1	0.018	0	43	12	override_heavy	0.72
std_exception.slot_001	1	7	std::bad_alloc;std::exception;std::length_error;std::logic_error;std::out_of_range;std::overflow_error;std::runtime_error	26	00788235	3	0.055	29	14	12	family_virtual_slot	0.62
std_exception.slot_002	2	7	std::bad_alloc;std::exception;std::length_error;std::logic_error;std::out_of_range;std::overflow_error;std::runtime_error	55	004051c3	1	0.018	0	43	12	override_heavy	0.72
var_disjointsets.slot_000	0	2	var_disjointsets;var_disjointsets_impl	2	00a92860	1	0.500	0	1	1	override_heavy	0.72
var_disjointsets.slot_001	1	2	var_disjointsets;var_disjointsets_impl	2	00a92860	1	0.500	0	1	1	override_heavy	0.72
var_disjointsets.slot_002	2	2	var_disjointsets;var_disjointsets_impl	2	00a92860	1	0.500	0	1	1	override_heavy	0.72
var_disjointsets.slot_003	3	2	var_disjointsets;var_disjointsets_impl	2	00a92860	1	0.500	0	1	1	override_heavy	0.72
var_multimap.slot_000	0	2	var_multimap;var_multimap_impl	2	00a92860	1	0.500	0	1	1	override_heavy	0.72
var_multimap.slot_001	1	2	var_multimap;var_multimap_impl	2	00a92860	1	0.500	0	1	1	override_heavy	0.72
var_multimap.slot_002	2	2	var_multimap;var_multimap_impl	2	00a92860	1	0.500	0	1	1	override_heavy	0.72
var_multimap.slot_003	3	2	var_multimap;var_multimap_impl	2	00a92860	1	0.500	0	1	1	override_heavy	0.72
var_multimap.slot_004	4	2	var_multimap;var_multimap_impl	2	00a92860	1	0.500	0	1	1	override_heavy	0.72
var_multimap.slot_005	5	2	var_multimap;var_multimap_impl	2	00a92860	1	0.500	0	1	1	override_heavy	0.72
var_multimap.slot_006	6	2	var_multimap;var_multimap_impl	2	00a92860	1	0.500	0	1	1	override_heavy	0.72
var_multimap.slot_007	7	2	var_multimap;var_multimap_impl	2	00a92860	1	0.500	0	1	1	override_heavy	0.72
var_multimap.slot_008	8	2	var_multimap;var_multimap_impl	2	00a92860	1	0.500	0	1	1	override_heavy	0.72
var_multimap.slot_009	9	2	var_multimap;var_multimap_impl	2	00a92860	1	0.500	0	1	1	override_heavy	0.72
vn_advisor.slot_000	0	4	vn_advisor_consol;vn_advisor_consoladd;vn_advisor_consolshift;vn_advisor_ppc_consolshift	1	00665891	4	1.000	3	0	1	shared_implementation	0.82
vn_advisor.slot_001	1	4	vn_advisor_consol;vn_advisor_consoladd;vn_advisor_consolshift;vn_advisor_ppc_consolshift	2	0066616f	2	0.500	2	1	1	family_virtual_slot	0.62
vn_advisor.slot_002	2	4	vn_advisor_consol;vn_advisor_consoladd;vn_advisor_consolshift;vn_advisor_ppc_consolshift	2	006661ce	2	0.500	2	1	1	family_virtual_slot	0.62
vn_advisor.slot_003	3	4	vn_advisor_consol;vn_advisor_consoladd;vn_advisor_consolshift;vn_advisor_ppc_consolshift	4	004011b5	1	0.250	0	3	1	override_heavy	0.72
vn_advisor.slot_004	4	4	vn_advisor_consol;vn_advisor_consoladd;vn_advisor_consolshift;vn_advisor_ppc_consolshift	4	00401010	1	0.250	0	3	1	override_heavy	0.72
vn_advisor.slot_005	5	4	vn_advisor_consol;vn_advisor_consoladd;vn_advisor_consolshift;vn_advisor_ppc_consolshift	4	00401490	1	0.250	0	3	1	override_heavy	0.72
vn_advisor.slot_006	6	4	vn_advisor_consol;vn_advisor_consoladd;vn_advisor_consolshift;vn_advisor_ppc_consolshift	4	004010cd	1	0.250	0	3	1	override_heavy	0.72
ws_interface.slot_000	0	2	ls_window_scheduler;ws_interface	2	00a92860	1	0.500	0	1	1	override_heavy	0.72
ws_interface.slot_001	1	2	ls_window_scheduler;ws_interface	2	00a92860	1	0.500	0	1	1	override_heavy	0.72
ws_interface.slot_002	2	2	ls_window_scheduler;ws_interface	2	00a92860	1	0.500	0	1	1	override_heavy	0.72
ws_interface.slot_003	3	2	ls_window_scheduler;ws_interface	2	00a92860	1	0.500	0	1	1	override_heavy	0.72
ws_interface.slot_004	4	2	ls_window_scheduler;ws_interface	2	00a92860	1	0.500	0	1	1	override_heavy	0.72
ws_interface.slot_005	5	2	ls_window_scheduler;ws_interface	2	00a92860	1	0.500	0	1	1	override_heavy	0.72
ws_interface.slot_006	6	2	ls_window_scheduler;ws_interface	2	00a92860	1	0.500	0	1	1	override_heavy	0.72
ws_interface.slot_007	7	2	ls_window_scheduler;ws_interface	2	00a92860	1	0.500	0	1	1	override_heavy	0.72
ws_interface.slot_008	8	2	ls_window_scheduler;ws_interface	2	00a92860	1	0.500	0	1	1	override_heavy	0.72
ws_interface.slot_009	9	2	ls_window_scheduler;ws_interface	2	00a92860	1	0.500	0	1	1	override_heavy	0.72
ws_interface.slot_010	10	2	ls_window_scheduler;ws_interface	2	00a92860	1	0.500	0	1	1	override_heavy	0.72
ws_interface.slot_011	11	2	ls_window_scheduler;ws_interface	2	00a92860	1	0.500	0	1	1	override_heavy	0.72
ws_interface.slot_012	12	2	ls_window_scheduler;ws_interface	2	00a92860	1	0.500	0	1	1	override_heavy	0.72
