record_va	class_name	vptr_va	xref_from	ref_type	function_entry	function_name
0x00abf0b0	vn_advisor_ppc_consolshift	00abf06c	00401559	DATA	004014f7	FUN_004014f7
0x00abf270	std::exception	00abf1b0	004231e4	DATA	00422ff4	FUN_00422ff4
0x00abf270	std::exception	00abf1b0	00423536	DATA	00422ff4	FUN_00422ff4
0x00abf270	std::exception	00abf1b0	004223ac	DATA	0042226d	FUN_0042226d
0x00abf270	std::exception	00abf1b0	0042279e	DATA	0042226d	FUN_0042226d
0x00abf270	std::exception	00abf1b0	00422b01	DATA	0042226d	FUN_0042226d
0x00abf270	std::exception	00abf1b0	00405a6d	DATA	004059d8	FUN_004059d8
0x00abf270	std::exception	00abf1b0	00406010	DATA	00405fae	FUN_00405fae
0x00abf290	std::logic_error	00abf1f0	004231ef	DATA	00422ff4	FUN_00422ff4
0x00abf290	std::logic_error	00abf1f0	00423541	DATA	00422ff4	FUN_00422ff4
0x00abf290	std::logic_error	00abf1f0	004223bd	DATA	0042226d	FUN_0042226d
0x00abf290	std::logic_error	00abf1f0	004227a9	DATA	0042226d	FUN_0042226d
0x00abf290	std::logic_error	00abf1f0	00422b0c	DATA	0042226d	FUN_0042226d
0x00abf290	std::logic_error	00abf1f0	00405a78	DATA	004059d8	FUN_004059d8
0x00abf2a0	std::out_of_range	00abf210	00423456	DATA	00422ff4	FUN_00422ff4
0x00abf2a0	std::out_of_range	00abf210	004237b4	DATA	00422ff4	FUN_00422ff4
0x00abf2a0	std::out_of_range	00abf210	00422693	DATA	0042226d	FUN_0042226d
0x00abf2a0	std::out_of_range	00abf210	00422a10	DATA	0042226d	FUN_0042226d
0x00abf2a0	std::out_of_range	00abf210	00422d7f	DATA	0042226d	FUN_0042226d
0x00abf2a0	std::out_of_range	00abf210	00405cdf	DATA	004059d8	FUN_004059d8
0x00abf2b0	std::runtime_error	00abf230	0040601b	DATA	00405fae	FUN_00405fae
0x00abf2c0	std::overflow_error	00abf250	00406282	DATA	00405fae	FUN_00405fae
0x00abfe94	backend_t	00abf65c	00424e21	DATA	00424ceb	FUN_00424ceb
0x00abff98	std::exception	00abfed8	00425bf4	DATA	00425b92	FUN_00425b92
0x00abff98	std::exception	00abfed8	0042575d	DATA	004256c8	FUN_004256c8
0x00abffb8	std::logic_error	00abff18	00425768	DATA	004256c8	FUN_004256c8
0x00abffc8	std::out_of_range	00abff38	004259cf	DATA	004256c8	FUN_004256c8
0x00abffd8	std::runtime_error	00abff58	00425bff	DATA	00425b92	FUN_00425b92
0x00abffe8	std::overflow_error	00abff78	00425e66	DATA	00425b92	FUN_00425b92
0x00ac0a18	std::exception	00ac0998	0043ae8c	DATA	0043adf7	FUN_0043adf7
0x00ac0a38	std::logic_error	00ac09d8	0043ae97	DATA	0043adf7	FUN_0043adf7
0x00ac0a48	std::out_of_range	00ac09f8	0043b0fe	DATA	0043adf7	FUN_0043adf7
0x00ac5960	g4_resource_scheduler	00ac5810	00486bd1	DATA	00486b99	FUN_00486b99
0x00ac5970	ppc970_resource_scheduler	00ac5880	00487f9a	DATA	00487f60	FUN_00487f60
0x00ac5980	ame_resource_scheduler	00ac58f0	0048a7d4	DATA	0048a79c	FUN_0048a79c
0x00ace1d0	objectdata	00acdd90	004f3209	DATA	004f31ef	FUN_004f31ef
0x00ace1d0	objectdata	00acdd90	00613be9	DATA	006137ae	FUN_006137ae
0x00ace1d0	objectdata	00acdd90	00613d2d	DATA	006137ae	FUN_006137ae
0x00ace1d0	objectdata	00acdd90	004aaf98	DATA	004aad62	FUN_004aad62
0x00ace1d0	objectdata	00acdd90	004ac73e	DATA	004aad62	FUN_004aad62
0x00ace1d0	objectdata	00acdd90	004ababd	DATA	004aad62	FUN_004aad62
0x00ace1d0	objectdata	00acdd90	004ac5c1	DATA	004aad62	FUN_004aad62
0x00ace1d0	objectdata	00acdd90	004abb63	DATA	004aad62	FUN_004aad62
0x00ace1d0	objectdata	00acdd90	004abc00	DATA	004aad62	FUN_004aad62
0x00ace1d0	objectdata	00acdd90	004aba21	DATA	004aad62	FUN_004aad62
0x00ace1d0	objectdata	00acdd90	004abc94	DATA	004aad62	FUN_004aad62
0x00ace1d0	objectdata	00acdd90	004ac551	DATA	004aad62	FUN_004aad62
0x00ace1d0	objectdata	00acdd90	004ab7b4	DATA	004aad62	FUN_004aad62
0x00ace1d0	objectdata	00acdd90	004ac6b3	DATA	004aad62	FUN_004aad62
0x00ace1d0	objectdata	00acdd90	004ac377	DATA	004aad62	FUN_004aad62
0x00ace1d0	objectdata	00acdd90	004ac307	DATA	004aad62	FUN_004aad62
0x00ace1d0	objectdata	00acdd90	004ac290	DATA	004aad62	FUN_004aad62
0x00ace1d0	objectdata	00acdd90	004ac219	DATA	004aad62	FUN_004aad62
0x00ace1d0	objectdata	00acdd90	004ac1a2	DATA	004aad62	FUN_004aad62
0x00ace1d0	objectdata	00acdd90	004ab6e1	DATA	004aad62	FUN_004aad62
0x00ace1d0	objectdata	00acdd90	004ac3fc	DATA	004aad62	FUN_004aad62
0x00ace1d0	objectdata	00acdd90	004ab5f8	DATA	004aad62	FUN_004aad62
0x00ace1d0	objectdata	00acdd90	004ab4d9	DATA	004aad62	FUN_004aad62
0x00ace1d0	objectdata	00acdd90	004ac108	DATA	004aad62	FUN_004aad62
0x00ace1d0	objectdata	00acdd90	004ac098	DATA	004aad62	FUN_004aad62
0x00ace1d0	objectdata	00acdd90	004ab263	DATA	004aad62	FUN_004aad62
0x00ace1d0	objectdata	00acdd90	004ab03e	DATA	004aad62	FUN_004aad62
0x00ace1d0	objectdata	00acdd90	004ac028	DATA	004aad62	FUN_004aad62
0x00ace1d0	objectdata	00acdd90	004ac4dc	DATA	004aad62	FUN_004aad62
0x00ace1d0	objectdata	00acdd90	004ac46c	DATA	004aad62	FUN_004aad62
0x00ace1d0	objectdata	00acdd90	004ab0c4	DATA	004aad62	FUN_004aad62
0x00ace1d0	objectdata	00acdd90	004abf59	DATA	004aad62	FUN_004aad62
0x00ace1d0	objectdata	00acdd90	004ab151	DATA	004aad62	FUN_004aad62
0x00ace1d0	objectdata	00acdd90	004ab354	DATA	004aad62	FUN_004aad62
0x00ace1d0	objectdata	00acdd90	004abee9	DATA	004aad62	FUN_004aad62
0x00ace1d0	objectdata	00acdd90	004abe79	DATA	004aad62	FUN_004aad62
0x00ace1d0	objectdata	00acdd90	004ac631	DATA	004aad62	FUN_004aad62
0x00ace1d0	objectdata	00acdd90	004abde0	DATA	004aad62	FUN_004aad62
0x00ace1d0	objectdata	00acdd90	004abd44	DATA	004aad62	FUN_004aad62
0x00ace1d0	objectdata	00acdd90	005592ea	DATA	005592d9	FUN_005592d9
0x00ace1d0	objectdata	00acdd90	005ef8b5	DATA	005ef811	FUN_005ef811
0x00ace1d0	objectdata	00acdd90	005271db	DATA	00526df0	FUN_00526df0
0x00ace1d0	objectdata	00acdd90	0052729c	DATA	00526df0	FUN_00526df0
0x00ace1d0	objectdata	00acdd90	005edbf4	DATA	005edb5b	FUN_005edb5b
0x00ace1d0	objectdata	00acdd90	005d5e6c	DATA	005d5e5e	FUN_005d5e5e
0x00ace1d0	objectdata	00acdd90	005f53e5	DATA	005f5370	FUN_005f5370
0x00ace1d0	objectdata	00acdd90	00994aeb	DATA	00994ada	FUN_00994ada
0x00ace1e0	objectdata_twoop	00acdda8	00613ca4	DATA	006137ae	FUN_006137ae
0x00ace1e0	objectdata_twoop	00acdda8	00613de8	DATA	006137ae	FUN_006137ae
0x00ace1e0	objectdata_twoop	00acdda8	004aafa6	DATA	004aad62	FUN_004aad62
0x00ace1e0	objectdata_twoop	00acdda8	005592f6	DATA	005592d9	FUN_005592d9
0x00ace1e0	objectdata_twoop	00acdda8	005ef8c1	DATA	005ef811	FUN_005ef811
0x00ace1e0	objectdata_twoop	00acdda8	005edc00	DATA	005edb5b	FUN_005edb5b
0x00ace1e0	objectdata_twoop	00acdda8	005d5e78	DATA	005d5e5e	FUN_005d5e5e
0x00ace1f0	objectdata_arrayop	00acddc0	004abd52	DATA	004aad62	FUN_004aad62
0x00ace200	objectdata_vectorop	00acddd8	004abdee	DATA	004aad62	FUN_004aad62
0x00ace210	objectdata_compoundop	00acddf0	004ac63f	DATA	004aad62	FUN_004aad62
0x00ace220	objectdata_magictype	00acde08	004ac5cf	DATA	004aad62	FUN_004aad62
0x00ace230	objectdata_qindex	00acde20	004abe87	DATA	004aad62	FUN_004aad62
0x00ace240	objectdata_dot	00acde38	004abef7	DATA	004aad62	FUN_004aad62
0x00ace250	objectdata_recordtyp	00acde50	004ab362	DATA	004aad62	FUN_004aad62
0x00ace260	objectdata_subrangeop	00acde68	004ab15f	DATA	004aad62	FUN_004aad62
0x00ace270	objectdata_call	00acde80	004abf67	DATA	004aad62	FUN_004aad62
0x00ace270	objectdata_call	00acde80	00994ba6	DATA	00994ada	FUN_00994ada
0x00ace280	objectdata_rouconstr	00acde98	004f3303	DATA	004f31ef	FUN_004f31ef
0x00ace280	objectdata_rouconstr	00acde98	004ab0d2	DATA	004aad62	FUN_004aad62
0x00ace280	objectdata_rouconstr	00acde98	005272a8	DATA	00526df0	FUN_00526df0
0x00ace290	objectdata_entryop	00acdeb0	004ac47a	DATA	004aad62	FUN_004aad62
0x00ace2a0	objectdata_statfunc	00acdec8	004ac4ea	DATA	004aad62	FUN_004aad62
0x00ace2b0	objectdata_qaddrs	00acdee0	004ac036	DATA	004aad62	FUN_004aad62
0x00ace2c0	objectdata_variable	00acdef8	004ab04c	DATA	004aad62	FUN_004aad62
0x00ace2c0	objectdata_variable	00acdef8	005271e7	DATA	00526df0	FUN_00526df0
0x00ace2d0	objectdata_varfield	00acdf10	004ab271	DATA	004aad62	FUN_004aad62
0x00ace2e0	objectdata_generic	00acdf28	004ac0a6	DATA	004aad62	FUN_004aad62
0x00ace2f0	objectdata_scalconst	00acdf40	004ac116	DATA	004aad62	FUN_004aad62
0x00ace300	objectdata_floatconst	00acdf58	004ab4e7	DATA	004aad62	FUN_004aad62
0x00ace310	objectdata_strconst	00acdf70	004ab606	DATA	004aad62	FUN_004aad62
0x00ace330	objectdata_complexop	00acdfa0	004ac40a	DATA	004aad62	FUN_004aad62
0x00ace340	objectdata_data	00acdfb8	004ab6ef	DATA	004aad62	FUN_004aad62
0x00ace350	objectdata_qjcond	00acdfd0	004ac1b0	DATA	004aad62	FUN_004aad62
0x00ace360	objectdata_qjmp	00acdfe8	004ac227	DATA	004aad62	FUN_004aad62
0x00ace370	objectdata_qjtab	00ace000	004ac29e	DATA	004aad62	FUN_004aad62
0x00ace380	objectdata_arithifi	00ace018	004ac315	DATA	004aad62	FUN_004aad62
0x00ace390	objectdata_ifop	00ace030	004ac385	DATA	004aad62	FUN_004aad62
0x00ace3a0	objectdata_predcode	00ace048	004ac6c1	DATA	004aad62	FUN_004aad62
0x00ace3b0	objectdata_block	00ace060	004ab7c2	DATA	004aad62	FUN_004aad62
0x00ace3b0	objectdata_block	00ace060	005f53f7	DATA	005f5370	FUN_005f5370
0x00ace3d0	objectdata_fourop	00ace090	004ac55f	DATA	004aad62	FUN_004aad62
0x00ace3e0	objectdata_casm	00ace0a8	004abca2	DATA	004aad62	FUN_004aad62
0x00ace3f0	objectdata_lineop	00ace0c0	004aba2f	DATA	004aad62	FUN_004aad62
0x00ace400	objectdata_commentop	00ace0d8	004abacb	DATA	004aad62	FUN_004aad62
0x00ace410	objectdata_startscope	00ace0f0	004abb71	DATA	004aad62	FUN_004aad62
0x00ace420	objectdata_leavescope	00ace108	004abc0e	DATA	004aad62	FUN_004aad62
0x00ace440	objectdata_statexpr	00ace138	004ac74c	DATA	004aad62	FUN_004aad62
0x00ace628	std::exception	00ace558	004e1d13	DATA	004e1cb1	FUN_004e1cb1
0x00ace628	std::exception	00ace558	004e187c	DATA	004e17e7	FUN_004e17e7
0x00ace648	std::logic_error	00ace598	004e1887	DATA	004e17e7	FUN_004e17e7
0x00ace658	std::out_of_range	00ace5b8	004e1aee	DATA	004e17e7	FUN_004e17e7
0x00ace668	std::runtime_error	00ace5d8	004e1d1e	DATA	004e1cb1	FUN_004e1cb1
0x00ace678	std::overflow_error	00ace5f8	004e1f85	DATA	004e1cb1	FUN_004e1cb1
0x00acf300	InterblockDf	00acf278	00501088	DATA	00500fbc	run_liveness_dataflow
0x00acf300	InterblockDf	00acf278	005010c3	DATA	00500fbc	run_liveness_dataflow
0x00acf300	InterblockDf	00acf278	005010fe	DATA	00500fbc	run_liveness_dataflow
0x00acf6d0	TouchesDf	00acf688	00501097	DATA	00500fbc	run_liveness_dataflow
0x00acf6e0	LivenessDf	00acf6a0	005010d2	DATA	00500fbc	run_liveness_dataflow
0x00acf6f0	PostLivenessDf	00acf6b8	0050110d	DATA	00500fbc	run_liveness_dataflow
0x00afc4e0	backend_basetype	00afbb90	005bac3c	DATA	005bac03	FUN_005bac03
0x00afd5b8	InterblockDf	00afd2c0	005eaa5b	DATA	005eaa4a	FUN_005eaa4a
0x00afd5b8	InterblockDf	00afd2c0	005dabd6	DATA	005da342	FUN_005da342
0x00afd5b8	InterblockDf	00afd2c0	005dabf9	DATA	005da342	FUN_005da342
0x00afd5b8	InterblockDf	00afd2c0	005dac1c	DATA	005da342	FUN_005da342
0x00afd5b8	InterblockDf	00afd2c0	005dac3f	DATA	005da342	FUN_005da342
0x00afd5b8	InterblockDf	00afd2c0	005dae11	DATA	005da342	FUN_005da342
0x00afd5b8	InterblockDf	00afd2c0	005dae36	DATA	005da342	FUN_005da342
0x00afd5b8	InterblockDf	00afd2c0	005dae60	DATA	005da342	FUN_005da342
0x00afd5b8	InterblockDf	00afd2c0	005dae8a	DATA	005da342	FUN_005da342
0x00afd5b8	InterblockDf	00afd2c0	005daeb4	DATA	005da342	FUN_005da342
0x00afd5b8	InterblockDf	00afd2c0	005daee8	DATA	005da342	FUN_005da342
0x00afd5b8	InterblockDf	00afd2c0	005daf1c	DATA	005da342	FUN_005da342
0x00afd5b8	InterblockDf	00afd2c0	005f7293	DATA	005f6efe	FUN_005f6efe
0x00afd5b8	InterblockDf	00afd2c0	005fc837	DATA	005fc5a6	FUN_005fc5a6
0x00afd638	DownSafetyDf	00afd388	005dae20	DATA	005da342	FUN_005da342
0x00afd648	UpSafetyDf	00afd3a0	005dabe5	DATA	005da342	FUN_005da342
0x00afd648	UpSafetyDf	00afd3a0	005dae45	DATA	005da342	FUN_005da342
0x00afd658	EarliestDf	00afd3b8	005dae6f	DATA	005da342	FUN_005da342
0x00afd668	DelayedDf	00afd3d0	005dae99	DATA	005da342	FUN_005da342
0x00afd678	LatestDf	00afd3e8	005daefd	DATA	005da342	FUN_005da342
0x00afd688	IsolatedDf	00afd400	005daec9	DATA	005da342	FUN_005da342
0x00afd698	FinalDf	00afd418	005daf31	DATA	005da342	FUN_005da342
0x00afd6a8	GcseSelectDf	00afd430	005dac08	DATA	005da342	FUN_005da342
0x00afd6b8	GcseLiveDf	00afd448	005dac2b	DATA	005da342	FUN_005da342
0x00afd6c8	GcseFinalDf	00afd460	005dac4e	DATA	005da342	FUN_005da342
0x00aff0cc	AliasAnalyzer	00afef5c	005fb4ad	DATA	005faf93	FUN_005faf93
0x00aff0cc	AliasAnalyzer	00afef5c	005f8fca	DATA	005f8f9f	FUN_005f8f9f
0x00aff0cc	AliasAnalyzer	00afef5c	005f9185	DATA	005f8f9f	FUN_005f8f9f
0x00aff0cc	AliasAnalyzer	00afef5c	005d881d	DATA	005d87cb	FUN_005d87cb
0x00aff0cc	AliasAnalyzer	00afef5c	005f814a	DATA	005f7add	FUN_005f7add
0x00aff0cc	AliasAnalyzer	00afef5c	005e81af	DATA	005e7ea4	FUN_005e7ea4
0x00aff0cc	AliasAnalyzer	00afef5c	005e836a	DATA	005e7ea4	FUN_005e7ea4
0x00aff0cc	AliasAnalyzer	00afef5c	005cf20e	DATA	005cf1dd	FUN_005cf1dd
0x00aff0cc	AliasAnalyzer	00afef5c	005f6f32	DATA	005f6efe	FUN_005f6efe
0x00aff0cc	AliasAnalyzer	00afef5c	005f70ed	DATA	005f6efe	FUN_005f6efe
0x00aff0cc	AliasAnalyzer	00afef5c	005d64f7	DATA	005d6287	FUN_005d6287
0x00aff0cc	AliasAnalyzer	00afef5c	005f446c	DATA	005f4329	FUN_005f4329
0x00aff0cc	AliasAnalyzer	00afef5c	005fc874	DATA	005fc5a6	FUN_005fc5a6
0x00aff0dc	TimeAccurateAliasAnalyzer	00afef74	005d8954	DATA	005d87cb	FUN_005d87cb
0x00aff0dc	TimeAccurateAliasAnalyzer	00afef74	005f4624	DATA	005f4329	FUN_005f4329
0x00aff0dc	TimeAccurateAliasAnalyzer	00afef74	005fca11	DATA	005fc5a6	FUN_005fc5a6
0x00aff0ec	BooleanAccurateAliasAnalyzer	00afef8c	005d87c0	DATA	005d8667	FUN_005d8667
0x00aff16c	ValueNeededDf	00aff004	005eaa6a	DATA	005eaa4a	FUN_005eaa4a
0x00aff19c	FCEReachingWriteDf	00aff04c	005f72a8	DATA	005f6efe	FUN_005f6efe
0x00aff1ec	CopyPropDf	00aff0a4	005fc84c	DATA	005fc5a6	FUN_005fc5a6
0x00aff4ec	Checker	00aff810	00619677	DATA	00618c72	FUN_00618c72
0x00aff52c	CheckerIntStateAll	00aff970	006196cc	DATA	00618c72	FUN_00618c72
0x00b01690	CheckerIntState	00b00d2c	006196ba	DATA	00618c72	FUN_00618c72
0x00b01790	NoReturnChecker	00b0132c	006196d7	DATA	00618c72	FUN_00618c72
0x00b01e58	peep_transformer	00b01cc8	0061e68a	DATA	0061e640	FUN_0061e640
0x00b01e58	peep_transformer	00b01cc8	0061e6f6	DATA	0061e640	FUN_0061e640
0x00b01e58	peep_transformer	00b01cc8	0061e788	DATA	0061e640	FUN_0061e640
0x00b01e58	peep_transformer	00b01cc8	0061e7e5	DATA	0061e640	FUN_0061e640
0x00b01e68	pt_condcodes	00b01d18	0061e692	DATA	0061e640	FUN_0061e640
0x00b01e78	pt_dead	00b01d68	0061e6fe	DATA	0061e640	FUN_0061e640
0x00b01e88	pt_alias	00b01db8	0061e790	DATA	0061e640	FUN_0061e640
0x00b01e98	pt_const	00b01e08	0061e7ed	DATA	0061e640	FUN_0061e640
0x00b020a0	nonstandard_type_handler	00b02060	00620d4c	DATA	00620d20	FUN_00620d20
0x00b020b0	bytereverser	00b02080	00620d5c	DATA	00620d20	FUN_00620d20
0x00b05b34	vn_advisor_consol	00b05934	0066a3b4	DATA	0066a370	FUN_0066a370
0x00b05b34	vn_advisor_consol	00b05934	0066a41e	DATA	0066a370	FUN_0066a370
0x00b05b34	vn_advisor_consol	00b05934	0040153b	DATA	004014f7	FUN_004014f7
0x00b05b44	vn_advisor_consoladd	00b05974	0066a3bc	DATA	0066a370	FUN_0066a370
0x00b05b54	vn_advisor_consolshift	00b059b4	0066a426	DATA	0066a370	FUN_0066a370
0x00b05b54	vn_advisor_consolshift	00b059b4	00401543	DATA	004014f7	FUN_004014f7
0x00b06c2c	MachopVisitor	00b06bbc	006ac362	DATA	006ac354	FUN_006ac354
0x00b06c2c	MachopVisitor	00b06bbc	006ac6b3	DATA	006ac5cd	FUN_006ac5cd
0x00b06c5c	Split64TestVisitor	00b06bfc	006ac36a	DATA	006ac354	FUN_006ac354
0x00b06c6c	std::exception	00b06b2c	006c6a9b	DATA	006c6a0b	FUN_006c6a0b
0x00b06c6c	std::exception	00b06b2c	006c61e0	DATA	006c6104	FUN_006c6104
0x00b06c6c	std::exception	00b06b2c	006c6549	DATA	006c6104	FUN_006c6104
0x00b06c6c	std::exception	00b06b2c	00696230	DATA	0069619b	FUN_0069619b
0x00b06c8c	std::logic_error	00b06b6c	006c6aa6	DATA	006c6a0b	FUN_006c6a0b
0x00b06c8c	std::logic_error	00b06b6c	006c61eb	DATA	006c6104	FUN_006c6104
0x00b06c8c	std::logic_error	00b06b6c	006c6554	DATA	006c6104	FUN_006c6104
0x00b06c8c	std::logic_error	00b06b6c	0069623b	DATA	0069619b	FUN_0069619b
0x00b06c9c	std::out_of_range	00b06b8c	006c6d0d	DATA	006c6a0b	FUN_006c6a0b
0x00b06c9c	std::out_of_range	00b06b8c	006c6454	DATA	006c6104	FUN_006c6104
0x00b06c9c	std::out_of_range	00b06b8c	006c67c7	DATA	006c6104	FUN_006c6104
0x00b06c9c	std::out_of_range	00b06b8c	006964a2	DATA	0069619b	FUN_0069619b
0x00b07ef0	Split64DoVisitor	00b07e3c	006ac6bb	DATA	006ac5cd	FUN_006ac5cd
0x00b080a0	MachopVisitor	00b08040	006d7824	DATA	006d7818	FUN_006d7818
0x00b080a0	MachopVisitor	00b08040	006d7f35	DATA	006d7f2a	FUN_006d7f2a
0x00b080b0	MachopObjectInvalidator	00b08060	006d782c	DATA	006d7818	FUN_006d7818
0x00b080c0	MachopImmpropClearer	00b08080	006d7f3d	DATA	006d7f2a	FUN_006d7f2a
0x00b09ac8	MachopVisitor	00b09a48	007013c0	DATA	007013b3	FUN_007013b3
0x00b09ac8	MachopVisitor	00b09a48	0070072c	DATA	007006e7	FUN_007006e7
0x00b09ad8	MachopChecker	00b09a68	00700734	DATA	007006e7	FUN_007006e7
0x00b09ae8	MachopBitoffsetClearer	00b09a88	007013c8	DATA	007013b3	FUN_007013b3
0x00b0a500	alloc_table	00b0a4d8	0071e10b	DATA	0071e0e0	FUN_0071e0e0
0x00b0a500	alloc_table	00b0a4d8	0071df41	DATA	0071df17	FUN_0071df17
0x00b0a500	alloc_table	00b0a4d8	0071dfba	DATA	0071df90	FUN_0071df90
0x00b0a5c8	alloc_table_hash	00b0a550	0071df4f	DATA	0071df17	FUN_0071df17
0x00b0a5c8	alloc_table_hash	00b0a550	0071dff4	DATA	0071dfdd	FUN_0071dfdd
0x00b0a5d8	alloc_table_btree	00b0a578	0071e0b9	DATA	0071e0a4	FUN_0071e0a4
0x00b0a5d8	alloc_table_btree	00b0a578	0071dfc8	DATA	0071df90	FUN_0071df90
0x00b0a5e8	alloc_table_bcl	00b0a5a0	0071e119	DATA	0071e0e0	FUN_0071e0e0
0x00b0a5e8	alloc_table_bcl	00b0a5a0	0071e1b5	DATA	0071e19f	FUN_0071e19f
0x00b0b784	backend_basetype2	00b0af4c	00424e1a	DATA	00424ceb	FUN_00424ceb
0x00b0b7b8	ws_interface	00b0b828	0073a46d	DATA	0073a363	schedule_pass_3
0x00b0c0e4	list_scheduler	00b0bf40	0073616c	DATA	00736142	FUN_00736142
0x00b0c0f4	resource_model_scheduler	00b0bfa0	00738737	DATA	007386ff	FUN_007386ff
0x00b0c104	compat_list_scheduler	00b0c084	0073a6b2	DATA	0073a67d	FUN_0073a67d
0x00b0c114	ls_window_scheduler	00b0c010	0073a475	DATA	0073a363	schedule_pass_3
0x00b0c328	empty	00b0c35c	00745be0	DATA	00745a76	FUN_00745a76
0x00b0c7cc	operand_parser	00b0c64c	0078ac00	DATA	0078abd5	FUN_0078abd5
0x00b0c7dc	immediate_implicit	00b0c70c	0078daff	DATA	0078daa3	FUN_0078daa3
0x00b0c89c	Val	00b0c92c	0074966c	DATA	0074959c	FUN_0074959c
0x00b0c89c	Val	00b0c92c	00748c03	DATA	00748b94	FUN_00748b94
0x00b0c89c	Val	00b0c92c	0074870e	DATA	0074857f	FUN_0074857f
0x00b0c89c	Val	00b0c92c	0074806d	DATA	00747f96	FUN_00747f96
0x00b0c8ac	Num	00b0c9fc	00749674	DATA	0074959c	FUN_0074959c
0x00b0c8ac	Num	00b0c9fc	00748716	DATA	0074857f	FUN_0074857f
0x00b0c8bc	Unk	00b0cacc	00748c0b	DATA	00748b94	FUN_00748b94
0x00b0c8bc	Unk	00b0cacc	00748075	DATA	00747f96	FUN_00747f96
0x00b0c8cc	Bot	00b0cba4	00748c13	DATA	00748b94	FUN_00748b94
0x00b0c8dc	Mem	00b0cc7c	0074807d	DATA	00747f96	FUN_00747f96
0x00b0c8ec	Alu	00b0cd54	007488ea	DATA	00748805	FUN_00748805
0x00b0c8ec	Alu	00b0cd54	007489f4	DATA	00748931	FUN_00748931
0x00b0c8ec	Alu	00b0cd54	00748aae	DATA	00748a3e	FUN_00748a3e
0x00b0c8ec	Alu	00b0cd54	00748b60	DATA	00748af0	FUN_00748af0
0x00b0c8fc	Bop	00b0ce24	007488f2	DATA	00748805	FUN_00748805
0x00b0c8fc	Bop	00b0ce24	007489fc	DATA	00748931	FUN_00748931
0x00b0c8fc	Bop	00b0ce24	00748ab6	DATA	00748a3e	FUN_00748a3e
0x00b0c90c	Ncm	00b0cefc	00748abe	DATA	00748a3e	FUN_00748a3e
0x00b0c91c	Uop	00b0cfd4	00748b68	DATA	00748af0	FUN_00748af0
0x00b0d2d4	Exp	00b0d134	00749664	DATA	0074959c	FUN_0074959c
0x00b0d2d4	Exp	00b0d134	007488e2	DATA	00748805	FUN_00748805
0x00b0d2d4	Exp	00b0d134	007489ec	DATA	00748931	FUN_00748931
0x00b0d2d4	Exp	00b0d134	00748aa6	DATA	00748a3e	FUN_00748a3e
0x00b0d2d4	Exp	00b0d134	00748b58	DATA	00748af0	FUN_00748af0
0x00b0d2d4	Exp	00b0d134	00748bfb	DATA	00748b94	FUN_00748b94
0x00b0d2d4	Exp	00b0d134	00748706	DATA	0074857f	FUN_0074857f
0x00b0d2d4	Exp	00b0d134	00748065	DATA	00747f96	FUN_00747f96
0x00b0d2e4	Cmm	00b0d1fc	007488fa	DATA	00748805	FUN_00748805
0x00b0d2e4	Cmm	00b0d1fc	00748a04	DATA	00748931	FUN_00748931
0x00b0d3b8	obj_iter	00b0d578	0074ab96	DATA	0074ab40	FUN_0074ab40
0x00b0d3b8	obj_iter	00b0d578	0074ac1c	DATA	0074ab40	FUN_0074ab40
0x00b0d3b8	obj_iter	00b0d578	0074a0b6	DATA	0074a060	FUN_0074a060
0x00b0d3b8	obj_iter	00b0d578	0074a13c	DATA	0074a060	FUN_0074a060
0x00b0d3b8	obj_iter	00b0d578	0074a1aa	DATA	0074a154	FUN_0074a154
0x00b0d3b8	obj_iter	00b0d578	0074a230	DATA	0074a154	FUN_0074a154
0x00b0d3c8	singleton_iter	00b0d328	0074a0bd	DATA	0074a060	FUN_0074a060
0x00b0d3c8	singleton_iter	00b0d328	0074a143	DATA	0074a060	FUN_0074a060
0x00b0d3d8	var_multimap	00b0d4c8	0074a98a	DATA	0074a948	FUN_0074a948
0x00b0d3e8	var_disjointsets	00b0d368	0074a913	DATA	0074a8cd	FUN_0074a8cd
0x00b0d3f8	objectlist_iter	00b0d348	0074a1b1	DATA	0074a154	FUN_0074a154
0x00b0d3f8	objectlist_iter	00b0d348	0074a237	DATA	0074a154	FUN_0074a154
0x00b0d408	var_multimap_impl	00b0d520	0074a991	DATA	0074a948	FUN_0074a948
0x00b0d418	var_map<objectlist>::var_map_iter	00b0d598	0074ab9d	DATA	0074ab40	FUN_0074ab40
0x00b0d418	var_map<objectlist>::var_map_iter	00b0d598	0074ac23	DATA	0074ab40	FUN_0074ab40
0x00b0d428	var_disjointsets_impl	00b0d390	0074a91a	DATA	0074a8cd	FUN_0074a8cd
0x00b0d680	obj_iter	00b0d640	0074af06	DATA	0074aeb0	FUN_0074aeb0
0x00b0d680	obj_iter	00b0d640	0074af8c	DATA	0074aeb0	FUN_0074aeb0
0x00b0d8b8	objpairlist_searchiter	00b0d898	0074af0d	DATA	0074aeb0	FUN_0074aeb0
0x00b0d8b8	objpairlist_searchiter	00b0d898	0074af93	DATA	0074aeb0	FUN_0074aeb0
0x00b0e82c	backend_dataflow	00b0e53c	005bac35	DATA	005bac03	FUN_005bac03
0x00b0e83c	IndDataFlow	00b0e624	00779dcf	DATA	00779d93	FUN_00779d93
0x00b0e91c	InterblockDf	00b0e8d4	00779dc0	DATA	00779d93	FUN_00779d93
0x00b0ed44	VNFwdDataFlow	00b0ecb0	00779de3	DATA	00779d93	FUN_00779d93
0x00b0edf0	ScavengingFixup	00b0ed90	00781c83	DATA	00781c4e	FUN_00781c4e
0x00b0f1ec	std::exception	00b0f16c	00786195	DATA	00786132	FUN_00786132
0x00b0f20c	std::logic_error	00b0f1ac	007861a0	DATA	00786132	FUN_00786132
0x00b0f21c	std::length_error	00b0f1cc	00786407	DATA	00786132	FUN_00786132
0x00b0f5dc	std::exception	00b0f53c	0078b98a	DATA	0078b927	FUN_0078b927
0x00b0f5dc	std::exception	00b0f53c	0078be69	DATA	0078be11	FUN_0078be11
0x00b0f5dc	std::exception	00b0f53c	0078afb0	DATA	0078af4d	FUN_0078af4d
0x00b0f5dc	std::exception	00b0f53c	0078a2d5	DATA	0078a272	FUN_0078a272
0x00b0f5dc	std::exception	00b0f53c	00789b84	DATA	00789ad0	FUN_00789ad0
0x00b0f5dc	std::exception	00b0f53c	00789559	DATA	007894a5	FUN_007894a5
0x00b0f5dc	std::exception	00b0f53c	00788b7c	DATA	00788af7	FUN_00788af7
0x00b0f5dc	std::exception	00b0f53c	00788f2e	DATA	00788e7a	FUN_00788e7a
0x00b0f5dc	std::exception	00b0f53c	00788476	DATA	007883f1	FUN_007883f1
0x00b0f5dc	std::exception	00b0f53c	007887f9	DATA	00788774	FUN_00788774
0x00b0f5fc	std::logic_error	00b0f57c	0078b995	DATA	0078b927	FUN_0078b927
0x00b0f5fc	std::logic_error	00b0f57c	0078be74	DATA	0078be11	FUN_0078be11
0x00b0f5fc	std::logic_error	00b0f57c	0078afbb	DATA	0078af4d	FUN_0078af4d
0x00b0f5fc	std::logic_error	00b0f57c	0078a2e0	DATA	0078a272	FUN_0078a272
0x00b0f5fc	std::logic_error	00b0f57c	00789b8f	DATA	00789ad0	FUN_00789ad0
0x00b0f5fc	std::logic_error	00b0f57c	00789564	DATA	007894a5	FUN_007894a5
0x00b0f5fc	std::logic_error	00b0f57c	00788b87	DATA	00788af7	FUN_00788af7
0x00b0f5fc	std::logic_error	00b0f57c	00788f39	DATA	00788e7a	FUN_00788e7a
0x00b0f5fc	std::logic_error	00b0f57c	00788481	DATA	007883f1	FUN_007883f1
0x00b0f5fc	std::logic_error	00b0f57c	00788804	DATA	00788774	FUN_00788774
0x00b0f60c	std::length_error	00b0f59c	0078a547	DATA	0078a272	FUN_0078a272
0x00b0f60c	std::length_error	00b0f59c	00789df6	DATA	00789ad0	FUN_00789ad0
0x00b0f60c	std::length_error	00b0f59c	007897cb	DATA	007894a5	FUN_007894a5
0x00b0f60c	std::length_error	00b0f59c	00788dee	DATA	00788af7	FUN_00788af7
0x00b0f60c	std::length_error	00b0f59c	007891a0	DATA	00788e7a	FUN_00788e7a
0x00b0f60c	std::length_error	00b0f59c	007886e8	DATA	007883f1	FUN_007883f1
0x00b0f60c	std::length_error	00b0f59c	00788a6b	DATA	00788774	FUN_00788774
0x00b0f61c	std::out_of_range	00b0f5bc	0078bbfc	DATA	0078b927	FUN_0078b927
0x00b0f61c	std::out_of_range	00b0f5bc	0078c0dd	DATA	0078be11	FUN_0078be11
0x00b0f61c	std::out_of_range	00b0f5bc	0078b222	DATA	0078af4d	FUN_0078af4d
0x00b10d30	register_range	00b105b0	0078aca3	DATA	0078ac6b	FUN_0078ac6b
0x00b10d40	register_set	00b10068	0078b416	DATA	0078b3d6	FUN_0078b3d6
0x00b10d50	register_implicit	00b10670	0078bde8	DATA	0078bdb0	FUN_0078bdb0
0x00b10d60	textset	00b10128	0078ded2	DATA	0078de90	FUN_0078de90
0x00b10d70	immediate	00b101e8	0078c1e6	DATA	0078c194	FUN_0078c194
0x00b10d80	register_list	00b10a30	0079054c	DATA	00790514	FUN_00790514
0x00b10d90	statictext	00b102a8	0078db59	DATA	0078db21	FUN_0078db21
0x00b10da0	hardcode	00b10368	0078ddda	DATA	0078dda2	FUN_0078dda2
0x00b10db0	compose	00b107f0	0078e2ee	DATA	0078e2ac	FUN_0078e2ac
0x00b10dc0	choose	00b10428	0078f49e	DATA	0078f45c	FUN_0078f45c
0x00b10dd0	multiple_fields	00b104e8	0078feea	DATA	0078feb2	FUN_0078feb2
0x00b10de0	split_fields	00b10970	00790218	DATA	007901d6	FUN_007901d6
0x00b10df0	suffix	00b10c70	007912ab	DATA	00791273	FUN_00791273
0x00b10e00	join	00b10bb0	00790af5	DATA	00790abd	FUN_00790abd
0x00b10e10	sameas	00b108b0	00790a66	DATA	00790a2e	FUN_00790a2e
0x00b10e20	ignore	00b10730	0078dd7a	DATA	0078dd43	FUN_0078dd43
0x00b10e30	mnemonic_placeholder	00b10af0	00790a06	DATA	007909cf	FUN_007909cf
0x00b10f10	std::exception	00b10e70	00793993	DATA	0079392c	FUN_0079392c
0x00b10f10	std::exception	00b10e70	0079330a	DATA	007932a3	FUN_007932a3
0x00b10f10	std::exception	00b10e70	00792942	DATA	007928f3	FUN_007928f3
0x00b10f10	std::exception	00b10e70	007999af	DATA	007991de	FUN_007991de
0x00b10f10	std::exception	00b10e70	0079a4ef	DATA	007991de	FUN_007991de
0x00b10f10	std::exception	00b10e70	0079a045	DATA	007991de	FUN_007991de
0x00b10f10	std::exception	00b10e70	0079863c	DATA	00797bb6	FUN_00797bb6
0x00b10f10	std::exception	00b10e70	007952c2	DATA	0079525f	FUN_0079525f
0x00b10f10	std::exception	00b10e70	00795603	DATA	007955a0	FUN_007955a0
0x00b10f10	std::exception	00b10e70	00794ae4	DATA	00794a30	FUN_00794a30
0x00b10f10	std::exception	00b10e70	007943a4	DATA	0079431f	FUN_0079431f
0x00b10f10	std::exception	00b10e70	00794732	DATA	007946ad	FUN_007946ad
0x00b10f30	std::logic_error	00b10eb0	0079399e	DATA	0079392c	FUN_0079392c
0x00b10f30	std::logic_error	00b10eb0	00793315	DATA	007932a3	FUN_007932a3
0x00b10f30	std::logic_error	00b10eb0	0079294d	DATA	007928f3	FUN_007928f3
0x00b10f30	std::logic_error	00b10eb0	007999c0	DATA	007991de	FUN_007991de
0x00b10f30	std::logic_error	00b10eb0	0079a500	DATA	007991de	FUN_007991de
0x00b10f30	std::logic_error	00b10eb0	0079a056	DATA	007991de	FUN_007991de
0x00b10f30	std::logic_error	00b10eb0	0079864d	DATA	00797bb6	FUN_00797bb6
0x00b10f30	std::logic_error	00b10eb0	007952cd	DATA	0079525f	FUN_0079525f
0x00b10f30	std::logic_error	00b10eb0	0079560e	DATA	007955a0	FUN_007955a0
0x00b10f30	std::logic_error	00b10eb0	00794aef	DATA	00794a30	FUN_00794a30
0x00b10f30	std::logic_error	00b10eb0	007943af	DATA	0079431f	FUN_0079431f
0x00b10f30	std::logic_error	00b10eb0	0079473d	DATA	007946ad	FUN_007946ad
0x00b10f40	std::length_error	00b10ed0	00793c13	DATA	0079392c	FUN_0079392c
0x00b10f40	std::length_error	00b10ed0	00793588	DATA	007932a3	FUN_007932a3
0x00b10f40	std::length_error	00b10ed0	00795534	DATA	0079525f	FUN_0079525f
0x00b10f40	std::length_error	00b10ed0	00795875	DATA	007955a0	FUN_007955a0
0x00b10f40	std::length_error	00b10ed0	00794d56	DATA	00794a30	FUN_00794a30
0x00b10f40	std::length_error	00b10ed0	00794616	DATA	0079431f	FUN_0079431f
0x00b10f40	std::length_error	00b10ed0	007949a4	DATA	007946ad	FUN_007946ad
0x00b10f50	std::out_of_range	00b10ef0	00792bbc	DATA	007928f3	FUN_007928f3
0x00b10f50	std::out_of_range	00b10ef0	00799cb8	DATA	007991de	FUN_007991de
0x00b10f50	std::out_of_range	00b10ef0	0079a7eb	DATA	007991de	FUN_007991de
0x00b10f50	std::out_of_range	00b10ef0	0079a343	DATA	007991de	FUN_007991de
0x00b10f50	std::out_of_range	00b10ef0	0079890c	DATA	00797bb6	FUN_00797bb6
0x00b1155c	Disassembler	00b114b4	007968c9	DATA	00796899	FUN_00796899
0x00b11aa8	std::exception	00b11a28	0079d439	DATA	0079d3d6	FUN_0079d3d6
0x00b11ac8	std::logic_error	00b11a68	0079d444	DATA	0079d3d6	FUN_0079d3d6
0x00b11ad8	std::length_error	00b11a88	0079d6ab	DATA	0079d3d6	FUN_0079d3d6
0x00b11f18	IndInst::instop	00b11e78	0079d8c1	DATA	0079d894	FUN_0079d894
0x00b11f18	IndInst::instop	00b11e78	0079d9d4	DATA	0079d993	FUN_0079d993
0x00b11f18	IndInst::instop	00b11e78	0079daf0	DATA	0079daaf	FUN_0079daaf
0x00b11f18	IndInst::instop	00b11e78	0079df36	DATA	0079deed	FUN_0079deed
0x00b11f18	IndInst::instop	00b11e78	0079d7b6	DATA	0079d78c	FUN_0079d78c
0x00b11f28	IndInst::instopreg	00b11e98	0079da01	DATA	0079d993	FUN_0079d993
0x00b11f38	IndInst::instopimm	00b11eb8	0079db1d	DATA	0079daaf	FUN_0079daaf
0x00b11f48	IndInst::instopcomp	00b11ed8	0079dc41	DATA	0079dc2a	FUN_0079dc2a
0x00b11f48	IndInst::instopcomp	00b11ed8	0079d7e5	DATA	0079d78c	FUN_0079d78c
0x00b11f58	IndInst::instopreglist	00b11ef8	0079de45	DATA	0079de2e	FUN_0079de2e
0x00b11f58	IndInst::instopreglist	00b11ef8	0079df63	DATA	0079deed	FUN_0079deed
0x00b12008	std::exception	00b11f88	0079f67b	DATA	0079f618	FUN_0079f618
0x00b12028	std::logic_error	00b11fc8	0079f686	DATA	0079f618	FUN_0079f618
0x00b12038	std::length_error	00b11fe8	0079f8ed	DATA	0079f618	FUN_0079f618
0x00b12800	OutputGen	00b12738	007a116b	DATA	007a1141	FUN_007a1141
0x00b12800	OutputGen	00b12738	007a0adf	DATA	007a0ad3	FUN_007a0ad3
0x00b12800	OutputGen	00b12738	004e68d9	DATA	004e68cd	FUN_004e68cd
0x00b12800	OutputGen	00b12738	0079e5e7	DATA	0079e5db	FUN_0079e5db
0x00b12810	SimpleOutputGen	00b12760	004e68e1	DATA	004e68cd	FUN_004e68cd
0x00b12820	FileOutputGen	00b12788	007a0ae7	DATA	007a0ad3	FUN_007a0ad3
0x00b12820	FileOutputGen	00b12788	0079e5ef	DATA	0079e5db	FUN_0079e5db
0x00b12840	DebugOutputGen	00b127d8	007a1172	DATA	007a1141	FUN_007a1141
0x00b12840	DebugOutputGen	00b127d8	007a11a6	DATA	007a1191	FUN_007a1191
0x00bd48c0	std::logic_error	00bd4840	00a92194	DATA	00a9214f	FUN_00a9214f
0x00bd48c0	std::logic_error	00bd4840	00a92570	DATA	00a9252b	FUN_00a9252b
0x00bd48d0	std::length_error	00bd4860	00a92713	DATA	00a9252b	FUN_00a9252b
0x00bd48e0	std::out_of_range	00bd4880	00a92337	DATA	00a9214f	FUN_00a9214f
