record_va	class_name	table_header_va	vptr_va	immediate_va	function_entry	function_name	instruction_form	confidence
0x00b05b34	vn_advisor_consol	0x00b05934	0x00b0593c	00401537	004014f7	FUN_004014f7	mov_reg_imm32	0.95
0x00b05b54	vn_advisor_consolshift	0x00b059b4	0x00b059bc	0040153f	004014f7	FUN_004014f7	mov_reg_imm32	0.95
0x00abf0b0	vn_advisor_ppc_consolshift	0x00abf06c	0x00abf074	00401555	004014f7	FUN_004014f7	mov_reg_imm32	0.95
0x00abf270	std::exception	0x00abf1b0	0x00abf1b8	0040523c	00405200	FUN_00405200	mov_reg_imm32	0.95
0x00abf280	std::bad_alloc	0x00abf1d0	0x00abf1d8	0040524c	00405200	FUN_00405200	mov_reg_imm32	0.95
0x00abf270	std::exception	0x00abf1b0	0x00abf1b8	00405a69	004059d8	FUN_004059d8	mov_reg_imm32	0.95
0x00abf290	std::logic_error	0x00abf1f0	0x00abf1f8	00405a74	004059d8	FUN_004059d8	mov_reg_imm32	0.95
0x00abf2a0	std::out_of_range	0x00abf210	0x00abf218	00405cdb	004059d8	FUN_004059d8	mov_reg_imm32	0.95
0x00abf270	std::exception	0x00abf1b0	0x00abf1b8	0040600c	00405fae	FUN_00405fae	mov_reg_imm32	0.95
0x00abf2b0	std::runtime_error	0x00abf230	0x00abf238	00406017	00405fae	FUN_00405fae	mov_reg_imm32	0.95
0x00abf2c0	std::overflow_error	0x00abf250	0x00abf258	0040627e	00405fae	FUN_00405fae	mov_reg_imm32	0.95
0x00abf270	std::exception	0x00abf1b0	0x00abf1b8	004223a8	0042226d	FUN_0042226d	mov_reg_imm32	0.95
0x00abf290	std::logic_error	0x00abf1f0	0x00abf1f8	004223b9	0042226d	FUN_0042226d	mov_reg_imm32	0.95
0x00abf2a0	std::out_of_range	0x00abf210	0x00abf218	0042268f	0042226d	FUN_0042226d	mov_reg_imm32	0.95
0x00abf270	std::exception	0x00abf1b0	0x00abf1b8	0042279a	0042226d	FUN_0042226d	mov_reg_imm32	0.95
0x00abf290	std::logic_error	0x00abf1f0	0x00abf1f8	004227a5	0042226d	FUN_0042226d	mov_reg_imm32	0.95
0x00abf2a0	std::out_of_range	0x00abf210	0x00abf218	00422a0c	0042226d	FUN_0042226d	mov_reg_imm32	0.95
0x00abf270	std::exception	0x00abf1b0	0x00abf1b8	00422afd	0042226d	FUN_0042226d	mov_reg_imm32	0.95
0x00abf290	std::logic_error	0x00abf1f0	0x00abf1f8	00422b08	0042226d	FUN_0042226d	mov_reg_imm32	0.95
0x00abf2a0	std::out_of_range	0x00abf210	0x00abf218	00422d7b	0042226d	FUN_0042226d	mov_reg_imm32	0.95
0x00abf270	std::exception	0x00abf1b0	0x00abf1b8	004231e0	00422ff4	FUN_00422ff4	mov_reg_imm32	0.95
0x00abf290	std::logic_error	0x00abf1f0	0x00abf1f8	004231eb	00422ff4	FUN_00422ff4	mov_reg_imm32	0.95
0x00abf2a0	std::out_of_range	0x00abf210	0x00abf218	00423452	00422ff4	FUN_00422ff4	mov_reg_imm32	0.95
0x00abf270	std::exception	0x00abf1b0	0x00abf1b8	00423532	00422ff4	FUN_00422ff4	mov_reg_imm32	0.95
0x00abf290	std::logic_error	0x00abf1f0	0x00abf1f8	0042353d	00422ff4	FUN_00422ff4	mov_reg_imm32	0.95
0x00abf2a0	std::out_of_range	0x00abf210	0x00abf218	004237b0	00422ff4	FUN_00422ff4	mov_reg_imm32	0.95
0x00b0b784	backend_basetype2	0x00b0af4c	0x00b0af54	00424e16	00424ceb	FUN_00424ceb	mov_reg_imm32	0.95
0x00abfe94	backend_t	0x00abf65c	0x00abf664	00424e1d	00424ceb	FUN_00424ceb	mov_reg_imm32	0.95
0x00abff98	std::exception	0x00abfed8	0x00abfee0	00424f2c	00424ef0	FUN_00424ef0	mov_reg_imm32	0.95
0x00abffa8	std::bad_alloc	0x00abfef8	0x00abff00	00424f3c	00424ef0	FUN_00424ef0	mov_reg_imm32	0.95
0x00abff98	std::exception	0x00abfed8	0x00abfee0	00425759	004256c8	FUN_004256c8	mov_reg_imm32	0.95
0x00abffb8	std::logic_error	0x00abff18	0x00abff20	00425764	004256c8	FUN_004256c8	mov_reg_imm32	0.95
0x00abffc8	std::out_of_range	0x00abff38	0x00abff40	004259cb	004256c8	FUN_004256c8	mov_reg_imm32	0.95
0x00abff98	std::exception	0x00abfed8	0x00abfee0	00425bf0	00425b92	FUN_00425b92	mov_reg_imm32	0.95
0x00abffd8	std::runtime_error	0x00abff58	0x00abff60	00425bfb	00425b92	FUN_00425b92	mov_reg_imm32	0.95
0x00abffe8	std::overflow_error	0x00abff78	0x00abff80	00425e62	00425b92	FUN_00425b92	mov_reg_imm32	0.95
0x00ac0a18	std::exception	0x00ac0998	0x00ac09a0	0043a70c	0043a6d0	FUN_0043a6d0	mov_reg_imm32	0.95
0x00ac0a28	std::bad_alloc	0x00ac09b8	0x00ac09c0	0043a71c	0043a6d0	FUN_0043a6d0	mov_reg_imm32	0.95
0x00ac0a18	std::exception	0x00ac0998	0x00ac09a0	0043ae88	0043adf7	FUN_0043adf7	mov_reg_imm32	0.95
0x00ac0a38	std::logic_error	0x00ac09d8	0x00ac09e0	0043ae93	0043adf7	FUN_0043adf7	mov_reg_imm32	0.95
0x00ac0a48	std::out_of_range	0x00ac09f8	0x00ac0a00	0043b0fa	0043adf7	FUN_0043adf7	mov_reg_imm32	0.95
0x00ac5960	g4_resource_scheduler	0x00ac5810	0x00ac5818	00486bcd	00486b99	FUN_00486b99	mov_reg_imm32	0.95
0x00ac5970	ppc970_resource_scheduler	0x00ac5880	0x00ac5888	00487f96	00487f60	FUN_00487f60	mov_reg_imm32	0.95
0x00ac5980	ame_resource_scheduler	0x00ac58f0	0x00ac58f8	0048a7d0	0048a79c	FUN_0048a79c	mov_reg_imm32	0.95
0x00ace1d0	objectdata	0x00acdd90	0x00acdd98	004aaf94	004aad62	FUN_004aad62	mov_reg_imm32	0.95
0x00ace1e0	objectdata_twoop	0x00acdda8	0x00acddb0	004aafa2	004aad62	FUN_004aad62	mov_reg_imm32	0.95
0x00ace1d0	objectdata	0x00acdd90	0x00acdd98	004ab03a	004aad62	FUN_004aad62	mov_reg_imm32	0.95
0x00ace2c0	objectdata_variable	0x00acdef8	0x00acdf00	004ab048	004aad62	FUN_004aad62	mov_reg_imm32	0.95
0x00ace1d0	objectdata	0x00acdd90	0x00acdd98	004ab0c0	004aad62	FUN_004aad62	mov_reg_imm32	0.95
0x00ace280	objectdata_rouconstr	0x00acde98	0x00acdea0	004ab0ce	004aad62	FUN_004aad62	mov_reg_imm32	0.95
0x00ace1d0	objectdata	0x00acdd90	0x00acdd98	004ab14d	004aad62	FUN_004aad62	mov_reg_imm32	0.95
0x00ace260	objectdata_subrangeop	0x00acde68	0x00acde70	004ab15b	004aad62	FUN_004aad62	mov_reg_imm32	0.95
0x00ace1d0	objectdata	0x00acdd90	0x00acdd98	004ab25f	004aad62	FUN_004aad62	mov_reg_imm32	0.95
0x00ace2d0	objectdata_varfield	0x00acdf10	0x00acdf18	004ab26d	004aad62	FUN_004aad62	mov_reg_imm32	0.95
0x00ace1d0	objectdata	0x00acdd90	0x00acdd98	004ab350	004aad62	FUN_004aad62	mov_reg_imm32	0.95
0x00ace250	objectdata_recordtyp	0x00acde50	0x00acde58	004ab35e	004aad62	FUN_004aad62	mov_reg_imm32	0.95
0x00ace1d0	objectdata	0x00acdd90	0x00acdd98	004ab4d5	004aad62	FUN_004aad62	mov_reg_imm32	0.95
0x00ace300	objectdata_floatconst	0x00acdf58	0x00acdf60	004ab4e3	004aad62	FUN_004aad62	mov_reg_imm32	0.95
0x00ace1d0	objectdata	0x00acdd90	0x00acdd98	004ab5f4	004aad62	FUN_004aad62	mov_reg_imm32	0.95
0x00ace310	objectdata_strconst	0x00acdf70	0x00acdf78	004ab602	004aad62	FUN_004aad62	mov_reg_imm32	0.95
0x00ace1d0	objectdata	0x00acdd90	0x00acdd98	004ab6dd	004aad62	FUN_004aad62	mov_reg_imm32	0.95
0x00ace340	objectdata_data	0x00acdfb8	0x00acdfc0	004ab6eb	004aad62	FUN_004aad62	mov_reg_imm32	0.95
0x00ace1d0	objectdata	0x00acdd90	0x00acdd98	004ab7b0	004aad62	FUN_004aad62	mov_reg_imm32	0.95
0x00ace3b0	objectdata_block	0x00ace060	0x00ace068	004ab7be	004aad62	FUN_004aad62	mov_reg_imm32	0.95
0x00ace1d0	objectdata	0x00acdd90	0x00acdd98	004aba1d	004aad62	FUN_004aad62	mov_reg_imm32	0.95
0x00ace3f0	objectdata_lineop	0x00ace0c0	0x00ace0c8	004aba2b	004aad62	FUN_004aad62	mov_reg_imm32	0.95
0x00ace1d0	objectdata	0x00acdd90	0x00acdd98	004abab9	004aad62	FUN_004aad62	mov_reg_imm32	0.95
0x00ace400	objectdata_commentop	0x00ace0d8	0x00ace0e0	004abac7	004aad62	FUN_004aad62	mov_reg_imm32	0.95
0x00ace1d0	objectdata	0x00acdd90	0x00acdd98	004abb5f	004aad62	FUN_004aad62	mov_reg_imm32	0.95
0x00ace410	objectdata_startscope	0x00ace0f0	0x00ace0f8	004abb6d	004aad62	FUN_004aad62	mov_reg_imm32	0.95
0x00ace1d0	objectdata	0x00acdd90	0x00acdd98	004abbfc	004aad62	FUN_004aad62	mov_reg_imm32	0.95
0x00ace420	objectdata_leavescope	0x00ace108	0x00ace110	004abc0a	004aad62	FUN_004aad62	mov_reg_imm32	0.95
0x00ace1d0	objectdata	0x00acdd90	0x00acdd98	004abc90	004aad62	FUN_004aad62	mov_reg_imm32	0.95
0x00ace3e0	objectdata_casm	0x00ace0a8	0x00ace0b0	004abc9e	004aad62	FUN_004aad62	mov_reg_imm32	0.95
0x00ace1d0	objectdata	0x00acdd90	0x00acdd98	004abd40	004aad62	FUN_004aad62	mov_reg_imm32	0.95
0x00ace1f0	objectdata_arrayop	0x00acddc0	0x00acddc8	004abd4e	004aad62	FUN_004aad62	mov_reg_imm32	0.95
0x00ace1d0	objectdata	0x00acdd90	0x00acdd98	004abddc	004aad62	FUN_004aad62	mov_reg_imm32	0.95
0x00ace200	objectdata_vectorop	0x00acddd8	0x00acdde0	004abdea	004aad62	FUN_004aad62	mov_reg_imm32	0.95
0x00ace1d0	objectdata	0x00acdd90	0x00acdd98	004abe75	004aad62	FUN_004aad62	mov_reg_imm32	0.95
0x00ace230	objectdata_qindex	0x00acde20	0x00acde28	004abe83	004aad62	FUN_004aad62	mov_reg_imm32	0.95
0x00ace1d0	objectdata	0x00acdd90	0x00acdd98	004abee5	004aad62	FUN_004aad62	mov_reg_imm32	0.95
0x00ace240	objectdata_dot	0x00acde38	0x00acde40	004abef3	004aad62	FUN_004aad62	mov_reg_imm32	0.95
0x00ace1d0	objectdata	0x00acdd90	0x00acdd98	004abf55	004aad62	FUN_004aad62	mov_reg_imm32	0.95
0x00ace270	objectdata_call	0x00acde80	0x00acde88	004abf63	004aad62	FUN_004aad62	mov_reg_imm32	0.95
0x00ace1d0	objectdata	0x00acdd90	0x00acdd98	004ac024	004aad62	FUN_004aad62	mov_reg_imm32	0.95
0x00ace2b0	objectdata_qaddrs	0x00acdee0	0x00acdee8	004ac032	004aad62	FUN_004aad62	mov_reg_imm32	0.95
0x00ace1d0	objectdata	0x00acdd90	0x00acdd98	004ac094	004aad62	FUN_004aad62	mov_reg_imm32	0.95
0x00ace2e0	objectdata_generic	0x00acdf28	0x00acdf30	004ac0a2	004aad62	FUN_004aad62	mov_reg_imm32	0.95
0x00ace1d0	objectdata	0x00acdd90	0x00acdd98	004ac104	004aad62	FUN_004aad62	mov_reg_imm32	0.95
0x00ace2f0	objectdata_scalconst	0x00acdf40	0x00acdf48	004ac112	004aad62	FUN_004aad62	mov_reg_imm32	0.95
0x00ace1d0	objectdata	0x00acdd90	0x00acdd98	004ac19e	004aad62	FUN_004aad62	mov_reg_imm32	0.95
0x00ace350	objectdata_qjcond	0x00acdfd0	0x00acdfd8	004ac1ac	004aad62	FUN_004aad62	mov_reg_imm32	0.95
0x00ace1d0	objectdata	0x00acdd90	0x00acdd98	004ac215	004aad62	FUN_004aad62	mov_reg_imm32	0.95
0x00ace360	objectdata_qjmp	0x00acdfe8	0x00acdff0	004ac223	004aad62	FUN_004aad62	mov_reg_imm32	0.95
0x00ace1d0	objectdata	0x00acdd90	0x00acdd98	004ac28c	004aad62	FUN_004aad62	mov_reg_imm32	0.95
0x00ace370	objectdata_qjtab	0x00ace000	0x00ace008	004ac29a	004aad62	FUN_004aad62	mov_reg_imm32	0.95
0x00ace1d0	objectdata	0x00acdd90	0x00acdd98	004ac303	004aad62	FUN_004aad62	mov_reg_imm32	0.95
0x00ace380	objectdata_arithifi	0x00ace018	0x00ace020	004ac311	004aad62	FUN_004aad62	mov_reg_imm32	0.95
0x00ace1d0	objectdata	0x00acdd90	0x00acdd98	004ac373	004aad62	FUN_004aad62	mov_reg_imm32	0.95
0x00ace390	objectdata_ifop	0x00ace030	0x00ace038	004ac381	004aad62	FUN_004aad62	mov_reg_imm32	0.95
0x00ace1d0	objectdata	0x00acdd90	0x00acdd98	004ac3f8	004aad62	FUN_004aad62	mov_reg_imm32	0.95
0x00ace330	objectdata_complexop	0x00acdfa0	0x00acdfa8	004ac406	004aad62	FUN_004aad62	mov_reg_imm32	0.95
0x00ace1d0	objectdata	0x00acdd90	0x00acdd98	004ac468	004aad62	FUN_004aad62	mov_reg_imm32	0.95
0x00ace290	objectdata_entryop	0x00acdeb0	0x00acdeb8	004ac476	004aad62	FUN_004aad62	mov_reg_imm32	0.95
0x00ace1d0	objectdata	0x00acdd90	0x00acdd98	004ac4d8	004aad62	FUN_004aad62	mov_reg_imm32	0.95
0x00ace2a0	objectdata_statfunc	0x00acdec8	0x00acded0	004ac4e6	004aad62	FUN_004aad62	mov_reg_imm32	0.95
0x00ace1d0	objectdata	0x00acdd90	0x00acdd98	004ac54d	004aad62	FUN_004aad62	mov_reg_imm32	0.95
0x00ace3d0	objectdata_fourop	0x00ace090	0x00ace098	004ac55b	004aad62	FUN_004aad62	mov_reg_imm32	0.95
0x00ace1d0	objectdata	0x00acdd90	0x00acdd98	004ac5bd	004aad62	FUN_004aad62	mov_reg_imm32	0.95
0x00ace220	objectdata_magictype	0x00acde08	0x00acde10	004ac5cb	004aad62	FUN_004aad62	mov_reg_imm32	0.95
0x00ace1d0	objectdata	0x00acdd90	0x00acdd98	004ac62d	004aad62	FUN_004aad62	mov_reg_imm32	0.95
0x00ace210	objectdata_compoundop	0x00acddf0	0x00acddf8	004ac63b	004aad62	FUN_004aad62	mov_reg_imm32	0.95
0x00ace1d0	objectdata	0x00acdd90	0x00acdd98	004ac6af	004aad62	FUN_004aad62	mov_reg_imm32	0.95
0x00ace3a0	objectdata_predcode	0x00ace048	0x00ace050	004ac6bd	004aad62	FUN_004aad62	mov_reg_imm32	0.95
0x00ace1d0	objectdata	0x00acdd90	0x00acdd98	004ac73a	004aad62	FUN_004aad62	mov_reg_imm32	0.95
0x00ace440	objectdata_statexpr	0x00ace138	0x00ace140	004ac748	004aad62	FUN_004aad62	mov_reg_imm32	0.95
0x00ace628	std::exception	0x00ace558	0x00ace560	004e104b	004e100f	FUN_004e100f	mov_reg_imm32	0.95
0x00ace638	std::bad_alloc	0x00ace578	0x00ace580	004e105b	004e100f	FUN_004e100f	mov_reg_imm32	0.95
0x00ace628	std::exception	0x00ace558	0x00ace560	004e1878	004e17e7	FUN_004e17e7	mov_reg_imm32	0.95
0x00ace648	std::logic_error	0x00ace598	0x00ace5a0	004e1883	004e17e7	FUN_004e17e7	mov_reg_imm32	0.95
0x00ace658	std::out_of_range	0x00ace5b8	0x00ace5c0	004e1aea	004e17e7	FUN_004e17e7	mov_reg_imm32	0.95
0x00ace628	std::exception	0x00ace558	0x00ace560	004e1d0f	004e1cb1	FUN_004e1cb1	mov_reg_imm32	0.95
0x00ace668	std::runtime_error	0x00ace5d8	0x00ace5e0	004e1d1a	004e1cb1	FUN_004e1cb1	mov_reg_imm32	0.95
0x00ace678	std::overflow_error	0x00ace5f8	0x00ace600	004e1f81	004e1cb1	FUN_004e1cb1	mov_reg_imm32	0.95
0x00b12800	OutputGen	0x00b12738	0x00b12740	004e68d5	004e68cd	FUN_004e68cd	mov_reg_imm32	0.95
0x00b12810	SimpleOutputGen	0x00b12760	0x00b12768	004e68dd	004e68cd	FUN_004e68cd	mov_reg_imm32	0.95
0x00ace1d0	objectdata	0x00acdd90	0x00acdd98	004f3205	004f31ef	FUN_004f31ef	mov_reg_imm32	0.95
0x00ace280	objectdata_rouconstr	0x00acde98	0x00acdea0	004f32ff	004f31ef	FUN_004f31ef	mov_reg_imm32	0.95
0x00acf300	InterblockDf	0x00acf278	0x00acf280	00501084	00500fbc	run_liveness_dataflow	mov_reg_imm32	0.95
0x00acf6d0	TouchesDf	0x00acf688	0x00acf690	00501093	00500fbc	run_liveness_dataflow	mov_reg_imm32	0.95
0x00acf300	InterblockDf	0x00acf278	0x00acf280	005010bf	00500fbc	run_liveness_dataflow	mov_reg_imm32	0.95
0x00acf6e0	LivenessDf	0x00acf6a0	0x00acf6a8	005010ce	00500fbc	run_liveness_dataflow	mov_reg_imm32	0.95
0x00acf300	InterblockDf	0x00acf278	0x00acf280	005010fa	00500fbc	run_liveness_dataflow	mov_reg_imm32	0.95
0x00acf6f0	PostLivenessDf	0x00acf6b8	0x00acf6c0	00501109	00500fbc	run_liveness_dataflow	mov_reg_imm32	0.95
0x00b12800	OutputGen	0x00b12738	0x00b12740	0052177c	00521778	FUN_00521778	mov_reg_imm32	0.95
0x00b12810	SimpleOutputGen	0x00b12760	0x00b12768	00521786	00521778	FUN_00521778	mov_reg_imm32	0.95
0x00ace1d0	objectdata	0x00acdd90	0x00acdd98	005271d7	00526df0	FUN_00526df0	mov_reg_imm32	0.95
0x00ace2c0	objectdata_variable	0x00acdef8	0x00acdf00	005271e3	00526df0	FUN_00526df0	mov_reg_imm32	0.95
0x00ace1d0	objectdata	0x00acdd90	0x00acdd98	00527298	00526df0	FUN_00526df0	mov_reg_imm32	0.95
0x00ace280	objectdata_rouconstr	0x00acde98	0x00acdea0	005272a4	00526df0	FUN_00526df0	mov_reg_imm32	0.95
0x00ace1d0	objectdata	0x00acdd90	0x00acdd98	005592e6	005592d9	FUN_005592d9	mov_reg_imm32	0.95
0x00ace1e0	objectdata_twoop	0x00acdda8	0x00acddb0	005592f2	005592d9	FUN_005592d9	mov_reg_imm32	0.95
0x00ace1d0	objectdata	0x00acdd90	0x00acdd98	00576be5	00576bbe	FUN_00576bbe	mov_reg_imm32	0.95
0x00ace1e0	objectdata_twoop	0x00acdda8	0x00acddb0	00576bf6	00576bbe	FUN_00576bbe	mov_reg_imm32	0.95
0x00b0e82c	backend_dataflow	0x00b0e53c	0x00b0e544	005bac31	005bac03	FUN_005bac03	mov_reg_imm32	0.95
0x00afc4e0	backend_basetype	0x00afbb90	0x00afbb98	005bac38	005bac03	FUN_005bac03	mov_reg_imm32	0.95
0x00aff0cc	AliasAnalyzer	0x00afef5c	0x00afef64	005cf20a	005cf1dd	FUN_005cf1dd	mov_reg_imm32	0.95
0x00ace1d0	objectdata	0x00acdd90	0x00acdd98	005d5e68	005d5e5e	FUN_005d5e5e	mov_reg_imm32	0.95
0x00ace1e0	objectdata_twoop	0x00acdda8	0x00acddb0	005d5e74	005d5e5e	FUN_005d5e5e	mov_reg_imm32	0.95
0x00aff0cc	AliasAnalyzer	0x00afef5c	0x00afef64	005d64f3	005d6287	FUN_005d6287	mov_reg_imm32	0.95
0x00aff0ec	BooleanAccurateAliasAnalyzer	0x00afef8c	0x00afef94	005d87bc	005d8667	FUN_005d8667	mov_reg_imm32	0.95
0x00aff0cc	AliasAnalyzer	0x00afef5c	0x00afef64	005d8819	005d87cb	FUN_005d87cb	mov_reg_imm32	0.95
0x00aff0dc	TimeAccurateAliasAnalyzer	0x00afef74	0x00afef7c	005d8950	005d87cb	FUN_005d87cb	mov_reg_imm32	0.95
0x00afd5b8	InterblockDf	0x00afd2c0	0x00afd2c8	005dabd2	005da342	FUN_005da342	mov_reg_imm32	0.95
0x00afd648	UpSafetyDf	0x00afd3a0	0x00afd3a8	005dabe1	005da342	FUN_005da342	mov_reg_imm32	0.95
0x00afd5b8	InterblockDf	0x00afd2c0	0x00afd2c8	005dabf5	005da342	FUN_005da342	mov_reg_imm32	0.95
0x00afd6a8	GcseSelectDf	0x00afd430	0x00afd438	005dac04	005da342	FUN_005da342	mov_reg_imm32	0.95
0x00afd5b8	InterblockDf	0x00afd2c0	0x00afd2c8	005dac18	005da342	FUN_005da342	mov_reg_imm32	0.95
0x00afd6b8	GcseLiveDf	0x00afd448	0x00afd450	005dac27	005da342	FUN_005da342	mov_reg_imm32	0.95
0x00afd5b8	InterblockDf	0x00afd2c0	0x00afd2c8	005dac3b	005da342	FUN_005da342	mov_reg_imm32	0.95
0x00afd6c8	GcseFinalDf	0x00afd460	0x00afd468	005dac4a	005da342	FUN_005da342	mov_reg_imm32	0.95
0x00afd5b8	InterblockDf	0x00afd2c0	0x00afd2c8	005dae0d	005da342	FUN_005da342	mov_reg_imm32	0.95
0x00afd638	DownSafetyDf	0x00afd388	0x00afd390	005dae1c	005da342	FUN_005da342	mov_reg_imm32	0.95
0x00afd5b8	InterblockDf	0x00afd2c0	0x00afd2c8	005dae32	005da342	FUN_005da342	mov_reg_imm32	0.95
0x00afd648	UpSafetyDf	0x00afd3a0	0x00afd3a8	005dae41	005da342	FUN_005da342	mov_reg_imm32	0.95
0x00afd5b8	InterblockDf	0x00afd2c0	0x00afd2c8	005dae5c	005da342	FUN_005da342	mov_reg_imm32	0.95
0x00afd658	EarliestDf	0x00afd3b8	0x00afd3c0	005dae6b	005da342	FUN_005da342	mov_reg_imm32	0.95
0x00afd5b8	InterblockDf	0x00afd2c0	0x00afd2c8	005dae86	005da342	FUN_005da342	mov_reg_imm32	0.95
0x00afd668	DelayedDf	0x00afd3d0	0x00afd3d8	005dae95	005da342	FUN_005da342	mov_reg_imm32	0.95
0x00afd5b8	InterblockDf	0x00afd2c0	0x00afd2c8	005daeb0	005da342	FUN_005da342	mov_reg_imm32	0.95
0x00afd688	IsolatedDf	0x00afd400	0x00afd408	005daec5	005da342	FUN_005da342	mov_reg_imm32	0.95
0x00afd5b8	InterblockDf	0x00afd2c0	0x00afd2c8	005daee4	005da342	FUN_005da342	mov_reg_imm32	0.95
0x00afd678	LatestDf	0x00afd3e8	0x00afd3f0	005daef9	005da342	FUN_005da342	mov_reg_imm32	0.95
0x00afd5b8	InterblockDf	0x00afd2c0	0x00afd2c8	005daf18	005da342	FUN_005da342	mov_reg_imm32	0.95
0x00afd698	FinalDf	0x00afd418	0x00afd420	005daf2d	005da342	FUN_005da342	mov_reg_imm32	0.95
0x00aff0cc	AliasAnalyzer	0x00afef5c	0x00afef64	005e81ab	005e7ea4	FUN_005e7ea4	mov_reg_imm32	0.95
0x00aff0cc	AliasAnalyzer	0x00afef5c	0x00afef64	005e8366	005e7ea4	FUN_005e7ea4	mov_reg_imm32	0.95
0x00afd5b8	InterblockDf	0x00afd2c0	0x00afd2c8	005eaa57	005eaa4a	FUN_005eaa4a	mov_reg_imm32	0.95
0x00aff16c	ValueNeededDf	0x00aff004	0x00aff00c	005eaa66	005eaa4a	FUN_005eaa4a	mov_reg_imm32	0.95
0x00ace1d0	objectdata	0x00acdd90	0x00acdd98	005edbf0	005edb5b	FUN_005edb5b	mov_reg_imm32	0.95
0x00ace1e0	objectdata_twoop	0x00acdda8	0x00acddb0	005edbfc	005edb5b	FUN_005edb5b	mov_reg_imm32	0.95
0x00ace1d0	objectdata	0x00acdd90	0x00acdd98	005ef8b1	005ef811	FUN_005ef811	mov_reg_imm32	0.95
0x00ace1e0	objectdata_twoop	0x00acdda8	0x00acddb0	005ef8bd	005ef811	FUN_005ef811	mov_reg_imm32	0.95
0x00aff0cc	AliasAnalyzer	0x00afef5c	0x00afef64	005f4468	005f4329	FUN_005f4329	mov_reg_imm32	0.95
0x00aff0dc	TimeAccurateAliasAnalyzer	0x00afef74	0x00afef7c	005f4620	005f4329	FUN_005f4329	mov_reg_imm32	0.95
0x00ace1d0	objectdata	0x00acdd90	0x00acdd98	005f53e1	005f5370	FUN_005f5370	mov_reg_imm32	0.95
0x00ace3b0	objectdata_block	0x00ace060	0x00ace068	005f53f3	005f5370	FUN_005f5370	mov_reg_imm32	0.95
0x00aff0cc	AliasAnalyzer	0x00afef5c	0x00afef64	005f6f2e	005f6efe	FUN_005f6efe	mov_reg_imm32	0.95
0x00aff0cc	AliasAnalyzer	0x00afef5c	0x00afef64	005f70e9	005f6efe	FUN_005f6efe	mov_reg_imm32	0.95
0x00afd5b8	InterblockDf	0x00afd2c0	0x00afd2c8	005f728f	005f6efe	FUN_005f6efe	mov_reg_imm32	0.95
0x00aff19c	FCEReachingWriteDf	0x00aff04c	0x00aff054	005f72a4	005f6efe	FUN_005f6efe	mov_reg_imm32	0.95
0x00aff0cc	AliasAnalyzer	0x00afef5c	0x00afef64	005f8146	005f7add	FUN_005f7add	mov_reg_imm32	0.95
0x00aff0cc	AliasAnalyzer	0x00afef5c	0x00afef64	005f8fc6	005f8f9f	FUN_005f8f9f	mov_reg_imm32	0.95
0x00aff0cc	AliasAnalyzer	0x00afef5c	0x00afef64	005f9181	005f8f9f	FUN_005f8f9f	mov_reg_imm32	0.95
0x00aff0cc	AliasAnalyzer	0x00afef5c	0x00afef64	005fb4a9	005faf93	FUN_005faf93	mov_reg_imm32	0.95
0x00afd5b8	InterblockDf	0x00afd2c0	0x00afd2c8	005fc833	005fc5a6	FUN_005fc5a6	mov_reg_imm32	0.95
0x00aff1ec	CopyPropDf	0x00aff0a4	0x00aff0ac	005fc848	005fc5a6	FUN_005fc5a6	mov_reg_imm32	0.95
0x00aff0cc	AliasAnalyzer	0x00afef5c	0x00afef64	005fc870	005fc5a6	FUN_005fc5a6	mov_reg_imm32	0.95
0x00aff0dc	TimeAccurateAliasAnalyzer	0x00afef74	0x00afef7c	005fca0d	005fc5a6	FUN_005fc5a6	mov_reg_imm32	0.95
0x00afd5b8	InterblockDf	0x00afd2c0	0x00afd2c8	005fd661	005fce8b	FUN_005fce8b	mov_reg_imm32	0.95
0x00afd738	HoistAvailDf	0x00afd4f8	0x00afd500	005fd675	005fce8b	FUN_005fce8b	mov_reg_imm32	0.95
0x00afd5b8	InterblockDf	0x00afd2c0	0x00afd2c8	005fd67f	005fce8b	FUN_005fce8b	mov_reg_imm32	0.95
0x00afd748	HoistHelpfulDf	0x00afd510	0x00afd518	005fd693	005fce8b	FUN_005fce8b	mov_reg_imm32	0.95
0x00afd5b8	InterblockDf	0x00afd2c0	0x00afd2c8	005fd69d	005fce8b	FUN_005fce8b	mov_reg_imm32	0.95
0x00afd758	HoistRedundantDf	0x00afd528	0x00afd530	005fd6b1	005fce8b	FUN_005fce8b	mov_reg_imm32	0.95
0x00afd5b8	InterblockDf	0x00afd2c0	0x00afd2c8	005fd6bb	005fce8b	FUN_005fce8b	mov_reg_imm32	0.95
0x00afd768	HoistFinalDf	0x00afd540	0x00afd548	005fd6cf	005fce8b	FUN_005fce8b	mov_reg_imm32	0.95
0x00afd5b8	InterblockDf	0x00afd2c0	0x00afd2c8	005fd6e0	005fce8b	FUN_005fce8b	mov_reg_imm32	0.95
0x00afd778	HoistDelayDf	0x00afd558	0x00afd560	005fd6f4	005fce8b	FUN_005fce8b	mov_reg_imm32	0.95
0x00afd5b8	InterblockDf	0x00afd2c0	0x00afd2c8	005fd6fe	005fce8b	FUN_005fce8b	mov_reg_imm32	0.95
0x00afd788	HoistFinal2Df	0x00afd570	0x00afd578	005fd712	005fce8b	FUN_005fce8b	mov_reg_imm32	0.95
0x00afd5b8	InterblockDf	0x00afd2c0	0x00afd2c8	005fd71c	005fce8b	FUN_005fce8b	mov_reg_imm32	0.95
0x00afd798	HoistUsableDf	0x00afd588	0x00afd590	005fd730	005fce8b	FUN_005fce8b	mov_reg_imm32	0.95
0x00afd5b8	InterblockDf	0x00afd2c0	0x00afd2c8	005fd73a	005fce8b	FUN_005fce8b	mov_reg_imm32	0.95
0x00afd7a8	HoistFinal3Df	0x00afd5a0	0x00afd5a8	005fd74e	005fce8b	FUN_005fce8b	mov_reg_imm32	0.95
0x00ace1d0	objectdata	0x00acdd90	0x00acdd98	00613be5	006137ae	FUN_006137ae	mov_reg_imm32	0.95
0x00ace1e0	objectdata_twoop	0x00acdda8	0x00acddb0	00613ca0	006137ae	FUN_006137ae	mov_reg_imm32	0.95
0x00ace1d0	objectdata	0x00acdd90	0x00acdd98	00613d29	006137ae	FUN_006137ae	mov_reg_imm32	0.95
0x00ace1e0	objectdata_twoop	0x00acdda8	0x00acddb0	00613de4	006137ae	FUN_006137ae	mov_reg_imm32	0.95
0x00aff4ec	Checker	0x00aff810	0x00aff818	00619673	00618c72	FUN_00618c72	mov_reg_imm32	0.95
0x00b01690	CheckerIntState	0x00b00d2c	0x00b00d34	006196b6	00618c72	FUN_00618c72	mov_reg_imm32	0.95
0x00aff52c	CheckerIntStateAll	0x00aff970	0x00aff978	006196c8	00618c72	FUN_00618c72	mov_reg_imm32	0.95
0x00b01790	NoReturnChecker	0x00b0132c	0x00b01334	006196d3	00618c72	FUN_00618c72	mov_reg_imm32	0.95
0x00aff0cc	AliasAnalyzer	0x00afef5c	0x00afef64	0061b066	0061b062	FUN_0061b062	mov_reg_imm32	0.95
0x00aff4ac	InterblockDf	0x00aff434	0x00aff43c	0061b257	0061b062	FUN_0061b062	mov_reg_imm32	0.95
0x00b01680	CheckerFlow	0x00b00d14	0x00b00d1c	0061b26b	0061b062	FUN_0061b062	mov_reg_imm32	0.95
0x00aff4ec	Checker	0x00aff810	0x00aff818	0061b275	0061b062	FUN_0061b062	mov_reg_imm32	0.95
0x00aff50c	CheckerLValue	0x00aff8c0	0x00aff8c8	0061b2b5	0061b062	FUN_0061b062	mov_reg_imm32	0.95
0x00b016a0	ConstChecker	0x00b00d94	0x00b00d9c	0061b2bf	0061b062	FUN_0061b062	mov_reg_imm32	0.95
0x00aff4ec	Checker	0x00aff810	0x00aff818	0061b2c9	0061b062	FUN_0061b062	mov_reg_imm32	0.95
0x00aff50c	CheckerLValue	0x00aff8c0	0x00aff8c8	0061b309	0061b062	FUN_0061b062	mov_reg_imm32	0.95
0x00b016b0	EquivChecker	0x00b00ddc	0x00b00de4	0061b313	0061b062	FUN_0061b062	mov_reg_imm32	0.95
0x00aff4ec	Checker	0x00aff810	0x00aff818	0061b390	0061b062	FUN_0061b062	mov_reg_imm32	0.95
0x00aff50c	CheckerLValue	0x00aff8c0	0x00aff8c8	0061b3d0	0061b062	FUN_0061b062	mov_reg_imm32	0.95
0x00b016c0	UninitMemChecker	0x00b00e24	0x00b00e2c	0061b3da	0061b062	FUN_0061b062	mov_reg_imm32	0.95
0x00aff4ec	Checker	0x00aff810	0x00aff818	0061b3e4	0061b062	FUN_0061b062	mov_reg_imm32	0.95
0x00aff50c	CheckerLValue	0x00aff8c0	0x00aff8c8	0061b424	0061b062	FUN_0061b062	mov_reg_imm32	0.95
0x00b016d0	RangeChecker	0x00b00e6c	0x00b00e74	0061b42e	0061b062	FUN_0061b062	mov_reg_imm32	0.95
0x00aff4ec	Checker	0x00aff810	0x00aff818	0061b438	0061b062	FUN_0061b062	mov_reg_imm32	0.95
0x00b01690	CheckerIntState	0x00b00d2c	0x00b00d34	0061b478	0061b062	FUN_0061b062	mov_reg_imm32	0.95
0x00aff51c	CheckerIntStateSafevar	0x00aff908	0x00aff910	0061b489	0061b062	FUN_0061b062	mov_reg_imm32	0.95
0x00b016e0	MemLeakChecker	0x00b00eb4	0x00b00ebc	0061b493	0061b062	FUN_0061b062	mov_reg_imm32	0.95
0x00aff4ec	Checker	0x00aff810	0x00aff818	0061b49d	0061b062	FUN_0061b062	mov_reg_imm32	0.95
0x00b01690	CheckerIntState	0x00b00d2c	0x00b00d34	0061b4dd	0061b062	FUN_0061b062	mov_reg_imm32	0.95
0x00aff51c	CheckerIntStateSafevar	0x00aff908	0x00aff910	0061b4ee	0061b062	FUN_0061b062	mov_reg_imm32	0.95
0x00b016f0	MemLeakCheckerBackwards	0x00b00f1c	0x00b00f24	0061b4f8	0061b062	FUN_0061b062	mov_reg_imm32	0.95
0x00aff4ec	Checker	0x00aff810	0x00aff818	0061b502	0061b062	FUN_0061b062	mov_reg_imm32	0.95
0x00b01690	CheckerIntState	0x00b00d2c	0x00b00d34	0061b542	0061b062	FUN_0061b062	mov_reg_imm32	0.95
0x00aff4fc	CheckerIntStateLValue	0x00aff858	0x00aff860	0061b553	0061b062	FUN_0061b062	mov_reg_imm32	0.95
0x00b01700	NULLCheckChecker	0x00b00f84	0x00b00f8c	0061b55d	0061b062	FUN_0061b062	mov_reg_imm32	0.95
0x00aff4ec	Checker	0x00aff810	0x00aff818	0061b567	0061b062	FUN_0061b062	mov_reg_imm32	0.95
0x00b01690	CheckerIntState	0x00b00d2c	0x00b00d34	0061b5a7	0061b062	FUN_0061b062	mov_reg_imm32	0.95
0x00aff4fc	CheckerIntStateLValue	0x00aff858	0x00aff860	0061b5b8	0061b062	FUN_0061b062	mov_reg_imm32	0.95
0x00b01710	NULLCheckCheckerBackwards	0x00b00fec	0x00b00ff4	0061b5c2	0061b062	FUN_0061b062	mov_reg_imm32	0.95
0x00aff4ec	Checker	0x00aff810	0x00aff818	0061b5cc	0061b062	FUN_0061b062	mov_reg_imm32	0.95
0x00b01690	CheckerIntState	0x00b00d2c	0x00b00d34	0061b60c	0061b062	FUN_0061b062	mov_reg_imm32	0.95
0x00aff52c	CheckerIntStateAll	0x00aff970	0x00aff978	0061b61d	0061b062	FUN_0061b062	mov_reg_imm32	0.95
0x00b01720	FreeChecker	0x00b01054	0x00b0105c	0061b627	0061b062	FUN_0061b062	mov_reg_imm32	0.95
0x00aff4ec	Checker	0x00aff810	0x00aff818	0061b631	0061b062	FUN_0061b062	mov_reg_imm32	0.95
0x00b01690	CheckerIntState	0x00b00d2c	0x00b00d34	0061b671	0061b062	FUN_0061b062	mov_reg_imm32	0.95
0x00aff52c	CheckerIntStateAll	0x00aff970	0x00aff978	0061b682	0061b062	FUN_0061b062	mov_reg_imm32	0.95
0x00b01730	FreeCheckerBackwards	0x00b010bc	0x00b010c4	0061b68c	0061b062	FUN_0061b062	mov_reg_imm32	0.95
0x00aff4ec	Checker	0x00aff810	0x00aff818	0061b696	0061b062	FUN_0061b062	mov_reg_imm32	0.95
0x00b01690	CheckerIntState	0x00b00d2c	0x00b00d34	0061b6d6	0061b062	FUN_0061b062	mov_reg_imm32	0.95
0x00aff4fc	CheckerIntStateLValue	0x00aff858	0x00aff860	0061b6e7	0061b062	FUN_0061b062	mov_reg_imm32	0.95
0x00b01740	DerefNULLChecker	0x00b01124	0x00b0112c	0061b6f1	0061b062	FUN_0061b062	mov_reg_imm32	0.95
0x00aff4ec	Checker	0x00aff810	0x00aff818	0061b6fb	0061b062	FUN_0061b062	mov_reg_imm32	0.95
0x00b01690	CheckerIntState	0x00b00d2c	0x00b00d34	0061b73b	0061b062	FUN_0061b062	mov_reg_imm32	0.95
0x00aff4fc	CheckerIntStateLValue	0x00aff858	0x00aff860	0061b74c	0061b062	FUN_0061b062	mov_reg_imm32	0.95
0x00b01750	LocalScopeChecker	0x00b0118c	0x00b01194	0061b756	0061b062	FUN_0061b062	mov_reg_imm32	0.95
0x00aff4ec	Checker	0x00aff810	0x00aff818	0061b760	0061b062	FUN_0061b062	mov_reg_imm32	0.95
0x00b01690	CheckerIntState	0x00b00d2c	0x00b00d34	0061b7a0	0061b062	FUN_0061b062	mov_reg_imm32	0.95
0x00aff4fc	CheckerIntStateLValue	0x00aff858	0x00aff860	0061b7b1	0061b062	FUN_0061b062	mov_reg_imm32	0.95
0x00b01760	ReadOnlyWriteChecker	0x00b011f4	0x00b011fc	0061b7bb	0061b062	FUN_0061b062	mov_reg_imm32	0.95
0x00aff4ec	Checker	0x00aff810	0x00aff818	0061b7c5	0061b062	FUN_0061b062	mov_reg_imm32	0.95
0x00b01690	CheckerIntState	0x00b00d2c	0x00b00d34	0061b805	0061b062	FUN_0061b062	mov_reg_imm32	0.95
0x00aff4fc	CheckerIntStateLValue	0x00aff858	0x00aff860	0061b816	0061b062	FUN_0061b062	mov_reg_imm32	0.95
0x00b01770	NewSingleChecker	0x00b0125c	0x00b01264	0061b820	0061b062	FUN_0061b062	mov_reg_imm32	0.95
0x00aff4ec	Checker	0x00aff810	0x00aff818	0061b82a	0061b062	FUN_0061b062	mov_reg_imm32	0.95
0x00b01690	CheckerIntState	0x00b00d2c	0x00b00d34	0061b86a	0061b062	FUN_0061b062	mov_reg_imm32	0.95
0x00aff4fc	CheckerIntStateLValue	0x00aff858	0x00aff860	0061b87b	0061b062	FUN_0061b062	mov_reg_imm32	0.95
0x00b01780	NewArrayChecker	0x00b012c4	0x00b012cc	0061b885	0061b062	FUN_0061b062	mov_reg_imm32	0.95
0x00aff4ec	Checker	0x00aff810	0x00aff818	0061b88f	0061b062	FUN_0061b062	mov_reg_imm32	0.95
0x00b01690	CheckerIntState	0x00b00d2c	0x00b00d34	0061b8cf	0061b062	FUN_0061b062	mov_reg_imm32	0.95
0x00aff51c	CheckerIntStateSafevar	0x00aff908	0x00aff910	0061b8e0	0061b062	FUN_0061b062	mov_reg_imm32	0.95
0x00b017a0	UnreadChecker	0x00b01394	0x00b0139c	0061b8ea	0061b062	FUN_0061b062	mov_reg_imm32	0.95
0x00aff4ec	Checker	0x00aff810	0x00aff818	0061b8f4	0061b062	FUN_0061b062	mov_reg_imm32	0.95
0x00b01690	CheckerIntState	0x00b00d2c	0x00b00d34	0061b934	0061b062	FUN_0061b062	mov_reg_imm32	0.95
0x00aff51c	CheckerIntStateSafevar	0x00aff908	0x00aff910	0061b945	0061b062	FUN_0061b062	mov_reg_imm32	0.95
0x00b017b0	UnreadCheckerBackwards	0x00b013fc	0x00b01404	0061b94f	0061b062	FUN_0061b062	mov_reg_imm32	0.95
0x00aff4ec	Checker	0x00aff810	0x00aff818	0061b959	0061b062	FUN_0061b062	mov_reg_imm32	0.95
0x00b01690	CheckerIntState	0x00b00d2c	0x00b00d34	0061b999	0061b062	FUN_0061b062	mov_reg_imm32	0.95
0x00aff4fc	CheckerIntStateLValue	0x00aff858	0x00aff860	0061b9aa	0061b062	FUN_0061b062	mov_reg_imm32	0.95
0x00b017c0	NULLCheckDerefChecker	0x00b01464	0x00b0146c	0061b9b4	0061b062	FUN_0061b062	mov_reg_imm32	0.95
0x00aff4ec	Checker	0x00aff810	0x00aff818	0061b9be	0061b062	FUN_0061b062	mov_reg_imm32	0.95
0x00b01690	CheckerIntState	0x00b00d2c	0x00b00d34	0061b9fe	0061b062	FUN_0061b062	mov_reg_imm32	0.95
0x00aff51c	CheckerIntStateSafevar	0x00aff908	0x00aff910	0061ba0f	0061b062	FUN_0061b062	mov_reg_imm32	0.95
0x00b017d0	UninitReadChecker	0x00b014cc	0x00b014d4	0061ba19	0061b062	FUN_0061b062	mov_reg_imm32	0.95
0x00aff4ec	Checker	0x00aff810	0x00aff818	0061ba23	0061b062	FUN_0061b062	mov_reg_imm32	0.95
0x00b01690	CheckerIntState	0x00b00d2c	0x00b00d34	0061ba63	0061b062	FUN_0061b062	mov_reg_imm32	0.95
0x00aff51c	CheckerIntStateSafevar	0x00aff908	0x00aff910	0061ba74	0061b062	FUN_0061b062	mov_reg_imm32	0.95
0x00b017e0	UninitReadCheckerBackwards	0x00b01534	0x00b0153c	0061ba7e	0061b062	FUN_0061b062	mov_reg_imm32	0.95
0x00aff4ec	Checker	0x00aff810	0x00aff818	0061ba88	0061b062	FUN_0061b062	mov_reg_imm32	0.95
0x00b01690	CheckerIntState	0x00b00d2c	0x00b00d34	0061bac8	0061b062	FUN_0061b062	mov_reg_imm32	0.95
0x00aff52c	CheckerIntStateAll	0x00aff970	0x00aff978	0061bad9	0061b062	FUN_0061b062	mov_reg_imm32	0.95
0x00b017f0	NoFlowChecker	0x00b0159c	0x00b015a4	0061bae3	0061b062	FUN_0061b062	mov_reg_imm32	0.95
0x00aff4ec	Checker	0x00aff810	0x00aff818	0061baed	0061b062	FUN_0061b062	mov_reg_imm32	0.95
0x00b01690	CheckerIntState	0x00b00d2c	0x00b00d34	0061bb2d	0061b062	FUN_0061b062	mov_reg_imm32	0.95
0x00aff52c	CheckerIntStateAll	0x00aff970	0x00aff978	0061bb3e	0061b062	FUN_0061b062	mov_reg_imm32	0.95
0x00b01800	StrictUninitChecker	0x00b01604	0x00b0160c	0061bb48	0061b062	FUN_0061b062	mov_reg_imm32	0.95
0x00b01e58	peep_transformer	0x00b01cc8	0x00b01cd0	0061e686	0061e640	FUN_0061e640	mov_reg_imm32	0.95
0x00b01e68	pt_condcodes	0x00b01d18	0x00b01d20	0061e68e	0061e640	FUN_0061e640	mov_reg_imm32	0.95
0x00b01e58	peep_transformer	0x00b01cc8	0x00b01cd0	0061e6f2	0061e640	FUN_0061e640	mov_reg_imm32	0.95
0x00b01e78	pt_dead	0x00b01d68	0x00b01d70	0061e6fa	0061e640	FUN_0061e640	mov_reg_imm32	0.95
0x00b01e58	peep_transformer	0x00b01cc8	0x00b01cd0	0061e784	0061e640	FUN_0061e640	mov_reg_imm32	0.95
0x00b01e88	pt_alias	0x00b01db8	0x00b01dc0	0061e78c	0061e640	FUN_0061e640	mov_reg_imm32	0.95
0x00b01e58	peep_transformer	0x00b01cc8	0x00b01cd0	0061e7e1	0061e640	FUN_0061e640	mov_reg_imm32	0.95
0x00b01e98	pt_const	0x00b01e08	0x00b01e10	0061e7e9	0061e640	FUN_0061e640	mov_reg_imm32	0.95
0x00b020a0	nonstandard_type_handler	0x00b02060	0x00b02068	00620d48	00620d20	FUN_00620d20	mov_reg_imm32	0.95
0x00b020b0	bytereverser	0x00b02080	0x00b02088	00620d58	00620d20	FUN_00620d20	mov_reg_imm32	0.95
0x00b05b34	vn_advisor_consol	0x00b05934	0x00b0593c	0066a3b0	0066a370	FUN_0066a370	mov_reg_imm32	0.95
0x00b05b44	vn_advisor_consoladd	0x00b05974	0x00b0597c	0066a3b8	0066a370	FUN_0066a370	mov_reg_imm32	0.95
0x00b05b34	vn_advisor_consol	0x00b05934	0x00b0593c	0066a41a	0066a370	FUN_0066a370	mov_reg_imm32	0.95
0x00b05b54	vn_advisor_consolshift	0x00b059b4	0x00b059bc	0066a422	0066a370	FUN_0066a370	mov_reg_imm32	0.95
0x00b06c6c	std::exception	0x00b06b2c	0x00b06b34	00695ab0	00695a74	FUN_00695a74	mov_reg_imm32	0.95
0x00b06c7c	std::bad_alloc	0x00b06b4c	0x00b06b54	00695ac0	00695a74	FUN_00695a74	mov_reg_imm32	0.95
0x00b06c6c	std::exception	0x00b06b2c	0x00b06b34	0069622c	0069619b	FUN_0069619b	mov_reg_imm32	0.95
0x00b06c8c	std::logic_error	0x00b06b6c	0x00b06b74	00696237	0069619b	FUN_0069619b	mov_reg_imm32	0.95
0x00b06c9c	std::out_of_range	0x00b06b8c	0x00b06b94	0069649e	0069619b	FUN_0069619b	mov_reg_imm32	0.95
0x00b06c2c	MachopVisitor	0x00b06bbc	0x00b06bc4	006ac35e	006ac354	FUN_006ac354	mov_reg_imm32	0.95
0x00b06c5c	Split64TestVisitor	0x00b06bfc	0x00b06c04	006ac366	006ac354	FUN_006ac354	mov_reg_imm32	0.95
0x00b06c2c	MachopVisitor	0x00b06bbc	0x00b06bc4	006ac6af	006ac5cd	FUN_006ac5cd	mov_reg_imm32	0.95
0x00b07ef0	Split64DoVisitor	0x00b07e3c	0x00b07e44	006ac6b7	006ac5cd	FUN_006ac5cd	mov_reg_imm32	0.95
0x00b06c6c	std::exception	0x00b06b2c	0x00b06b34	006c61dc	006c6104	FUN_006c6104	mov_reg_imm32	0.95
0x00b06c8c	std::logic_error	0x00b06b6c	0x00b06b74	006c61e7	006c6104	FUN_006c6104	mov_reg_imm32	0.95
0x00b06c9c	std::out_of_range	0x00b06b8c	0x00b06b94	006c6450	006c6104	FUN_006c6104	mov_reg_imm32	0.95
0x00b06c6c	std::exception	0x00b06b2c	0x00b06b34	006c6545	006c6104	FUN_006c6104	mov_reg_imm32	0.95
0x00b06c8c	std::logic_error	0x00b06b6c	0x00b06b74	006c6550	006c6104	FUN_006c6104	mov_reg_imm32	0.95
0x00b06c9c	std::out_of_range	0x00b06b8c	0x00b06b94	006c67c3	006c6104	FUN_006c6104	mov_reg_imm32	0.95
0x00b06c6c	std::exception	0x00b06b2c	0x00b06b34	006c6a97	006c6a0b	FUN_006c6a0b	mov_reg_imm32	0.95
0x00b06c8c	std::logic_error	0x00b06b6c	0x00b06b74	006c6aa2	006c6a0b	FUN_006c6a0b	mov_reg_imm32	0.95
0x00b06c9c	std::out_of_range	0x00b06b8c	0x00b06b94	006c6d09	006c6a0b	FUN_006c6a0b	mov_reg_imm32	0.95
0x00b080a0	MachopVisitor	0x00b08040	0x00b08048	006d7820	006d7818	FUN_006d7818	mov_reg_imm32	0.95
0x00b080b0	MachopObjectInvalidator	0x00b08060	0x00b08068	006d7828	006d7818	FUN_006d7818	mov_reg_imm32	0.95
0x00b080a0	MachopVisitor	0x00b08040	0x00b08048	006d7f31	006d7f2a	FUN_006d7f2a	mov_reg_imm32	0.95
0x00b080c0	MachopImmpropClearer	0x00b08080	0x00b08088	006d7f39	006d7f2a	FUN_006d7f2a	mov_reg_imm32	0.95
0x00b09ac8	MachopVisitor	0x00b09a48	0x00b09a50	00700728	007006e7	FUN_007006e7	mov_reg_imm32	0.95
0x00b09ad8	MachopChecker	0x00b09a68	0x00b09a70	00700730	007006e7	FUN_007006e7	mov_reg_imm32	0.95
0x00b09ac8	MachopVisitor	0x00b09a48	0x00b09a50	007013bc	007013b3	FUN_007013b3	mov_reg_imm32	0.95
0x00b09ae8	MachopBitoffsetClearer	0x00b09a88	0x00b09a90	007013c4	007013b3	FUN_007013b3	mov_reg_imm32	0.95
0x00b09ac8	MachopVisitor	0x00b09a48	0x00b09a50	007016da	007016d6	FUN_007016d6	mov_reg_imm32	0.95
0x00b09af8	AddMachopVisitor	0x00b09aa8	0x00b09ab0	007016e4	007016d6	FUN_007016d6	mov_reg_imm32	0.95
0x00b0a500	alloc_table	0x00b0a4d8	0x00b0a4e0	0071df3d	0071df17	FUN_0071df17	mov_reg_imm32	0.95
0x00b0a5c8	alloc_table_hash	0x00b0a550	0x00b0a558	0071df4b	0071df17	FUN_0071df17	mov_reg_imm32	0.95
0x00b0a500	alloc_table	0x00b0a4d8	0x00b0a4e0	0071dfb6	0071df90	FUN_0071df90	mov_reg_imm32	0.95
0x00b0a5d8	alloc_table_btree	0x00b0a578	0x00b0a580	0071dfc4	0071df90	FUN_0071df90	mov_reg_imm32	0.95
0x00b0a5c8	alloc_table_hash	0x00b0a550	0x00b0a558	0071dff0	0071dfdd	FUN_0071dfdd	mov_reg_imm32	0.95
0x00b0a5d8	alloc_table_btree	0x00b0a578	0x00b0a580	0071e0b5	0071e0a4	FUN_0071e0a4	mov_reg_imm32	0.95
0x00b0a500	alloc_table	0x00b0a4d8	0x00b0a4e0	0071e107	0071e0e0	FUN_0071e0e0	mov_reg_imm32	0.95
0x00b0a5e8	alloc_table_bcl	0x00b0a5a0	0x00b0a5a8	0071e115	0071e0e0	FUN_0071e0e0	mov_reg_imm32	0.95
0x00b0a5e8	alloc_table_bcl	0x00b0a5a0	0x00b0a5a8	0071e1b1	0071e19f	FUN_0071e19f	mov_reg_imm32	0.95
0x00b0c0e4	list_scheduler	0x00b0bf40	0x00b0bf48	00736168	00736142	FUN_00736142	mov_reg_imm32	0.95
0x00b0c0f4	resource_model_scheduler	0x00b0bfa0	0x00b0bfa8	00738733	007386ff	FUN_007386ff	mov_reg_imm32	0.95
0x00b0b7b8	ws_interface	0x00b0b828	0x00b0b830	0073a469	0073a363	schedule_pass_3	mov_reg_imm32	0.95
0x00b0c114	ls_window_scheduler	0x00b0c010	0x00b0c018	0073a471	0073a363	schedule_pass_3	mov_reg_imm32	0.95
0x00b0c104	compat_list_scheduler	0x00b0c084	0x00b0c08c	0073a6ae	0073a67d	FUN_0073a67d	mov_reg_imm32	0.95
0x00b0c328	empty	0x00b0c35c	0x00b0c364	00745bdc	00745a76	FUN_00745a76	mov_reg_imm32	0.95
0x00b0d2d4	Exp	0x00b0d134	0x00b0d13c	00748061	00747f96	FUN_00747f96	mov_reg_imm32	0.95
0x00b0c89c	Val	0x00b0c92c	0x00b0c934	00748069	00747f96	FUN_00747f96	mov_reg_imm32	0.95
0x00b0c8bc	Unk	0x00b0cacc	0x00b0cad4	00748071	00747f96	FUN_00747f96	mov_reg_imm32	0.95
0x00b0c8dc	Mem	0x00b0cc7c	0x00b0cc84	00748079	00747f96	FUN_00747f96	mov_reg_imm32	0.95
0x00b0d2d4	Exp	0x00b0d134	0x00b0d13c	00748702	0074857f	FUN_0074857f	mov_reg_imm32	0.95
0x00b0c89c	Val	0x00b0c92c	0x00b0c934	0074870a	0074857f	FUN_0074857f	mov_reg_imm32	0.95
0x00b0c8ac	Num	0x00b0c9fc	0x00b0ca04	00748712	0074857f	FUN_0074857f	mov_reg_imm32	0.95
0x00b0d2d4	Exp	0x00b0d134	0x00b0d13c	007488de	00748805	FUN_00748805	mov_reg_imm32	0.95
0x00b0c8ec	Alu	0x00b0cd54	0x00b0cd5c	007488e6	00748805	FUN_00748805	mov_reg_imm32	0.95
0x00b0c8fc	Bop	0x00b0ce24	0x00b0ce2c	007488ee	00748805	FUN_00748805	mov_reg_imm32	0.95
0x00b0d2e4	Cmm	0x00b0d1fc	0x00b0d204	007488f6	00748805	FUN_00748805	mov_reg_imm32	0.95
0x00b0d2d4	Exp	0x00b0d134	0x00b0d13c	007489e8	00748931	FUN_00748931	mov_reg_imm32	0.95
0x00b0c8ec	Alu	0x00b0cd54	0x00b0cd5c	007489f0	00748931	FUN_00748931	mov_reg_imm32	0.95
0x00b0c8fc	Bop	0x00b0ce24	0x00b0ce2c	007489f8	00748931	FUN_00748931	mov_reg_imm32	0.95
0x00b0d2e4	Cmm	0x00b0d1fc	0x00b0d204	00748a00	00748931	FUN_00748931	mov_reg_imm32	0.95
0x00b0d2d4	Exp	0x00b0d134	0x00b0d13c	00748aa2	00748a3e	FUN_00748a3e	mov_reg_imm32	0.95
0x00b0c8ec	Alu	0x00b0cd54	0x00b0cd5c	00748aaa	00748a3e	FUN_00748a3e	mov_reg_imm32	0.95
0x00b0c8fc	Bop	0x00b0ce24	0x00b0ce2c	00748ab2	00748a3e	FUN_00748a3e	mov_reg_imm32	0.95
0x00b0c90c	Ncm	0x00b0cefc	0x00b0cf04	00748aba	00748a3e	FUN_00748a3e	mov_reg_imm32	0.95
0x00b0d2d4	Exp	0x00b0d134	0x00b0d13c	00748b54	00748af0	FUN_00748af0	mov_reg_imm32	0.95
0x00b0c8ec	Alu	0x00b0cd54	0x00b0cd5c	00748b5c	00748af0	FUN_00748af0	mov_reg_imm32	0.95
0x00b0c91c	Uop	0x00b0cfd4	0x00b0cfdc	00748b64	00748af0	FUN_00748af0	mov_reg_imm32	0.95
0x00b0d2d4	Exp	0x00b0d134	0x00b0d13c	00748bf7	00748b94	FUN_00748b94	mov_reg_imm32	0.95
0x00b0c89c	Val	0x00b0c92c	0x00b0c934	00748bff	00748b94	FUN_00748b94	mov_reg_imm32	0.95
0x00b0c8bc	Unk	0x00b0cacc	0x00b0cad4	00748c07	00748b94	FUN_00748b94	mov_reg_imm32	0.95
0x00b0c8cc	Bot	0x00b0cba4	0x00b0cbac	00748c0f	00748b94	FUN_00748b94	mov_reg_imm32	0.95
0x00b0d2d4	Exp	0x00b0d134	0x00b0d13c	00749660	0074959c	FUN_0074959c	mov_reg_imm32	0.95
0x00b0c89c	Val	0x00b0c92c	0x00b0c934	00749668	0074959c	FUN_0074959c	mov_reg_imm32	0.95
0x00b0c8ac	Num	0x00b0c9fc	0x00b0ca04	00749670	0074959c	FUN_0074959c	mov_reg_imm32	0.95
0x00b0d3b8	obj_iter	0x00b0d578	0x00b0d580	0074a0b2	0074a060	FUN_0074a060	mov_reg_imm32	0.95
0x00b0d3c8	singleton_iter	0x00b0d328	0x00b0d330	0074a0b9	0074a060	FUN_0074a060	mov_reg_imm32	0.95
0x00b0d3b8	obj_iter	0x00b0d578	0x00b0d580	0074a138	0074a060	FUN_0074a060	mov_reg_imm32	0.95
0x00b0d3c8	singleton_iter	0x00b0d328	0x00b0d330	0074a13f	0074a060	FUN_0074a060	mov_reg_imm32	0.95
0x00b0d3b8	obj_iter	0x00b0d578	0x00b0d580	0074a1a6	0074a154	FUN_0074a154	mov_reg_imm32	0.95
0x00b0d3f8	objectlist_iter	0x00b0d348	0x00b0d350	0074a1ad	0074a154	FUN_0074a154	mov_reg_imm32	0.95
0x00b0d3b8	obj_iter	0x00b0d578	0x00b0d580	0074a22c	0074a154	FUN_0074a154	mov_reg_imm32	0.95
0x00b0d3f8	objectlist_iter	0x00b0d348	0x00b0d350	0074a233	0074a154	FUN_0074a154	mov_reg_imm32	0.95
0x00b0d3e8	var_disjointsets	0x00b0d368	0x00b0d370	0074a90f	0074a8cd	FUN_0074a8cd	mov_reg_imm32	0.95
0x00b0d428	var_disjointsets_impl	0x00b0d390	0x00b0d398	0074a916	0074a8cd	FUN_0074a8cd	mov_reg_imm32	0.95
0x00b0d3d8	var_multimap	0x00b0d4c8	0x00b0d4d0	0074a986	0074a948	FUN_0074a948	mov_reg_imm32	0.95
0x00b0d408	var_multimap_impl	0x00b0d520	0x00b0d528	0074a98d	0074a948	FUN_0074a948	mov_reg_imm32	0.95
0x00b0d3b8	obj_iter	0x00b0d578	0x00b0d580	0074ab92	0074ab40	FUN_0074ab40	mov_reg_imm32	0.95
0x00b0d418	var_map<objectlist>::var_map_iter	0x00b0d598	0x00b0d5a0	0074ab99	0074ab40	FUN_0074ab40	mov_reg_imm32	0.95
0x00b0d3b8	obj_iter	0x00b0d578	0x00b0d580	0074ac18	0074ab40	FUN_0074ab40	mov_reg_imm32	0.95
0x00b0d418	var_map<objectlist>::var_map_iter	0x00b0d598	0x00b0d5a0	0074ac1f	0074ab40	FUN_0074ab40	mov_reg_imm32	0.95
0x00b0d680	obj_iter	0x00b0d640	0x00b0d648	0074af02	0074aeb0	FUN_0074aeb0	mov_reg_imm32	0.95
0x00b0d8b8	objpairlist_searchiter	0x00b0d898	0x00b0d8a0	0074af09	0074aeb0	FUN_0074aeb0	mov_reg_imm32	0.95
0x00b0d680	obj_iter	0x00b0d640	0x00b0d648	0074af88	0074aeb0	FUN_0074aeb0	mov_reg_imm32	0.95
0x00b0d8b8	objpairlist_searchiter	0x00b0d898	0x00b0d8a0	0074af8f	0074aeb0	FUN_0074aeb0	mov_reg_imm32	0.95
0x00b0d908	InterblockDf	0x00b0d8f0	0x00b0d8f8	007723b0	0077233a	FUN_0077233a	mov_reg_imm32	0.95
0x00b0e83c	IndDataFlow	0x00b0e624	0x00b0e62c	007723c4	0077233a	FUN_0077233a	mov_reg_imm32	0.95
0x00b0e84c	RBFwdDataFlow	0x00b0e6a4	0x00b0e6ac	007723e3	0077233a	FUN_0077233a	mov_reg_imm32	0.95
0x00b0d908	InterblockDf	0x00b0d8f0	0x00b0d8f8	007724b2	0077233a	FUN_0077233a	mov_reg_imm32	0.95
0x00b0e83c	IndDataFlow	0x00b0e624	0x00b0e62c	007724c6	0077233a	FUN_0077233a	mov_reg_imm32	0.95
0x00b0e85c	RBBkwdDataFlow	0x00b0e724	0x00b0e72c	007724e5	0077233a	FUN_0077233a	mov_reg_imm32	0.95
0x00b0d908	InterblockDf	0x00b0d8f0	0x00b0d8f8	007724f6	0077233a	FUN_0077233a	mov_reg_imm32	0.95
0x00b0e83c	IndDataFlow	0x00b0e624	0x00b0e62c	0077250a	0077233a	FUN_0077233a	mov_reg_imm32	0.95
0x00b0e86c	RegReNameBkwdDataFlow	0x00b0e7a4	0x00b0e7ac	00772529	0077233a	FUN_0077233a	mov_reg_imm32	0.95
0x00b0e91c	InterblockDf	0x00b0e8d4	0x00b0e8dc	00779dbc	00779d93	FUN_00779d93	mov_reg_imm32	0.95
0x00b0e83c	IndDataFlow	0x00b0e624	0x00b0e62c	00779dcb	00779d93	FUN_00779d93	mov_reg_imm32	0.95
0x00b0ed44	VNFwdDataFlow	0x00b0ecb0	0x00b0ecb8	00779ddf	00779d93	FUN_00779d93	mov_reg_imm32	0.95
0x00b0edf0	ScavengingFixup	0x00b0ed90	0x00b0ed98	00781c7f	00781c4e	FUN_00781c4e	mov_reg_imm32	0.95
0x00b0f1ec	std::exception	0x00b0f16c	0x00b0f174	007859bc	00785980	FUN_00785980	mov_reg_imm32	0.95
0x00b0f1fc	std::bad_alloc	0x00b0f18c	0x00b0f194	007859cc	00785980	FUN_00785980	mov_reg_imm32	0.95
0x00b0f1ec	std::exception	0x00b0f16c	0x00b0f174	00785a37	007859fb	FUN_007859fb	mov_reg_imm32	0.95
0x00b0f1fc	std::bad_alloc	0x00b0f18c	0x00b0f194	00785a47	007859fb	FUN_007859fb	mov_reg_imm32	0.95
0x00b0f1ec	std::exception	0x00b0f16c	0x00b0f174	00786191	00786132	FUN_00786132	mov_reg_imm32	0.95
0x00b0f20c	std::logic_error	0x00b0f1ac	0x00b0f1b4	0078619c	00786132	FUN_00786132	mov_reg_imm32	0.95
0x00b0f21c	std::length_error	0x00b0f1cc	0x00b0f1d4	00786403	00786132	FUN_00786132	mov_reg_imm32	0.95
0x00b0f5dc	std::exception	0x00b0f53c	0x00b0f544	007878ac	00787870	FUN_00787870	mov_reg_imm32	0.95
0x00b0f5ec	std::bad_alloc	0x00b0f55c	0x00b0f564	007878bc	00787870	FUN_00787870	mov_reg_imm32	0.95
0x00b0f5dc	std::exception	0x00b0f53c	0x00b0f544	0078792c	007878f0	FUN_007878f0	mov_reg_imm32	0.95
0x00b0f5ec	std::bad_alloc	0x00b0f55c	0x00b0f564	0078793c	007878f0	FUN_007878f0	mov_reg_imm32	0.95
0x00b0f5dc	std::exception	0x00b0f53c	0x00b0f544	007879ac	00787970	FUN_00787970	mov_reg_imm32	0.95
0x00b0f5ec	std::bad_alloc	0x00b0f55c	0x00b0f564	007879bc	00787970	FUN_00787970	mov_reg_imm32	0.95
0x00b0f5dc	std::exception	0x00b0f53c	0x00b0f544	00787a37	007879fb	FUN_007879fb	mov_reg_imm32	0.95
0x00b0f5ec	std::bad_alloc	0x00b0f55c	0x00b0f564	00787a47	007879fb	FUN_007879fb	mov_reg_imm32	0.95
0x00b0f5dc	std::exception	0x00b0f53c	0x00b0f544	00787ab7	00787a7b	FUN_00787a7b	mov_reg_imm32	0.95
0x00b0f5ec	std::bad_alloc	0x00b0f55c	0x00b0f564	00787ac7	00787a7b	FUN_00787a7b	mov_reg_imm32	0.95
0x00b0f5dc	std::exception	0x00b0f53c	0x00b0f544	00787b32	00787af6	FUN_00787af6	mov_reg_imm32	0.95
0x00b0f5ec	std::bad_alloc	0x00b0f55c	0x00b0f564	00787b42	00787af6	FUN_00787af6	mov_reg_imm32	0.95
0x00b0f5dc	std::exception	0x00b0f53c	0x00b0f544	00787bbd	00787b81	FUN_00787b81	mov_reg_imm32	0.95
0x00b0f5ec	std::bad_alloc	0x00b0f55c	0x00b0f564	00787bcd	00787b81	FUN_00787b81	mov_reg_imm32	0.95
0x00b0f5dc	std::exception	0x00b0f53c	0x00b0f544	00788472	007883f1	FUN_007883f1	mov_reg_imm32	0.95
0x00b0f5fc	std::logic_error	0x00b0f57c	0x00b0f584	0078847d	007883f1	FUN_007883f1	mov_reg_imm32	0.95
0x00b0f60c	std::length_error	0x00b0f59c	0x00b0f5a4	007886e4	007883f1	FUN_007883f1	mov_reg_imm32	0.95
0x00b0f5dc	std::exception	0x00b0f53c	0x00b0f544	007887f5	00788774	FUN_00788774	mov_reg_imm32	0.95
0x00b0f5fc	std::logic_error	0x00b0f57c	0x00b0f584	00788800	00788774	FUN_00788774	mov_reg_imm32	0.95
0x00b0f60c	std::length_error	0x00b0f59c	0x00b0f5a4	00788a67	00788774	FUN_00788774	mov_reg_imm32	0.95
0x00b0f5dc	std::exception	0x00b0f53c	0x00b0f544	00788b78	00788af7	FUN_00788af7	mov_reg_imm32	0.95
0x00b0f5fc	std::logic_error	0x00b0f57c	0x00b0f584	00788b83	00788af7	FUN_00788af7	mov_reg_imm32	0.95
0x00b0f60c	std::length_error	0x00b0f59c	0x00b0f5a4	00788dea	00788af7	FUN_00788af7	mov_reg_imm32	0.95
0x00b0f5dc	std::exception	0x00b0f53c	0x00b0f544	00788f2a	00788e7a	FUN_00788e7a	mov_reg_imm32	0.95
0x00b0f5fc	std::logic_error	0x00b0f57c	0x00b0f584	00788f35	00788e7a	FUN_00788e7a	mov_reg_imm32	0.95
0x00b0f60c	std::length_error	0x00b0f59c	0x00b0f5a4	0078919c	00788e7a	FUN_00788e7a	mov_reg_imm32	0.95
0x00b0f5dc	std::exception	0x00b0f53c	0x00b0f544	00789555	007894a5	FUN_007894a5	mov_reg_imm32	0.95
0x00b0f5fc	std::logic_error	0x00b0f57c	0x00b0f584	00789560	007894a5	FUN_007894a5	mov_reg_imm32	0.95
0x00b0f60c	std::length_error	0x00b0f59c	0x00b0f5a4	007897c7	007894a5	FUN_007894a5	mov_reg_imm32	0.95
0x00b0f5dc	std::exception	0x00b0f53c	0x00b0f544	00789b80	00789ad0	FUN_00789ad0	mov_reg_imm32	0.95
0x00b0f5fc	std::logic_error	0x00b0f57c	0x00b0f584	00789b8b	00789ad0	FUN_00789ad0	mov_reg_imm32	0.95
0x00b0f60c	std::length_error	0x00b0f59c	0x00b0f5a4	00789df2	00789ad0	FUN_00789ad0	mov_reg_imm32	0.95
0x00b0f5dc	std::exception	0x00b0f53c	0x00b0f544	0078a2d1	0078a272	FUN_0078a272	mov_reg_imm32	0.95
0x00b0f5fc	std::logic_error	0x00b0f57c	0x00b0f584	0078a2dc	0078a272	FUN_0078a272	mov_reg_imm32	0.95
0x00b0f60c	std::length_error	0x00b0f59c	0x00b0f5a4	0078a543	0078a272	FUN_0078a272	mov_reg_imm32	0.95
0x00b0c7cc	operand_parser	0x00b0c64c	0x00b0c654	0078abfc	0078abd5	FUN_0078abd5	mov_reg_imm32	0.95
0x00b10d30	register_range	0x00b105b0	0x00b105b8	0078ac9f	0078ac6b	FUN_0078ac6b	mov_reg_imm32	0.95
0x00b0f5dc	std::exception	0x00b0f53c	0x00b0f544	0078afac	0078af4d	FUN_0078af4d	mov_reg_imm32	0.95
0x00b0f5fc	std::logic_error	0x00b0f57c	0x00b0f584	0078afb7	0078af4d	FUN_0078af4d	mov_reg_imm32	0.95
0x00b0f61c	std::out_of_range	0x00b0f5bc	0x00b0f5c4	0078b21e	0078af4d	FUN_0078af4d	mov_reg_imm32	0.95
0x00b10d40	register_set	0x00b10068	0x00b10070	0078b412	0078b3d6	FUN_0078b3d6	mov_reg_imm32	0.95
0x00b0f5dc	std::exception	0x00b0f53c	0x00b0f544	0078b986	0078b927	FUN_0078b927	mov_reg_imm32	0.95
0x00b0f5fc	std::logic_error	0x00b0f57c	0x00b0f584	0078b991	0078b927	FUN_0078b927	mov_reg_imm32	0.95
0x00b0f61c	std::out_of_range	0x00b0f5bc	0x00b0f5c4	0078bbf8	0078b927	FUN_0078b927	mov_reg_imm32	0.95
0x00b10d50	register_implicit	0x00b10670	0x00b10678	0078bde4	0078bdb0	FUN_0078bdb0	mov_reg_imm32	0.95
0x00b0f5dc	std::exception	0x00b0f53c	0x00b0f544	0078be65	0078be11	FUN_0078be11	mov_reg_imm32	0.95
0x00b0f5fc	std::logic_error	0x00b0f57c	0x00b0f584	0078be70	0078be11	FUN_0078be11	mov_reg_imm32	0.95
0x00b0f61c	std::out_of_range	0x00b0f5bc	0x00b0f5c4	0078c0d9	0078be11	FUN_0078be11	mov_reg_imm32	0.95
0x00b10d70	immediate	0x00b101e8	0x00b101f0	0078c1e2	0078c194	FUN_0078c194	mov_reg_imm32	0.95
0x00b0c7dc	immediate_implicit	0x00b0c70c	0x00b0c714	0078dafb	0078daa3	FUN_0078daa3	mov_reg_imm32	0.95
0x00b10d90	statictext	0x00b102a8	0x00b102b0	0078db55	0078db21	FUN_0078db21	mov_reg_imm32	0.95
0x00b10e20	ignore	0x00b10730	0x00b10738	0078dd76	0078dd43	FUN_0078dd43	mov_reg_imm32	0.95
0x00b10da0	hardcode	0x00b10368	0x00b10370	0078ddd6	0078dda2	FUN_0078dda2	mov_reg_imm32	0.95
0x00b10d60	textset	0x00b10128	0x00b10130	0078dece	0078de90	FUN_0078de90	mov_reg_imm32	0.95
0x00b10db0	compose	0x00b107f0	0x00b107f8	0078e2ea	0078e2ac	FUN_0078e2ac	mov_reg_imm32	0.95
0x00b10dc0	choose	0x00b10428	0x00b10430	0078f49a	0078f45c	FUN_0078f45c	mov_reg_imm32	0.95
0x00b10dd0	multiple_fields	0x00b104e8	0x00b104f0	0078fee6	0078feb2	FUN_0078feb2	mov_reg_imm32	0.95
0x00b10de0	split_fields	0x00b10970	0x00b10978	00790214	007901d6	FUN_007901d6	mov_reg_imm32	0.95
0x00b10d80	register_list	0x00b10a30	0x00b10a38	00790548	00790514	FUN_00790514	mov_reg_imm32	0.95
0x00b10e30	mnemonic_placeholder	0x00b10af0	0x00b10af8	00790a02	007909cf	FUN_007909cf	mov_reg_imm32	0.95
0x00b10e10	sameas	0x00b108b0	0x00b108b8	00790a62	00790a2e	FUN_00790a2e	mov_reg_imm32	0.95
0x00b10e00	join	0x00b10bb0	0x00b10bb8	00790af1	00790abd	FUN_00790abd	mov_reg_imm32	0.95
0x00b10df0	suffix	0x00b10c70	0x00b10c78	007912a7	00791273	FUN_00791273	mov_reg_imm32	0.95
0x00b10f10	std::exception	0x00b10e70	0x00b10e78	0079196c	00791930	FUN_00791930	mov_reg_imm32	0.95
0x00b10f20	std::bad_alloc	0x00b10e90	0x00b10e98	0079197c	00791930	FUN_00791930	mov_reg_imm32	0.95
0x00b10f10	std::exception	0x00b10e70	0x00b10e78	007919ec	007919b0	FUN_007919b0	mov_reg_imm32	0.95
0x00b10f20	std::bad_alloc	0x00b10e90	0x00b10e98	007919fc	007919b0	FUN_007919b0	mov_reg_imm32	0.95
0x00b10f10	std::exception	0x00b10e70	0x00b10e78	00791a73	00791a37	FUN_00791a37	mov_reg_imm32	0.95
0x00b10f20	std::bad_alloc	0x00b10e90	0x00b10e98	00791a83	00791a37	FUN_00791a37	mov_reg_imm32	0.95
0x00b10f10	std::exception	0x00b10e70	0x00b10e78	00791afe	00791ac2	FUN_00791ac2	mov_reg_imm32	0.95
0x00b10f20	std::bad_alloc	0x00b10e90	0x00b10e98	00791b0e	00791ac2	FUN_00791ac2	mov_reg_imm32	0.95
0x00b10f10	std::exception	0x00b10e70	0x00b10e78	00791b89	00791b4d	FUN_00791b4d	mov_reg_imm32	0.95
0x00b10f20	std::bad_alloc	0x00b10e90	0x00b10e98	00791b99	00791b4d	FUN_00791b4d	mov_reg_imm32	0.95
0x00b10f10	std::exception	0x00b10e70	0x00b10e78	00791c14	00791bd8	FUN_00791bd8	mov_reg_imm32	0.95
0x00b10f20	std::bad_alloc	0x00b10e90	0x00b10e98	00791c24	00791bd8	FUN_00791bd8	mov_reg_imm32	0.95
0x00b10f10	std::exception	0x00b10e70	0x00b10e78	00791c9f	00791c63	FUN_00791c63	mov_reg_imm32	0.95
0x00b10f20	std::bad_alloc	0x00b10e90	0x00b10e98	00791caf	00791c63	FUN_00791c63	mov_reg_imm32	0.95
0x00b10f10	std::exception	0x00b10e70	0x00b10e78	0079293e	007928f3	FUN_007928f3	mov_reg_imm32	0.95
0x00b10f30	std::logic_error	0x00b10eb0	0x00b10eb8	00792949	007928f3	FUN_007928f3	mov_reg_imm32	0.95
0x00b10f50	std::out_of_range	0x00b10ef0	0x00b10ef8	00792bb8	007928f3	FUN_007928f3	mov_reg_imm32	0.95
0x00b10f10	std::exception	0x00b10e70	0x00b10e78	00793306	007932a3	FUN_007932a3	mov_reg_imm32	0.95
0x00b10f30	std::logic_error	0x00b10eb0	0x00b10eb8	00793311	007932a3	FUN_007932a3	mov_reg_imm32	0.95
0x00b10f40	std::length_error	0x00b10ed0	0x00b10ed8	00793584	007932a3	FUN_007932a3	mov_reg_imm32	0.95
0x00b10f10	std::exception	0x00b10e70	0x00b10e78	0079398f	0079392c	FUN_0079392c	mov_reg_imm32	0.95
0x00b10f30	std::logic_error	0x00b10eb0	0x00b10eb8	0079399a	0079392c	FUN_0079392c	mov_reg_imm32	0.95
0x00b10f40	std::length_error	0x00b10ed0	0x00b10ed8	00793c0f	0079392c	FUN_0079392c	mov_reg_imm32	0.95
0x00b10f10	std::exception	0x00b10e70	0x00b10e78	007943a0	0079431f	FUN_0079431f	mov_reg_imm32	0.95
0x00b10f30	std::logic_error	0x00b10eb0	0x00b10eb8	007943ab	0079431f	FUN_0079431f	mov_reg_imm32	0.95
0x00b10f40	std::length_error	0x00b10ed0	0x00b10ed8	00794612	0079431f	FUN_0079431f	mov_reg_imm32	0.95
0x00b10f10	std::exception	0x00b10e70	0x00b10e78	0079472e	007946ad	FUN_007946ad	mov_reg_imm32	0.95
0x00b10f30	std::logic_error	0x00b10eb0	0x00b10eb8	00794739	007946ad	FUN_007946ad	mov_reg_imm32	0.95
0x00b10f40	std::length_error	0x00b10ed0	0x00b10ed8	007949a0	007946ad	FUN_007946ad	mov_reg_imm32	0.95
0x00b10f10	std::exception	0x00b10e70	0x00b10e78	00794ae0	00794a30	FUN_00794a30	mov_reg_imm32	0.95
0x00b10f30	std::logic_error	0x00b10eb0	0x00b10eb8	00794aeb	00794a30	FUN_00794a30	mov_reg_imm32	0.95
0x00b10f40	std::length_error	0x00b10ed0	0x00b10ed8	00794d52	00794a30	FUN_00794a30	mov_reg_imm32	0.95
0x00b10f10	std::exception	0x00b10e70	0x00b10e78	007952be	0079525f	FUN_0079525f	mov_reg_imm32	0.95
0x00b10f30	std::logic_error	0x00b10eb0	0x00b10eb8	007952c9	0079525f	FUN_0079525f	mov_reg_imm32	0.95
0x00b10f40	std::length_error	0x00b10ed0	0x00b10ed8	00795530	0079525f	FUN_0079525f	mov_reg_imm32	0.95
0x00b10f10	std::exception	0x00b10e70	0x00b10e78	007955ff	007955a0	FUN_007955a0	mov_reg_imm32	0.95
0x00b10f30	std::logic_error	0x00b10eb0	0x00b10eb8	0079560a	007955a0	FUN_007955a0	mov_reg_imm32	0.95
0x00b10f40	std::length_error	0x00b10ed0	0x00b10ed8	00795871	007955a0	FUN_007955a0	mov_reg_imm32	0.95
0x00b1155c	Disassembler	0x00b114b4	0x00b114bc	007968c5	00796899	FUN_00796899	mov_reg_imm32	0.95
0x00b10f10	std::exception	0x00b10e70	0x00b10e78	00798638	00797bb6	FUN_00797bb6	mov_reg_imm32	0.95
0x00b10f30	std::logic_error	0x00b10eb0	0x00b10eb8	00798649	00797bb6	FUN_00797bb6	mov_reg_imm32	0.95
0x00b10f50	std::out_of_range	0x00b10ef0	0x00b10ef8	00798908	00797bb6	FUN_00797bb6	mov_reg_imm32	0.95
0x00b10f10	std::exception	0x00b10e70	0x00b10e78	007999ab	007991de	FUN_007991de	mov_reg_imm32	0.95
0x00b10f30	std::logic_error	0x00b10eb0	0x00b10eb8	007999bc	007991de	FUN_007991de	mov_reg_imm32	0.95
0x00b10f50	std::out_of_range	0x00b10ef0	0x00b10ef8	00799cb4	007991de	FUN_007991de	mov_reg_imm32	0.95
0x00b10f10	std::exception	0x00b10e70	0x00b10e78	0079a041	007991de	FUN_007991de	mov_reg_imm32	0.95
0x00b10f30	std::logic_error	0x00b10eb0	0x00b10eb8	0079a052	007991de	FUN_007991de	mov_reg_imm32	0.95
0x00b10f50	std::out_of_range	0x00b10ef0	0x00b10ef8	0079a33f	007991de	FUN_007991de	mov_reg_imm32	0.95
0x00b10f10	std::exception	0x00b10e70	0x00b10e78	0079a4eb	007991de	FUN_007991de	mov_reg_imm32	0.95
0x00b10f30	std::logic_error	0x00b10eb0	0x00b10eb8	0079a4fc	007991de	FUN_007991de	mov_reg_imm32	0.95
0x00b10f50	std::out_of_range	0x00b10ef0	0x00b10ef8	0079a7e7	007991de	FUN_007991de	mov_reg_imm32	0.95
0x00b11aa8	std::exception	0x00b11a28	0x00b11a30	0079cc60	0079cc24	FUN_0079cc24	mov_reg_imm32	0.95
0x00b11ab8	std::bad_alloc	0x00b11a48	0x00b11a50	0079cc70	0079cc24	FUN_0079cc24	mov_reg_imm32	0.95
0x00b11aa8	std::exception	0x00b11a28	0x00b11a30	0079ccdb	0079cc9f	FUN_0079cc9f	mov_reg_imm32	0.95
0x00b11ab8	std::bad_alloc	0x00b11a48	0x00b11a50	0079cceb	0079cc9f	FUN_0079cc9f	mov_reg_imm32	0.95
0x00b11aa8	std::exception	0x00b11a28	0x00b11a30	0079d435	0079d3d6	FUN_0079d3d6	mov_reg_imm32	0.95
0x00b11ac8	std::logic_error	0x00b11a68	0x00b11a70	0079d440	0079d3d6	FUN_0079d3d6	mov_reg_imm32	0.95
0x00b11ad8	std::length_error	0x00b11a88	0x00b11a90	0079d6a7	0079d3d6	FUN_0079d3d6	mov_reg_imm32	0.95
0x00b11f18	IndInst::instop	0x00b11e78	0x00b11e80	0079d7b2	0079d78c	FUN_0079d78c	mov_reg_imm32	0.95
0x00b11f48	IndInst::instopcomp	0x00b11ed8	0x00b11ee0	0079d7e1	0079d78c	FUN_0079d78c	mov_reg_imm32	0.95
0x00b11f18	IndInst::instop	0x00b11e78	0x00b11e80	0079d8bd	0079d894	FUN_0079d894	mov_reg_imm32	0.95
0x00b11f18	IndInst::instop	0x00b11e78	0x00b11e80	0079d9d0	0079d993	FUN_0079d993	mov_reg_imm32	0.95
0x00b11f28	IndInst::instopreg	0x00b11e98	0x00b11ea0	0079d9fd	0079d993	FUN_0079d993	mov_reg_imm32	0.95
0x00b11f18	IndInst::instop	0x00b11e78	0x00b11e80	0079daec	0079daaf	FUN_0079daaf	mov_reg_imm32	0.95
0x00b11f38	IndInst::instopimm	0x00b11eb8	0x00b11ec0	0079db19	0079daaf	FUN_0079daaf	mov_reg_imm32	0.95
0x00b11f48	IndInst::instopcomp	0x00b11ed8	0x00b11ee0	0079dc3d	0079dc2a	FUN_0079dc2a	mov_reg_imm32	0.95
0x00b11f58	IndInst::instopreglist	0x00b11ef8	0x00b11f00	0079de41	0079de2e	FUN_0079de2e	mov_reg_imm32	0.95
0x00b11f18	IndInst::instop	0x00b11e78	0x00b11e80	0079df32	0079deed	FUN_0079deed	mov_reg_imm32	0.95
0x00b11f58	IndInst::instopreglist	0x00b11ef8	0x00b11f00	0079df5f	0079deed	FUN_0079deed	mov_reg_imm32	0.95
0x00b12800	OutputGen	0x00b12738	0x00b12740	0079e5e3	0079e5db	FUN_0079e5db	mov_reg_imm32	0.95
0x00b12820	FileOutputGen	0x00b12788	0x00b12790	0079e5eb	0079e5db	FUN_0079e5db	mov_reg_imm32	0.95
0x00b12008	std::exception	0x00b11f88	0x00b11f90	0079ed39	0079ecfd	FUN_0079ecfd	mov_reg_imm32	0.95
0x00b12018	std::bad_alloc	0x00b11fa8	0x00b11fb0	0079ed49	0079ecfd	FUN_0079ecfd	mov_reg_imm32	0.95
0x00b12008	std::exception	0x00b11f88	0x00b11f90	0079edc4	0079ed88	FUN_0079ed88	mov_reg_imm32	0.95
0x00b12018	std::bad_alloc	0x00b11fa8	0x00b11fb0	0079edd4	0079ed88	FUN_0079ed88	mov_reg_imm32	0.95
0x00b12008	std::exception	0x00b11f88	0x00b11f90	0079ee4f	0079ee13	FUN_0079ee13	mov_reg_imm32	0.95
0x00b12018	std::bad_alloc	0x00b11fa8	0x00b11fb0	0079ee5f	0079ee13	FUN_0079ee13	mov_reg_imm32	0.95
0x00b12008	std::exception	0x00b11f88	0x00b11f90	0079f677	0079f618	FUN_0079f618	mov_reg_imm32	0.95
0x00b12028	std::logic_error	0x00b11fc8	0x00b11fd0	0079f682	0079f618	FUN_0079f618	mov_reg_imm32	0.95
0x00b12038	std::length_error	0x00b11fe8	0x00b11ff0	0079f8e9	0079f618	FUN_0079f618	mov_reg_imm32	0.95
0x00b12800	OutputGen	0x00b12738	0x00b12740	007a0adb	007a0ad3	FUN_007a0ad3	mov_reg_imm32	0.95
0x00b12820	FileOutputGen	0x00b12788	0x00b12790	007a0ae3	007a0ad3	FUN_007a0ad3	mov_reg_imm32	0.95
0x00b12800	OutputGen	0x00b12738	0x00b12740	007a1167	007a1141	FUN_007a1141	mov_reg_imm32	0.95
0x00b12840	DebugOutputGen	0x00b127d8	0x00b127e0	007a116e	007a1141	FUN_007a1141	mov_reg_imm32	0.95
0x00b12840	DebugOutputGen	0x00b127d8	0x00b127e0	007a11a2	007a1191	FUN_007a1191	mov_reg_imm32	0.95
0x00b12cf4	std::exception	0x00b12cb4	0x00b12cbc	007a16bc	007a1680	FUN_007a1680	mov_reg_imm32	0.95
0x00b12d04	std::bad_alloc	0x00b12cd4	0x00b12cdc	007a16cc	007a1680	FUN_007a1680	mov_reg_imm32	0.95
0x00ace1d0	objectdata	0x00acdd90	0x00acdd98	00994ae7	00994ada	FUN_00994ada	mov_reg_imm32	0.95
0x00ace270	objectdata_call	0x00acde80	0x00acde88	00994ba2	00994ada	FUN_00994ada	mov_reg_imm32	0.95
0x00bd48c0	std::logic_error	0x00bd4840	0x00bd4848	00a92190	00a9214f	FUN_00a9214f	mov_reg_imm32	0.95
0x00bd48e0	std::out_of_range	0x00bd4880	0x00bd4888	00a9232d	00a9214f	FUN_00a9214f	mov_reg_imm32	0.95
0x00bd48c0	std::logic_error	0x00bd4840	0x00bd4848	00a9256c	00a9252b	FUN_00a9252b	mov_reg_imm32	0.95
0x00bd48d0	std::length_error	0x00bd4860	0x00bd4868	00a92709	00a9252b	FUN_00a9252b	mov_reg_imm32	0.95
