callsite,target,ghidra_name,semantic_group
0x00423016,0x00422f2e,FUN_00422f2e,rpx_tnt_cleanup
0x0042303a,0x004e427d,FUN_004e427d,eligibility_predicate
0x00423099,0x00406399,FUN_00406399,bitset_core
0x004230a8,0x00406399,FUN_00406399,bitset_core
0x004230b7,0x00406399,FUN_00406399,bitset_core
0x004230e0,0x004059d8,FUN_004059d8,bitset_core
0x004230f3,0x00405d8a,FUN_00405d8a,bitset_core
0x00423138,0x00408b78,FUN_00408b78,instruction_walker
0x004231b8,0x0040581d,FUN_0040581d,range_error_scaffolding
0x004231c1,0x00a94070,_strlen,range_error_scaffolding
0x004231cf,0x0040527b,FUN_0040527b,range_error_scaffolding
0x004231fa,0x0040581d,FUN_0040581d,range_error_scaffolding
0x00423216,0x00a9214f,FUN_00a9214f,range_error_scaffolding
0x00423241,0x004056dc,FUN_004056dc,range_error_scaffolding
0x00423251,0x004056dc,FUN_004056dc,range_error_scaffolding
0x00423290,0x00a9252b,FUN_00a9252b,range_error_scaffolding
0x00423346,0x00405200,FUN_00405200,range_error_scaffolding
0x0042336c,0x00a93990,_memcpy,range_error_scaffolding
0x00423381,0x00a93990,_memcpy,range_error_scaffolding
0x00423391,0x0040581d,FUN_0040581d,range_error_scaffolding
0x004233a6,0x0040578f,FUN_0040578f,range_error_scaffolding
0x004233c2,0x0040578f,FUN_0040578f,range_error_scaffolding
0x004233f0,0x00a93990,_memcpy,range_error_scaffolding
0x00423406,0x00a93990,_memcpy,range_error_scaffolding
0x00423426,0x00a93990,_memcpy,range_error_scaffolding
0x0042343c,0x00a93990,_memcpy,range_error_scaffolding
0x00423449,0x0040578f,FUN_0040578f,range_error_scaffolding
0x0042348c,0x00a91f74,FUN_00a91f74,range_error_scaffolding
0x0042349c,0x0040581d,FUN_0040581d,range_error_scaffolding
0x004234ac,0x0040581d,FUN_0040581d,range_error_scaffolding
0x00423504,0x0040581d,FUN_0040581d,range_error_scaffolding
0x0042350d,0x00a94070,_strlen,range_error_scaffolding
0x0042351e,0x0040527b,FUN_0040527b,range_error_scaffolding
0x0042354c,0x0040581d,FUN_0040581d,range_error_scaffolding
0x00423568,0x00a9214f,FUN_00a9214f,range_error_scaffolding
0x00423593,0x004056dc,FUN_004056dc,range_error_scaffolding
0x004235a3,0x004056dc,FUN_004056dc,range_error_scaffolding
0x004235e2,0x00a9252b,FUN_00a9252b,range_error_scaffolding
0x00423698,0x00405200,FUN_00405200,range_error_scaffolding
0x004236be,0x00a93990,_memcpy,range_error_scaffolding
0x004236d3,0x00a93990,_memcpy,range_error_scaffolding
0x004236e3,0x0040581d,FUN_0040581d,range_error_scaffolding
0x004236f8,0x0040578f,FUN_0040578f,range_error_scaffolding
0x00423714,0x0040578f,FUN_0040578f,range_error_scaffolding
0x00423745,0x00a93990,_memcpy,range_error_scaffolding
0x0042375e,0x00a93990,_memcpy,range_error_scaffolding
0x00423781,0x00a93990,_memcpy,range_error_scaffolding
0x0042379a,0x00a93990,_memcpy,range_error_scaffolding
0x004237a7,0x0040578f,FUN_0040578f,range_error_scaffolding
0x004237ea,0x00a91f74,FUN_00a91f74,range_error_scaffolding
0x004237fa,0x0040581d,FUN_0040581d,range_error_scaffolding
0x0042380d,0x0040581d,FUN_0040581d,range_error_scaffolding
0x0042384c,0x00406399,FUN_00406399,bitset_core
0x0042386a,0x00a93990,_memcpy,range_error_scaffolding
0x0042387b,0x00405df8,FUN_00405df8,bitset_core
0x004238b7,0x00405dc1,FUN_00405dc1,bitset_core
0x004238d5,0x00a93990,_memcpy,range_error_scaffolding
0x004238e6,0x00405df8,FUN_00405df8,bitset_core
0x00423922,0x00405dc1,FUN_00405dc1,bitset_core
0x0042393c,0x00405dc1,FUN_00405dc1,bitset_core
0x00423958,0x00405dc1,FUN_00405dc1,bitset_core
