00476da3	ppc_target_option_and_opcode_init
00491dc0	opcode_register
00491eb5	ppc_opcode_table_init
0049a9a0	opcode_extension_filter
0049abb4	opcode_extension_register_callsite
004f5247	post_codegen_metrics_or_stats
00625238	debug_output_helper
006a60dd	dump_machine_code
006aba67	codewrite_tail_helper
006abe34	asm_output_driver_candidate
006ce39f	direct_c20asm_helper
009a3143	ghdb_routine_output
009d934f	ghdb_set_routine_braces
0047f1a6	ppc_instruction_text_or_object_emitter
006abc1b	instrument_instruction_output
0078213e	instrumentation_output_available
00497b18	ppc_object_instruction_encoder
004952d9	resolve_operand_value
00495d19	map_register_number
00495fc4	encode_d_form
00496041	encode_psq_d_form
004960f6	encode_psq_x_form
004961ab	encode_branch_i_form
004961f7	encode_branch_b_form
00496261	encode_branch_xl_form
004962cb	encode_x_form
00496348	encode_rotate_mask_form
004964aa	encode_multi_field_form
004969e6	lookup_opcode_descriptor
