00422ff4	ppc_final_emitter
00422f2e	pre_emit_helper
00423965	post_emit_helper_0
00423991	post_emit_helper_1
00423aa1	ppc_target_cb_62c
00423c13	ppc_target_cb_624
00423caf	ppc_target_cb_64c
00423ce7	ppc_target_cb_5ec
00423e2d	ppc_target_cb_604
00424123	ppc_target_cb_684
004242c0	ppc_target_cb_674
00424b5d	ppc_target_cb_484
00424bce	ppc_target_cb_634
00424c57	ppc_target_cb_834
00424c85	ppc_target_cb_5fc
00422e2d	regchgmask_instruction_visit
006a2bb2	regchgmask_visit_context
004e427d	regchgmask_exclusion_predicate
00408b78	walk_instruction_or_operand
00405df8	bitset_shift
00405dc1	bitset_or_assign
00405d8a	bitset_assign
00406399	bitset_reset
0042226d	regchgmask_mark_operand
00491eb5	ppc_opcode_table_init
00491dc0	ppc_opcode_register_entry
004e5347	asm_output_printf_candidate
0047dd8b	asm_output_begin_line
0047dd67	asm_output_prepare_fields
007438b4	indopc_encode_caller_a
0074520f	indopc_encode_caller_b
0047e00e	asm_instruction_printer
0049aa41	ppc_opcode_extension_init
00491e90	ppc_opcode_aux_init
00497b18	binary_instruction_output
004969e6	opcode_descriptor_for_ir
00495d19	encode_register_field
00495fc4	encode_d_form
00496041	encode_psq_d_form
004960f6	encode_psq_x_form
004961ab	encode_branch_disp
004961f7	encode_branch_cond
00496261	encode_branch_xl
004962cb	encode_x_form
00496348	encode_rotate_mask_form
004964aa	encode_multi_field_form
004952d9	resolve_immediate_or_reloc
0047f1a6	per_instruction_output
004816c0	final_output_finalize
006abc1b	asm_per_op_helper
004e5aad	write_object_word
0062375b	advance_output_location
004e76f6	add_object_relocation
004e57e7	write_object_halfword
004e59aa	write_object_wide
004e5670	prepare_output_location
0047f1a6	ppc_instruction_text_or_object_emitter
00497b18	ppc_object_instruction_encoder
004952d9	resolve_operand_value
00495d19	map_register_number
00495fc4	encode_d_form
00496041	encode_psq_d_form
004960f6	encode_psq_x_form
004961ab	encode_branch_i_form
004961f7	encode_branch_b_form
00496261	encode_branch_xl_form
004962cb	encode_x_form
00496348	encode_rotate_mask_form
004964aa	encode_multi_field_form
004969e6	lookup_opcode_descriptor
0045ea8d	espresso_combine_merge_helper
0045ec4a	espresso_combine_load_helper
0045f169	espresso_combine_store_helper
0045f7e5	espresso_fsplat_helper
0045f976	espresso_cmp_helper
004952b8	insert_instruction_field
0074281b	indopc_encode_dispatch
004e5aad	binary_write_u32
0062375b	advance_output_position
004952b8	insert_instruction_field
004059d8	bitset_mask_constructor
