va,raw_name,proposed_name,role,confidence,evidence_kinds,evidence_refs,provenance,body_end,body_size,source_files,callers,callees,option_refs,string_refs,vtable_slots
0x00408b78,FUN_00408b78,walk_instruction_or_operand,generic instruction/operand walker used by register-mask visitor,0.940,callsite;decompile,0x00423138;analysis/ppc_emitter/decompiled/00408b78_walk_instruction_or_operand.c,analysis/ppc_emitter/build_ai_manifest.py,0x0040cea7,15820,,0x0040cf0e;0x004185fe;0x00422ff4;0x0044cb14;0x0046ca9f;0x004700e1;0x00470998;0x00678c43;0x006a1597;0x006a30dd;0x006a4a65;0x006a4c70;0x006abc1b;0x006c6968;0x006ca1af;0x006cb041;0x006cd035;0x00735592;0x0073f70f;0x00740420;0x007648ef,0x004059d8;0x00405d8a;0x00405ecd;0x00405fae;0x004081c8;0x0040895a;0x004089a5;0x004089f7;0x00408a1c;0x00421aeb;0x0049b4d2;0x0049d94a;0x004d9c00;0x00568af3;0x00568d7a;0x0059b278;0x00694a37;0x006a2017;0x006a4141;0x006a46d3;0x006a4779;0x006afb27;0x006afca9;0x006b0f02;0x006b106f;0x006b2979;0x006bf986;0x006bfb0e;0x006bfb6e;0x006bfc8e;0x006bfe34;0x006c1109;0x006c5ba8;0x006c76e3;0x006c770f;0x006c8be0;0x0073ea42;0x0073ec53;0x00a940fb;0x02290f66,87:nowasread:0x00c406a5;111:?:0x00c406bd;116:?:0x00c406c2;201:ppc_blr_epilogue_regs:0x00c40717;542:linux_ppc64_abi:0x00c4086c;696:ppcvle:0x00c40906;848:PICearly:0x00c4099e;1128:ppcsfp:0x00c40ab6;1161:ppcfarcalls:0x00c40ad7;1164:powerarch:0x00c40ada;1326:useregchgmask:0x00c40b7c;1424:loadstoremultiple:0x00c40bde;1449:shortisr:0x00c40bf7;1851:graph_allocate:0x00c40d89;1871:better_asmmacro_peep:0x00c40d9d;2028:tailcall_peep:0x00c40e3a;2043:alloc_statics_in_regs:0x00c40e49;2062:AltiVec:0x00c40e5c;2746:ppce500:0x00c41108;2942:codefactor:0x00c411cc;3077:linkxda:0x00c41253;4104:ppc_has_stmvw_insts:0x00c41656;4730:nofpperms:0x00c418c8;4999:cafetls:0x00c419d5;11437:?:0x00c432fb,0x00abf3b1:@_savev;0x00abf3b9:@_restsmall;0x00abf3c5:@_savesmall,
0x0042226d,FUN_0042226d,collect_register_change_classes,classify operand registers into three 96-bit masks,0.980,decompile;dataflow,analysis/ppc_emitter/decompiled/0042226d_regchgmask_mark_operand.c;0x00bdb560;0x00bdb56c;0x00bdb578,analysis/ppc_emitter/build_ai_manifest.py,0x00422e2c,3008,,0x00422e2d,0x00405200;0x0040527b;0x004056dc;0x0040578f;0x0040581d;0x0047291d;0x00568d7a;0x006bfe34;0x00a91f74;0x00a9214f;0x00a9252b;0x00a93990;0x00a94070,,0x00abf4d9:unknown;0x00abf4d9:unknown;0x00abf4d9:unknown;0x00abf4d9:unknown;0x00abf4d9:unknown;0x00abf4d9:unknown;0x00abf4e1:invalid bitset<N> position;0x00abf4e1:invalid bitset<N> position;0x00abf4e1:invalid bitset<N> position;0x00abf4e1:invalid bitset<N> position;0x00abf4e1:invalid bitset<N> position;0x00abf4e1:invalid bitset<N> position;0x00abf4e1:invalid bitset<N> position;0x00abf4e1:invalid bitset<N> position;0x00abf4e1:invalid bitset<N> position,
0x00422e2d,FUN_00422e2d,register_change_mask_visitor,walker callback that discovers changed registers,0.980,decompile;callsite,analysis/ppc_emitter/decompiled/00422e2d_regchgmask_instruction_visit.c;0x00423138,analysis/ppc_emitter/build_ai_manifest.py,0x00422f2d,257,,0x00422e2d,0x0042226d;0x00422e2d;0x006afca9,,,
0x00422f2e,FUN_00422f2e,rpx_tnt_register_metadata_cleanup,optional pre-finalization cleanup for register metadata,0.910,option_gate;decompile,option:1800;analysis/ppc_emitter/decompiled/00422f2e_pre_emit_helper.c,analysis/ppc_emitter/build_ai_manifest.py,0x00422ff3,198,,0x00422ff4,,,,
0x00422ff4,FUN_00422ff4,finalize_register_change_mask,target slot +0x5e4; construct/finalize per-procedure register-change mask,0.995,vtable_slot;decompile;option_gate;bitset_ops,target_slot:0x5e4;analysis/ppc_emitter/finalizer_regions.csv;option:1326,analysis/ppc_emitter/build_ai_manifest.py,0x00423964,2417,,,0x00405200;0x0040527b;0x004056dc;0x0040578f;0x0040581d;0x004059d8;0x00405d8a;0x00405dc1;0x00405df8;0x00406399;0x00408b78;0x00422f2e;0x004e427d;0x00a91f74;0x00a9214f;0x00a9252b;0x00a93990;0x00a94070,385:ajo1:0x00c407cf;1326:useregchgmask:0x00c40b7c;1373:ada95:0x00c40bab;1800:ppc_ep_rpx_tnt:0x00c40d56;2942:codefactor:0x00c411cc;3077:linkxda:0x00c41253,0x00abf4fc:unknown;0x00abf4fc:unknown;0x00abf4fc:unknown;0x00abf4fc:unknown;0x00abf504:invalid bitset<N> position;0x00abf504:invalid bitset<N> position;0x00abf504:invalid bitset<N> position;0x00abf504:invalid bitset<N> position;0x00abf504:invalid bitset<N> position;0x00abf504:invalid bitset<N> position,0x5e4
0x00423965,FUN_00423965,target_operand_size_4_or_8,return 4 or 8 from operand/type width comparison,0.780,vtable_slot;decompile,target_slot:0x5cc;analysis/ppc_emitter/decompiled/00423965_post_emit_helper_0.c,analysis/ppc_emitter/build_ai_manifest.py,0x00423990,44,,,0x004a969d,,,0x5cc
0x00423991,FUN_00423991,target_operand_size_16_or_32,return 16 or 32 for a 64-bit/special operand case,0.760,vtable_slot;decompile,target_slot:0x5d4;analysis/ppc_emitter/decompiled/00423991_post_emit_helper_1.c,analysis/ppc_emitter/build_ai_manifest.py,0x004239dd,77,,,0x004a969d;0x004d9abe,,,0x5d4
0x00423aa1,FUN_00423aa1,target_select_fsel_isel_legality,predicate for fsel/isel style operand lowering,0.860,vtable_slot;option_gate;decompile,target_slot:0x62c;option:1958;option:2581,analysis/ppc_emitter/build_ai_manifest.py,0x00423c12,370,,,0x004a969d;0x004cc19e;0x004d9abe;0x00590a32,1958:ppc_isel:0x00c40df4;2581:ppc_fsel:0x00c41063;3210:auto_SIMD_vectorizer:0x00c412d8,,0x62c
0x00423c13,FUN_00423c13,target_register_class_selector,select target register-class data with AltiVec/e500 exceptions,0.780,vtable_slot;option_gate;decompile,target_slot:0x624;option:2062;option:2746,analysis/ppc_emitter/build_ai_manifest.py,0x00423cae,156,,,0x0043ed70;0x006c740c;0x006c77bc,2062:AltiVec:0x00c40e5c;2746:ppce500:0x00c41108,,0x624
0x00423caf,FUN_00423caf,target_register_number_table_lookup,bounds-checked signed-short target register mapping lookup,0.820,vtable_slot;decompile,target_slot:0x64c;analysis/ppc_emitter/decompiled/00423caf_ppc_target_cb_64c.c,analysis/ppc_emitter/build_ai_manifest.py,0x00423ce6,56,,,0x00568af3,,,0x64c
0x00423ce7,FUN_00423ce7,extended_asm_register_mask,build legal register mask for extended-asm register classes,0.970,vtable_slot;string;decompile,target_slot:0x5ec;string:Unsupported_Extended_Asm_register;analysis/ppc_emitter/decompiled/00423ce7_ppc_target_cb_5ec.c,analysis/ppc_emitter/build_ai_manifest.py,0x00423e2c,326,,,0x00568af3;0x0059f01a;0x00a93910;0x00a93990,1128:ppcsfp:0x00c40ab6,"0x00abf5fc:Unsupported Extended Asm register constraint ""%c""",0x5ec
0x00423e2d,FUN_00423e2d,extended_asm_constraint_classifier,classify I/U/X extended-asm constraints,0.940,vtable_slot;decompile,target_slot:0x604;analysis/ppc_emitter/decompiled/00423e2d_ppc_target_cb_604.c,analysis/ppc_emitter/build_ai_manifest.py,0x00423f44,280,,,0x00522354;0x00568d7a;0x006afca9,,,0x604
0x004242c0,FUN_004242c0,emit_ppc64_traceback_bytes,emit textual PPC64 traceback-table bytes,0.960,vtable_slot;option_gate;output_calls,target_slot:0x674;option:539;option:542,analysis/ppc_emitter/build_ai_manifest.py,0x0042439a,219,,,0x0047dd67;0x0047dd8b;0x004e5347,539:ppc64_no_traceback_table:0x00c40869;542:linux_ppc64_abi:0x00c4086c,,0x674
0x004244c6,FUN_004244c6,lower_relocatable_ppc_ir,target +0x7ac callback; rewrite symbolic/address-bearing PPC IR into encodable target operations,0.930,vtable_slot;decompile;ir_rewrite,target_slot:0x7ac;analysis/ppc_emitter/decompiled/004244c6_ppc_large_target_callback.c,analysis/ppc_emitter/build_ai_manifest.py,0x00424b5c,1687,,,0x0040d114;0x0047259d;0x00568af3;0x0067d2da;0x0067d42e;0x006a1a16;0x006a1aee;0x006b003c;0x006b999f;0x006bd9c3;0x006c1184,,,0x7ac
0x0045ea8d,FUN_0045ea8d,espresso_combine_merge_helper,paired-single combine/merge optimization helper,0.960,string_xref,string:PS COM MERGE1;string:PS COM MERGE2;string:PS COM NEW,analysis/ppc_emitter/build_ai_manifest.py,0x0045ec49,445,,0x0045fc7d,0x0040d114;0x0045b078;0x006bc853;0x006d523a;0x006d5434;0x006d5bd1;0x006f9fe1;0x006fbcd3;0x0070243c,,0x00ac1973:PS COM MERGE1;0x00ac1981:PS COM MERGE2;0x00ac198f:PS COM NEW,
0x0045ec4a,FUN_0045ec4a,espresso_combine_load_helper,paired-single load combine optimization helper,0.960,string_xref,string:PS LOAD NEW;string:PS LOAD OLD1,analysis/ppc_emitter/build_ai_manifest.py,0x0045f168,1311,,0x0045fc7d,0x0040d114;0x0043ed70;0x0045b078;0x004dc617;0x004dc64e;0x004dc754;0x006b125d;0x006bc853;0x006c1109;0x006d0456;0x006d523a;0x006d5434;0x006d584b;0x006d5bd1;0x006d693d;0x006f9fe1;0x006fbcd3;0x0070243c,,0x00ac199a:PS LOAD NEW;0x00ac19a6:PS LOAD OLD1;0x00ac19b3:PS LOAD OLD2;0x00ac19c0:PS LOAD OLD3,
0x0045f169,FUN_0045f169,espresso_combine_store_helper,paired-single store combine optimization helper,0.960,string_xref,string:PS ST NEW;string:PS ST OLD STFS1,analysis/ppc_emitter/build_ai_manifest.py,0x0045f754,1516,,0x0045fc7d,0x0040d114;0x0043ed70;0x0043ee84;0x0045b078;0x004dc617;0x004dc64e;0x004dc754;0x006b125d;0x006bc853;0x006c1109;0x006c5950;0x006d523a;0x006d5434;0x006d584b;0x006d5bd1;0x006d693d;0x006f9fe1;0x006fbcd3;0x0070243c,,0x00ac19cd:PS ST OLD STFS1;0x00ac19dd:PS ST OLD MERGE;0x00ac19ed:PS ST OLD STFS2;0x00ac19fd:PS ST OLD FMR;0x00ac1a0b:PS ST NEW,
0x0045f7e5,FUN_0045f7e5,espresso_fsplat_helper,paired-single fsplat optimization helper,0.960,string_xref,string:OLD PS FSPLAT;string:NEW PS FSPLAT,analysis/ppc_emitter/build_ai_manifest.py,0x0045f975,401,,0x0045fc7d,0x0045b078;0x0045f755;0x006bc853;0x006d523a;0x006d5bd1;0x006d693d;0x006f9fe1;0x0070243c,,0x00ac1a15:OLD PS FSPLAT;0x00ac1a23:NEW PS FSPLAT;0x00ac1a31:DEL PS FSPLAT,
0x0045f976,FUN_0045f976,espresso_cmp_helper,paired-single compare optimization helper,0.950,string_xref;decompile,string:PS CMP OLD;string:PS CMP NEW,analysis/ppc_emitter/build_ai_manifest.py,0x0045fc7c,775,,0x0045fc7d,0x0040d114;0x0045b078;0x006bc853;0x006d5434;0x006f9fe1;0x006fbcd3;0x0070243c;0x0070258b,4024:NAN_must_compare_as_unordered:0x00c41606,0x00ac1a3f:PS CMP M1;0x00ac1a49:PS CMP M2;0x00ac1a53:PS CMP OLD;0x00ac1a5e:PS CMP NEW,
0x0045fc7d,FUN_0045fc7d,espresso_peephole_dispatcher,ordered PPC local-peephole dispatcher for Espresso combine/store/load/fsplat/cmp helpers,0.995,option_gate;callgraph;string_xref,option:4725;option:4712;option:4713;option:4714;option:4726;option:4728;analysis/ppc_emitter/espresso_peephole_order.csv,analysis/ppc_emitter/build_ai_manifest.py,0x0046456b,18671,,0x006d183d,0x0040846e;0x004087c8;0x00408815;0x00408853;0x0040d114;0x0041e79b;0x0045af70;0x0045affb;0x0045b078;0x0045d20f;0x0045d2b4;0x0045d307;0x0045d812;0x0045db76;0x0045dc98;0x0045df8f;0x0045e0b3;0x0045e204;0x0045e764;0x0045ea8d;0x0045ec4a;0x0045f169;0x0045f7e5;0x0045f976;0x00464cfc;0x004a23fc;0x004a631e;0x004a6333;0x004a969d;0x004af916;0x004dae22;0x004ffb76;0x004ffbf5;0x00568af3;0x00568b3b;0x0067c59c;0x0067c5d6;0x0068bc7d;0x006afca9;0x006b023d;0x006b0c1b;0x006b0f02;0x006b125d;0x006b132b;0x006b9884;0x006b999f;0x006bc853;0x006bd8ca;0x006bd9c3;0x006c5950;0x006d06f7;0x006d5215;0x006d5412;0x006d5434;0x006d5474;0x006d57bf;0x006d5998;0x006d5aa9;0x006d5bd1;0x006d5ca3;0x006d6575;0x006d665e;0x006d693d;0x006d8db7;0x006f9fe1;0x006fbbf1;0x006fbcd3;0x006fbdaa;0x006fcca7;0x0070243c;0x0070326e,,0x00ac1a69:LC BIT1;0x00ac1a71:LC BIT2;0x00ac1a79:OLD 1;0x00ac1a7f:OLD 2;0x00ac1a85:OLD 3;0x00ac1a8b:NEW 1;0x00ac1a91:NEW 2;0x00ac1a97:NEW 3;0x00ac1a9d:SHIFT COMB1 OLD;0x00ac1aad:SHIFT COMB1 NEW;0x00ac1abd:SHIFT COMB2 OLD;0x00ac1acd:SHIFT COMB2 NEW;0x00ac1add:LC DEL BIT1;0x00ac1ae9:OLD ROTATE1;0x00ac1af5:OLD ROTATE2;0x00ac1b01:OLD ROTATE3;0x00ac1b0d:NEW ROTATE3;0x00ac1b19:NEW ROTLCOA;0x00ac1b25:OLD RLWIMI1;0x00ac1b25:OLD RLWIMI1;0x00ac1b31:OLD RLWIMI2;0x00ac1b31:OLD RLWIMI2;0x00ac1b3d:NEW RLWIMI1;0x00ac1b3d:NEW RLWIMI1;0x00ac1b49:NEW RLWIMI2;0x00ac1b49:NEW RLWIMI2;0x00ac1b55:OLD RLWIMI3;0x00ac1b61:NEW RLWIMI3;0x00ac1b6d:DEL TRAMPBR;0x00ac1b79:OLD SETHI;0x00ac1b83:NEW ADDHI;0x00ac1b8d:OLD ADDLO;0x00ac1b97:NEW ADDLO;0x00ac1ba1:NEW ADDHIINST;0x00ac1baf:NEW ADDLOINST;0x00ac1bbd:PPC ADDIC OLD;0x00ac1bcb:PPC ADDIC NEW;0x00ac1bd9:PPC ADDME OLD;0x00ac1be7:PPC ADDME NEW;0x00ac1bf5:OLD BITTESTA1;0x00ac1c03:OLD BITTESTA2;0x00ac1c11:OLD BITTESTA3;0x00ac1c1f:NEW BITTESTA1;0x00ac1c2d:NEW BITTESTA2;0x00ac1c3b:NEW BITTESTA3;0x00ac1c49:KEPT INST;0x00ac1c53:DEL SETTRAMP2;0x00ac1c53:DEL SETTRAMP2;0x00ac1c61:MAKE ROTLI OLD;0x00ac1c61:MAKE ROTLI OLD;0x00ac1c70:MAKE ROTLI NEW;0x00ac1c70:MAKE ROTLI NEW;0x00ac1c7f:MAKE ROTLI DEL;0x00ac1c7f:MAKE ROTLI DEL;0x00ac1c8e:LC COMBO;0x00ac1c97:DEL ADDREG;0x00ac1ca2:OLD LOADIMMMACRO;0x00ac1cb3:OLD ADDREG (LOC);0x00ac1cc4:OLD GET SDA ADDR;0x00ac1cd5:OLD ADD SDA ADDR;0x00ac1ce6:NEW GET INC ADDR;0x00ac1cf7:PPC CRAIG1 OLD;0x00ac1d06:PPC CRAIG1 NEW;0x00ac1d15:DEL BITSHIFT,
0x0045fc7d,FUN_0045fc7d,ppc_local_peephole,large PPC local peephole dispatcher; Espresso subpasses run first in fixed order,0.995,decompile;option_gate;string_xref,option:937;option:4725;analysis/ghidra/out/decompiled/0045fc7d_FUN_0045fc7d.c,analysis/ppc_emitter/build_ai_manifest.py,0x0046456b,18671,,0x006d183d,0x0040846e;0x004087c8;0x00408815;0x00408853;0x0040d114;0x0041e79b;0x0045af70;0x0045affb;0x0045b078;0x0045d20f;0x0045d2b4;0x0045d307;0x0045d812;0x0045db76;0x0045dc98;0x0045df8f;0x0045e0b3;0x0045e204;0x0045e764;0x0045ea8d;0x0045ec4a;0x0045f169;0x0045f7e5;0x0045f976;0x00464cfc;0x004a23fc;0x004a631e;0x004a6333;0x004a969d;0x004af916;0x004dae22;0x004ffb76;0x004ffbf5;0x00568af3;0x00568b3b;0x0067c59c;0x0067c5d6;0x0068bc7d;0x006afca9;0x006b023d;0x006b0c1b;0x006b0f02;0x006b125d;0x006b132b;0x006b9884;0x006b999f;0x006bc853;0x006bd8ca;0x006bd9c3;0x006c5950;0x006d06f7;0x006d5215;0x006d5412;0x006d5434;0x006d5474;0x006d57bf;0x006d5998;0x006d5aa9;0x006d5bd1;0x006d5ca3;0x006d6575;0x006d665e;0x006d693d;0x006d8db7;0x006f9fe1;0x006fbbf1;0x006fbcd3;0x006fbdaa;0x006fcca7;0x0070243c;0x0070326e,,0x00ac1a69:LC BIT1;0x00ac1a71:LC BIT2;0x00ac1a79:OLD 1;0x00ac1a7f:OLD 2;0x00ac1a85:OLD 3;0x00ac1a8b:NEW 1;0x00ac1a91:NEW 2;0x00ac1a97:NEW 3;0x00ac1a9d:SHIFT COMB1 OLD;0x00ac1aad:SHIFT COMB1 NEW;0x00ac1abd:SHIFT COMB2 OLD;0x00ac1acd:SHIFT COMB2 NEW;0x00ac1add:LC DEL BIT1;0x00ac1ae9:OLD ROTATE1;0x00ac1af5:OLD ROTATE2;0x00ac1b01:OLD ROTATE3;0x00ac1b0d:NEW ROTATE3;0x00ac1b19:NEW ROTLCOA;0x00ac1b25:OLD RLWIMI1;0x00ac1b25:OLD RLWIMI1;0x00ac1b31:OLD RLWIMI2;0x00ac1b31:OLD RLWIMI2;0x00ac1b3d:NEW RLWIMI1;0x00ac1b3d:NEW RLWIMI1;0x00ac1b49:NEW RLWIMI2;0x00ac1b49:NEW RLWIMI2;0x00ac1b55:OLD RLWIMI3;0x00ac1b61:NEW RLWIMI3;0x00ac1b6d:DEL TRAMPBR;0x00ac1b79:OLD SETHI;0x00ac1b83:NEW ADDHI;0x00ac1b8d:OLD ADDLO;0x00ac1b97:NEW ADDLO;0x00ac1ba1:NEW ADDHIINST;0x00ac1baf:NEW ADDLOINST;0x00ac1bbd:PPC ADDIC OLD;0x00ac1bcb:PPC ADDIC NEW;0x00ac1bd9:PPC ADDME OLD;0x00ac1be7:PPC ADDME NEW;0x00ac1bf5:OLD BITTESTA1;0x00ac1c03:OLD BITTESTA2;0x00ac1c11:OLD BITTESTA3;0x00ac1c1f:NEW BITTESTA1;0x00ac1c2d:NEW BITTESTA2;0x00ac1c3b:NEW BITTESTA3;0x00ac1c49:KEPT INST;0x00ac1c53:DEL SETTRAMP2;0x00ac1c53:DEL SETTRAMP2;0x00ac1c61:MAKE ROTLI OLD;0x00ac1c61:MAKE ROTLI OLD;0x00ac1c70:MAKE ROTLI NEW;0x00ac1c70:MAKE ROTLI NEW;0x00ac1c7f:MAKE ROTLI DEL;0x00ac1c7f:MAKE ROTLI DEL;0x00ac1c8e:LC COMBO;0x00ac1c97:DEL ADDREG;0x00ac1ca2:OLD LOADIMMMACRO;0x00ac1cb3:OLD ADDREG (LOC);0x00ac1cc4:OLD GET SDA ADDR;0x00ac1cd5:OLD ADD SDA ADDR;0x00ac1ce6:NEW GET INC ADDR;0x00ac1cf7:PPC CRAIG1 OLD;0x00ac1d06:PPC CRAIG1 NEW;0x00ac1d15:DEL BITSHIFT,
0x00476da3,FUN_00476da3,initialize_ppc_target_options_and_opcodes,"initialize PPC target defaults, enable Espresso suboptions, and build fixed opcode registry",0.995,decompile;option_write;callgraph,callee:0x00491eb5;option:4711;option:4715;option:4725;option:4712;option:4713;option:4714;option:4726;option:4728;option:4729;option:4997,analysis/ppc_emitter/build_ai_manifest.py,0x0047797b,3033,,0x009a1441,0x00491eb5,55:signedfields:0x00c40685;58:noscore:0x00c40688;70:unsignedptr:0x00c40694;71:singlelib:0x00c40695;74:sysV:0x00c40698;78:bigendian:0x00c4069c;80:nocodehoist:0x00c4069e;85:lcomms:0x00c406a3;87:nowasread:0x00c406a5;152:balance:0x00c406e6;207:fimm:0x00c4071d;266:repeep:0x00c40758;270:recursive_ifops:0x00c4075c;272:volatile_ifops:0x00c4075e;273:cvtif_moreifops2:0x00c4075f;325:reentrantstructreturn:0x00c40793;326:rollregs:0x00c40794;335:nonegativeshift:0x00c4079d;357:nounsignedtofloatcvt:0x00c407b3;358:nofloattounsignedcvt:0x00c407b4;382:byteregs:0x00c407cc;383:preenterexit:0x00c407cd;437:indexinstruction:0x00c40803;438:doublereg:0x00c40804;439:sizeindexmode:0x00c40805;440:generalindexmode:0x00c40806;441:indexoffsetmode:0x00c40807;490:combine_bitfield_assigns_mix:0x00c40838;592:notemptargs:0x00c4089e;619:keepfconst:0x00c408b9;663:better_unrolling_twoexit_loops:0x00c408e5;665:allow_incvar_written_in_breakblock:0x00c408e7;721:inlinefabs:0x00c4091f;754:mergecondblk:0x00c40940;808:remove_stupidbranches_before_mergeblocks:0x00c40976;825:pragmainterrupt:0x00c40987;832:ind_ignore_ndxsize:0x00c4098e;833:prepeep_obj_imm_prop:0x00c4098f;846:smalldata:0x00c4099c;910:alignlog2:0x00c409dc;925:sdastaticbase:0x00c409eb;953:hasaddc:0x00c40a07;954:hassubc:0x00c40a08;966:qcopypostofs:0x00c40a14;989:combine_bitfield_assigns_nonconst:0x00c40a2b;990:combine_bitfield_opeqs:0x00c40a2c;995:?:0x00c40a31;1009:rerepeep:0x00c40a3f;1024:useinitsect:0x00c40a4e;1041:cvtif_pointers:0x00c40a5f;1048:ppceabi11:0x00c40a66;1055:directXDAloadstore:0x00c40a6d;1059:ipeep2:0x00c40a71;1063:delaydwtextb:0x00c40a75;1071:zerodata:0x00c40a7d;1078:readonlyXDA:0x00c40a84;1089:ls_issue_false_depend:0x00c40a8f;1115:namedfilestatics:0x00c40aa9;1116:ghsasm:0x00c40aaa;1156:alignsects:0x00c40ad2;1178:moreaddrconsts:0x00c40ae8;1196:brtoc20fix:0x00c40afa;1209:clear_rego_after_cgroutineinit:0x00c40b07;1215:LX:0x00c40b0d;1216:SX:0x00c40b0e;1217:LOU:0x00c40b0f;1218:SOU:0x00c40b10;1219:LXU:0x00c40b11;1220:SXU:0x00c40b12;1235:jacintvect:0x00c40b21;1240:FLX:0x00c40b26;1241:FSX:0x00c40b27;1242:FLDX:0x00c40b28;1243:FSDX:0x00c40b29;1251:structreturn2regs:0x00c40b31;1252:structparambyref:0x00c40b32;1272:checkfloatdoubles:0x00c40b46;1273:checkreals:0x00c40b47;1278:structinreg32:0x00c40b4c;1320:ipeep2extrbits:0x00c40b76;1328:noxtmpall:0x00c40b7e;1381:newcasedispatch:0x00c40bb3;1382:efficienttricmp:0x00c40bb4;1401:subcmpsigned:0x00c40bc7;1408:noremovedepend:0x00c40bce;1413:nosdaprofvar:0x00c40bd3;1417:allocparmfix:0x00c40bd7;1422:immprop_pltypsz:0x00c40bdc;1424:loadstoremultiple:0x00c40bde;1428:rodatafixups:0x00c40be2;1429:hasrobase:0x00c40be3;1432:bigbitfieldbase:0x00c40be6;1433:hasfastbitops:0x00c40be7;1435:trimimmconcat:0x00c40be9;1497:decloops:0x00c40c27;1501:norotate:0x00c40c2b;1504:EABIfpreg:0x00c40c2e;1561:medbitfieldbase:0x00c40c67;1578:pragmafarfunc:0x00c40c78;1622:_no_fix_unaligned_structreg_load:0x00c40ca4;1631:bytereversed_indexreg_only:0x00c40cad;1641:hasrotateleft:0x00c40cb7;1692:isspecialadd_fix:0x00c40cea;1694:aggressive_shift_constprop:0x00c40cec;1719:pragma_pack_code:0x00c40d05;1755:combine_bitfield_assigns_scan:0x00c40d29;1764:overlay_scoped_decls:0x00c40d32;1769:threadlocalstorage:0x00c40d37;1798:big_isextramov:0x00c40d54;1816:caller_truncates:0x00c40d66;1851:graph_allocate:0x00c40d89;1855:makeproc_sets_retvar:0x00c40d8d;1860:structreg_unaligned_access_fix:0x00c40d92;1865:better_stack_overlay:0x00c40d97;1871:better_asmmacro_peep:0x00c40d9d;1892:noimplstore2:0x00c40db2;1938:combine_bitfield_assigns:0x00c40de0;1953:remove_redundant_compare:0x00c40def;1965:smart_pointertype:0x00c40dfb;1967:extend_incs:0x00c40dfd;1976:rotate_strength_for_preofs:0x00c40e06;1982:code_motion_preads_fix:0x00c40e0c;1987:use_thunks:0x00c40e11;2003:ppc_lift_more_ops:0x00c40e21;2005:allow_lshi_invar:0x00c40e23;2028:tailcall_peep:0x00c40e3a;2140:pass_structs_by_ptr:0x00c40eaa;2161:dwarf2_set_stmt_bit:0x00c40ebf;2168:hasmuluh:0x00c40ec6;2217:no_max_loophdr:0x00c40ef7;2289:not_strict_target_size:0x00c40f3f;2300:better_loadstore2:0x00c40f4a;2303:aggressive_increment_search:0x00c40f4d;2391:betterbitfieldincdec:0x00c40fa5;2421:early_prepostofs:0x00c40fc3;2428:combine_bitfields_reorder:0x00c40fca;2448:ppc_memmove_copy_structs:0x00c40fde;2486:consistenthilo:0x00c41004;2502:betterloopconst:0x00c41014;2511:remove_andi_from_rotlwi:0x00c4101d;2521:gonofurtherfix:0x00c41027;2527:gofurther_doublereg:0x00c4102d;2547:no_packed_const:0x00c41041;2577:combineloopincs:0x00c4105f;2578:remove_unused_linearvar:0x00c41060;2583:nonPIC_disable_getcb:0x00c41065;2588:newppcbitfieldli:0x00c4106a;2595:fast_compile:0x00c41071;2597:better_ppc_extrwi:0x00c41073;2611:consistent_overshifts:0x00c41081;2614:leave_in_compares:0x00c41084;2620:redundant_hilo_const2:0x00c4108a;2654:remove_useless_preofs:0x00c410ac;2655:mini_maxi_pseudo_insts:0x00c410ad;2667:badsize_mini_maxi:0x00c410b9;2684:ppc_preofs_when_others_have_offset:0x00c410ca;2686:ppc_lwz_absol:0x00c410cc;2687:ppc_uncond_bctr:0x00c410cd;2689:addloadswap3:0x00c410cf;2697:mergeaddload_makes_sprel:0x00c410d7;2698:ppc_use_rotlwi_for_andi_more:0x00c410d8;2701:removetruncs3:0x00c410db;2725:better_preads_fix:0x00c410f3;2742:ppc_rotate_peep:0x00c41104;2743:ppc_better_sdazda_li:0x00c41105;2744:better_whichsdakind:0x00c41106;2775:inline_64bit_cmp_zero:0x00c41125;2776:mergeaddload2_triadd:0x00c41126;2795:combine_compare_zero:0x00c41139;2866:better_succs_preds:0x00c41180;2920:const_spill_makes_const:0x00c411b6;2939:loop_const_clumper:0x00c411c9;2944:allocregs_with_movebias:0x00c411ce;2951:allocregs_reducegraph_fully:0x00c411d5;2957:better_64tick_peep:0x00c411db;2997:better_machopusesregm:0x00c41203;3019:more_direct_64_eval:0x00c41219;3055:use_betterloopconst_for_addrconst:0x00c4123d;3058:removetruncs3_andi:0x00c41240;3063:always_put_bitfield_base_in_temp:0x00c41245;3064:alignreg64on32:0x00c41246;3131:simple_loop_range_analysis:0x00c41289;3144:pre:0x00c41296;3147:obj_align_chkptr2:0x00c41299;3170:maybeoverlay_check_locality:0x00c412b0;3183:allocregs_directdatadep:0x00c412bd;3244:nooptimizex:0x00c412fa;3363:eval_two_qjfalses:0x00c41371;3432:inttofloat_nobranch:0x00c413b6;3526:tdeh_put_tables_in_ram:0x00c41414;3708:better_dot_align:0x00c414ca;3855:dtrace_on_target:0x00c4155d;3876:dtrace_value_in_packetid:0x00c41572;3911:dtrace_high16:0x00c41595;3937:linkerchoosesXDAbase:0x00c415af;4133:no_cost_adjustment:0x00c41673;4134:minimum_const_conversion:0x00c41674;4135:better_addrconst0:0x00c41675;4137:force_big_const_addr_into_temp:0x00c41677;4167:loop_cost_prediction:0x00c41695;4170:sorted_invariantlist:0x00c41698;4417:isvalueof_base_opt:0x00c4178f;4498:cvtif_src_memaccess:0x00c417e0;4666:dwarf_no_frame_sec:0x00c41888;4711:espresso_basic_ps_opt:0x00c418b5;4712:espresso_combine_merge:0x00c418b6;4713:espresso_combine_load:0x00c418b7;4714:espresso_combine_store:0x00c418b8;4715:espresso_loadstore_opt:0x00c418b9;4725:espresso_peepholes:0x00c418c3;4726:espresso_fsplat:0x00c418c4;4728:espresso_cmp:0x00c418c6;4729:espresso_ps_pre:0x00c418c7;4925:ppc_fast_float64_memcopy:0x00c4198b;4942:ppc_better_smallprologue:0x00c4199c;4997:espresso_ps_structinreg:0x00c419d3;4999:cafetls:0x00c419d5;5030:threaddata:0x00c419f4;5031:thread_commons:0x00c419f5;7005:?:0x00c421ab,,
0x00476da3,FUN_00476da3,ppc_target_initialize,initialize PPC target globals/opcode registry and default-enable Nintendo paired-single optimizations,0.995,decompile;option_defaults;callee_graph,callee:0x00491eb5;analysis/ppc_emitter/target_default_options.csv,analysis/ppc_emitter/build_ai_manifest.py,0x0047797b,3033,,0x009a1441,0x00491eb5,55:signedfields:0x00c40685;58:noscore:0x00c40688;70:unsignedptr:0x00c40694;71:singlelib:0x00c40695;74:sysV:0x00c40698;78:bigendian:0x00c4069c;80:nocodehoist:0x00c4069e;85:lcomms:0x00c406a3;87:nowasread:0x00c406a5;152:balance:0x00c406e6;207:fimm:0x00c4071d;266:repeep:0x00c40758;270:recursive_ifops:0x00c4075c;272:volatile_ifops:0x00c4075e;273:cvtif_moreifops2:0x00c4075f;325:reentrantstructreturn:0x00c40793;326:rollregs:0x00c40794;335:nonegativeshift:0x00c4079d;357:nounsignedtofloatcvt:0x00c407b3;358:nofloattounsignedcvt:0x00c407b4;382:byteregs:0x00c407cc;383:preenterexit:0x00c407cd;437:indexinstruction:0x00c40803;438:doublereg:0x00c40804;439:sizeindexmode:0x00c40805;440:generalindexmode:0x00c40806;441:indexoffsetmode:0x00c40807;490:combine_bitfield_assigns_mix:0x00c40838;592:notemptargs:0x00c4089e;619:keepfconst:0x00c408b9;663:better_unrolling_twoexit_loops:0x00c408e5;665:allow_incvar_written_in_breakblock:0x00c408e7;721:inlinefabs:0x00c4091f;754:mergecondblk:0x00c40940;808:remove_stupidbranches_before_mergeblocks:0x00c40976;825:pragmainterrupt:0x00c40987;832:ind_ignore_ndxsize:0x00c4098e;833:prepeep_obj_imm_prop:0x00c4098f;846:smalldata:0x00c4099c;910:alignlog2:0x00c409dc;925:sdastaticbase:0x00c409eb;953:hasaddc:0x00c40a07;954:hassubc:0x00c40a08;966:qcopypostofs:0x00c40a14;989:combine_bitfield_assigns_nonconst:0x00c40a2b;990:combine_bitfield_opeqs:0x00c40a2c;995:?:0x00c40a31;1009:rerepeep:0x00c40a3f;1024:useinitsect:0x00c40a4e;1041:cvtif_pointers:0x00c40a5f;1048:ppceabi11:0x00c40a66;1055:directXDAloadstore:0x00c40a6d;1059:ipeep2:0x00c40a71;1063:delaydwtextb:0x00c40a75;1071:zerodata:0x00c40a7d;1078:readonlyXDA:0x00c40a84;1089:ls_issue_false_depend:0x00c40a8f;1115:namedfilestatics:0x00c40aa9;1116:ghsasm:0x00c40aaa;1156:alignsects:0x00c40ad2;1178:moreaddrconsts:0x00c40ae8;1196:brtoc20fix:0x00c40afa;1209:clear_rego_after_cgroutineinit:0x00c40b07;1215:LX:0x00c40b0d;1216:SX:0x00c40b0e;1217:LOU:0x00c40b0f;1218:SOU:0x00c40b10;1219:LXU:0x00c40b11;1220:SXU:0x00c40b12;1235:jacintvect:0x00c40b21;1240:FLX:0x00c40b26;1241:FSX:0x00c40b27;1242:FLDX:0x00c40b28;1243:FSDX:0x00c40b29;1251:structreturn2regs:0x00c40b31;1252:structparambyref:0x00c40b32;1272:checkfloatdoubles:0x00c40b46;1273:checkreals:0x00c40b47;1278:structinreg32:0x00c40b4c;1320:ipeep2extrbits:0x00c40b76;1328:noxtmpall:0x00c40b7e;1381:newcasedispatch:0x00c40bb3;1382:efficienttricmp:0x00c40bb4;1401:subcmpsigned:0x00c40bc7;1408:noremovedepend:0x00c40bce;1413:nosdaprofvar:0x00c40bd3;1417:allocparmfix:0x00c40bd7;1422:immprop_pltypsz:0x00c40bdc;1424:loadstoremultiple:0x00c40bde;1428:rodatafixups:0x00c40be2;1429:hasrobase:0x00c40be3;1432:bigbitfieldbase:0x00c40be6;1433:hasfastbitops:0x00c40be7;1435:trimimmconcat:0x00c40be9;1497:decloops:0x00c40c27;1501:norotate:0x00c40c2b;1504:EABIfpreg:0x00c40c2e;1561:medbitfieldbase:0x00c40c67;1578:pragmafarfunc:0x00c40c78;1622:_no_fix_unaligned_structreg_load:0x00c40ca4;1631:bytereversed_indexreg_only:0x00c40cad;1641:hasrotateleft:0x00c40cb7;1692:isspecialadd_fix:0x00c40cea;1694:aggressive_shift_constprop:0x00c40cec;1719:pragma_pack_code:0x00c40d05;1755:combine_bitfield_assigns_scan:0x00c40d29;1764:overlay_scoped_decls:0x00c40d32;1769:threadlocalstorage:0x00c40d37;1798:big_isextramov:0x00c40d54;1816:caller_truncates:0x00c40d66;1851:graph_allocate:0x00c40d89;1855:makeproc_sets_retvar:0x00c40d8d;1860:structreg_unaligned_access_fix:0x00c40d92;1865:better_stack_overlay:0x00c40d97;1871:better_asmmacro_peep:0x00c40d9d;1892:noimplstore2:0x00c40db2;1938:combine_bitfield_assigns:0x00c40de0;1953:remove_redundant_compare:0x00c40def;1965:smart_pointertype:0x00c40dfb;1967:extend_incs:0x00c40dfd;1976:rotate_strength_for_preofs:0x00c40e06;1982:code_motion_preads_fix:0x00c40e0c;1987:use_thunks:0x00c40e11;2003:ppc_lift_more_ops:0x00c40e21;2005:allow_lshi_invar:0x00c40e23;2028:tailcall_peep:0x00c40e3a;2140:pass_structs_by_ptr:0x00c40eaa;2161:dwarf2_set_stmt_bit:0x00c40ebf;2168:hasmuluh:0x00c40ec6;2217:no_max_loophdr:0x00c40ef7;2289:not_strict_target_size:0x00c40f3f;2300:better_loadstore2:0x00c40f4a;2303:aggressive_increment_search:0x00c40f4d;2391:betterbitfieldincdec:0x00c40fa5;2421:early_prepostofs:0x00c40fc3;2428:combine_bitfields_reorder:0x00c40fca;2448:ppc_memmove_copy_structs:0x00c40fde;2486:consistenthilo:0x00c41004;2502:betterloopconst:0x00c41014;2511:remove_andi_from_rotlwi:0x00c4101d;2521:gonofurtherfix:0x00c41027;2527:gofurther_doublereg:0x00c4102d;2547:no_packed_const:0x00c41041;2577:combineloopincs:0x00c4105f;2578:remove_unused_linearvar:0x00c41060;2583:nonPIC_disable_getcb:0x00c41065;2588:newppcbitfieldli:0x00c4106a;2595:fast_compile:0x00c41071;2597:better_ppc_extrwi:0x00c41073;2611:consistent_overshifts:0x00c41081;2614:leave_in_compares:0x00c41084;2620:redundant_hilo_const2:0x00c4108a;2654:remove_useless_preofs:0x00c410ac;2655:mini_maxi_pseudo_insts:0x00c410ad;2667:badsize_mini_maxi:0x00c410b9;2684:ppc_preofs_when_others_have_offset:0x00c410ca;2686:ppc_lwz_absol:0x00c410cc;2687:ppc_uncond_bctr:0x00c410cd;2689:addloadswap3:0x00c410cf;2697:mergeaddload_makes_sprel:0x00c410d7;2698:ppc_use_rotlwi_for_andi_more:0x00c410d8;2701:removetruncs3:0x00c410db;2725:better_preads_fix:0x00c410f3;2742:ppc_rotate_peep:0x00c41104;2743:ppc_better_sdazda_li:0x00c41105;2744:better_whichsdakind:0x00c41106;2775:inline_64bit_cmp_zero:0x00c41125;2776:mergeaddload2_triadd:0x00c41126;2795:combine_compare_zero:0x00c41139;2866:better_succs_preds:0x00c41180;2920:const_spill_makes_const:0x00c411b6;2939:loop_const_clumper:0x00c411c9;2944:allocregs_with_movebias:0x00c411ce;2951:allocregs_reducegraph_fully:0x00c411d5;2957:better_64tick_peep:0x00c411db;2997:better_machopusesregm:0x00c41203;3019:more_direct_64_eval:0x00c41219;3055:use_betterloopconst_for_addrconst:0x00c4123d;3058:removetruncs3_andi:0x00c41240;3063:always_put_bitfield_base_in_temp:0x00c41245;3064:alignreg64on32:0x00c41246;3131:simple_loop_range_analysis:0x00c41289;3144:pre:0x00c41296;3147:obj_align_chkptr2:0x00c41299;3170:maybeoverlay_check_locality:0x00c412b0;3183:allocregs_directdatadep:0x00c412bd;3244:nooptimizex:0x00c412fa;3363:eval_two_qjfalses:0x00c41371;3432:inttofloat_nobranch:0x00c413b6;3526:tdeh_put_tables_in_ram:0x00c41414;3708:better_dot_align:0x00c414ca;3855:dtrace_on_target:0x00c4155d;3876:dtrace_value_in_packetid:0x00c41572;3911:dtrace_high16:0x00c41595;3937:linkerchoosesXDAbase:0x00c415af;4133:no_cost_adjustment:0x00c41673;4134:minimum_const_conversion:0x00c41674;4135:better_addrconst0:0x00c41675;4137:force_big_const_addr_into_temp:0x00c41677;4167:loop_cost_prediction:0x00c41695;4170:sorted_invariantlist:0x00c41698;4417:isvalueof_base_opt:0x00c4178f;4498:cvtif_src_memaccess:0x00c417e0;4666:dwarf_no_frame_sec:0x00c41888;4711:espresso_basic_ps_opt:0x00c418b5;4712:espresso_combine_merge:0x00c418b6;4713:espresso_combine_load:0x00c418b7;4714:espresso_combine_store:0x00c418b8;4715:espresso_loadstore_opt:0x00c418b9;4725:espresso_peepholes:0x00c418c3;4726:espresso_fsplat:0x00c418c4;4728:espresso_cmp:0x00c418c6;4729:espresso_ps_pre:0x00c418c7;4925:ppc_fast_float64_memcopy:0x00c4198b;4942:ppc_better_smallprologue:0x00c4199c;4997:espresso_ps_structinreg:0x00c419d3;4999:cafetls:0x00c419d5;5030:threaddata:0x00c419f4;5031:thread_commons:0x00c419f5;7005:?:0x00c421ab,,
0x0047e00e,FUN_0047e00e,print_ppc_operand,recursive PPC textual operand/relocation printer,0.980,decompile;output_calls,analysis/ppc_emitter/decompiled/0047e00e_asm_instruction_printer.c,analysis/ppc_emitter/build_ai_manifest.py,0x0047efe4,4055,,0x0042eda3;0x0047e00e;0x0047f1a6;0x00481e3f;0x004e4d49;0x004e5e63;0x004eb9c2;0x004f2de7;0x004f31ef;0x004f87ed;0x00520df4;0x00520ff6;0x005735b7;0x0066f13e;0x0068cd67;0x0068d736;0x006a0ed6;0x006b2ae7;0x006b3827;0x006bbf26;0x006bc0d8;0x006cc746;0x006cc9e5;0x006cd035;0x006cd2f9;0x0071661c;0x0071b891;0x0071bc67;0x0071c859;0x0071c984;0x0074123f;0x0074281b;0x007430b7;0x00743a1f,0x004654d6;0x0047c14d;0x0047dded;0x0047e00e;0x004e5347;0x004e547a;0x004e55cc;0x004e6937;0x00522354;0x00568af3;0x00568d7a;0x005b99ff;0x0068d736;0x006b0f02;0x006ba38f;0x006bfe34;0x006c1109;0x006c5950,20:nofirstunder:0x00c40662;58:noscore:0x00c40688;542:linux_ppc64_abi:0x00c4086c;843:PIDearly:0x00c40999;848:PICearly:0x00c4099e;1023:gnuasm:0x00c40a4d;2686:ppc_lwz_absol:0x00c410cc;3627:linux_ppc64_abi_call_func_desc:0x00c41479;4999:cafetls:0x00c419d5;7012:?:0x00c421b2,0x00ac4f6c:%tlslo(;0x00ac4f74:%pidlo(;0x00ac4f7c:%hiadj(;0x00ac4f7c:%hiadj(;0x00ac4f8c:ADDR(;0x00ac4f9f:*FIMM*;0x00ac4fab:%pidhiadj2(;0x00ac4fb7:%%sdaoff(;0x00ac4fc1:%pidhighera2(;0x00ac4fcf:%pidhighesta(;0x00ac4fdd:%highera(;0x00ac4fdd:%highera(;0x00ac4fe7:@highesta;0x00ac4ff1:%tlshiadj(;0x00ac4ffc:%pidlo2(;0x00ac5005:%pidaddbase(;0x00ac5005:%pidaddbase(;0x00ac5012:%pidhighesta2(;0x00ac5021:%pidhighera(;0x00ac502e:%pidhiadj(;0x00ac5039:%highesta(;0x00ac5039:%highesta(;0x00ac5044:@highera,
0x0047f1a6,FUN_0047f1a6,emit_ppc_instruction,per-instruction output split between text assembly and binary object encoding,0.995,option_gate;decompile;callgraph,option:75;callee:0x00497b18;analysis/ppc_emitter/decompiled_output/0047f1a6_ppc_instruction_text_or_object_emitter.c,analysis/ppc_emitter/build_ai_manifest.py,0x0048169f,9466,,0x0046ca9f;0x0046d726;0x00470998;0x00481e3f;0x004e4d49;0x004f5247;0x0052129d;0x005213eb;0x0066ec65;0x0066f13e;0x00670f96;0x006a616c;0x006a6362;0x006a757f;0x006cd035;0x00718419;0x0071968e;0x00719f15;0x0076a202,0x00444d5c;0x00454ad6;0x004654d6;0x0047c0f3;0x0047c14d;0x0047c3f0;0x0047dd79;0x0047dd8b;0x0047dded;0x0047e00e;0x0047efe5;0x0047f05a;0x0047f0ee;0x00491e29;0x00497b18;0x004a3a23;0x004a969d;0x004df7fc;0x004e5347;0x004e55cc;0x004eee04;0x004f4e44;0x004f88de;0x00522354;0x005225ad;0x00568af3;0x00568d7a;0x0058fd09;0x0059954e;0x0059b41d;0x005b95ff;0x005b9604;0x005b9609;0x005b99ff;0x0063d9ae;0x006afb27;0x006b106f;0x006b11dc;0x006b9884;0x006bc0d8;0x006bfe34;0x006c920f;0x00991a93;0x00991e76,75:obj:0x00c40699;309:showspoff:0x00c40783;445:bigcase:0x00c4080b;542:linux_ppc64_abi:0x00c4086c;696:ppcvle:0x00c40906;780:ELF:0x00c4095a;848:PICearly:0x00c4099e;899:64bitptr:0x00c409d1;929:dwarf_v2:0x00c409ef;1023:gnuasm:0x00c40a4d;1110:ppcmisalignld:0x00c40aa4;1128:ppcsfp:0x00c40ab6;1164:powerarch:0x00c40ada;1200:ppcabipic:0x00c40afe;1201:ppclargegot:0x00c40aff;1346:elfobj:0x00c40b90;1893:ghdb:0x00c40db3;2274:output_volatile_tags:0x00c40f30;2619:annotate_assembly:0x00c41089;3668:always_emit_call_nops:0x00c414a2;7017:?:0x00c421b7,"0x00ac46d0:@_GLOBAL_OFFSET_TABLE_-4;0x00ac5055:cr1, ;0x00ac505b:$ + 8;0x00ac5061:stwbr;0x00ac5061:stwbr;0x00ac5067:sthbr;0x00ac5067:sthbr;0x00ac506d:255, ;0x00ac5073:, cr0;0x00ac5079: b %0M;0x00ac5080:%%plt(;0x00ac5096:, 0, 0;0x00ac50a2: %M, %M@got(%M);0x00ac50b2: %M, %M(%M);0x00ac50be: %s %0M, ;0x00ac50be: %s %0M, ;0x00ac50be: %s %0M, ;0x00ac50c8:s %M, %%gothi(%M);0x00ac50da:i %M, %M, %%gotlo(%M);0x00ac50f0:is %M, %M, %%gothiadj(%M);0x00ac510a: %M, %M@got@l(%M);0x00ac511c: %M, %M@l(%M);0x00ac512a: subf %M, %M, %M ;0x00ac513c: addi %M, %M, %d ;0x00ac513c: addi %M, %M, %d ;0x00ac514e:is %M, %M, %d;0x00ac515c: creqv 6, 6, 6;0x00ac516b: crxor 6, 6, 6;0x00ac517a: %s%c %0M, %0M, ;0x00ac518b:s %M, %M@got@h;0x00ac519a:s %M, %M@h;0x00ac51a5:i %M, %M, %M@got@l;0x00ac51b8:i %M, %M, %M@l;0x00ac51c7:x %M, %M, %M;0x00ac51c7:x %M, %M, %M;0x00ac51d4:is %M, %M, %M@got@ha;0x00ac51e9:is %M, %M, %M@ha;0x00ac51fa: %M, %%gotlo(%M)(%M);0x00ac520f: %M, %%got(%M)(%M);0x00ac5222: addis %M, %M, %d ;0x00ac5222: addis %M, %M, %d ;0x00ac5235: add %M, %M, %M ;0x00ac5246:i %M, %M, %d;0x00ac5253:, %d, %d;0x00ac525c: cror 2, 0, 2 ;0x00ac526b: cror 2, 1, 2 ",
0x00491dc0,FUN_00491dc0,register_opcode_descriptor,insert mnemonic/base-word/format descriptor into 255-bucket hash table,0.995,decompile;data_structure,analysis/ppc_emitter/decompiled/00491dc0_ppc_opcode_register_entry.c;0x00bdae18,analysis/ppc_emitter/build_ai_manifest.py,0x00491e28,105,,0x00491eb5;0x0049aa41,0x005a1d6b;0x00a94070,,,
0x00491eb5,FUN_00491eb5,initialize_ppc_opcode_table,register 572 fixed PPC opcode descriptors including Espresso paired-single encodings,0.999,decompile;string_xref;constant_table,analysis/ppc_emitter/opcode_table.csv;analysis/ppc_emitter/decompiled/00491eb5_ppc_opcode_table_init.c,analysis/ppc_emitter/build_ai_manifest.py,0x00494bba,11526,,0x00476da3,0x00491dc0;0x00491e90,,0x00ac5a90:cntlzw.;0x00ac5a98:rlwinm.;0x00ac5aa0:rlwimi.;0x00ac5aa8:fmadds.;0x00ac5ab0:fmsubs.;0x00ac5ab8:fnmadd.;0x00ac5ac0:fnmadds;0x00ac5ac8:fnmsub.;0x00ac5ad0:fnmsubs;0x00ac5ad8:fctiwz.;0x00ac5ae0:subfco.;0x00ac5ae8:addmeo.;0x00ac5af0:subfe64;0x00ac5af8:subfeo.;0x00ac5b00:subfme.;0x00ac5b08:subfmeo;0x00ac5b10:addzeo.;0x00ac5b18:subfze.;0x00ac5b20:subfzeo;0x00ac5b28:mullwo.;0x00ac5b30:mulhwu.;0x00ac5b38:mulldo.;0x00ac5b38:mulldo.;0x00ac5b40:mulhdu.;0x00ac5b40:mulhdu.;0x00ac5b48:divwuo.;0x00ac5b50:divduo.;0x00ac5b50:divduo.;0x00ac5b58:insrwi.;0x00ac5b60:extlwi.;0x00ac5b68:extrwi.;0x00ac5b70:extldi.;0x00ac5b70:extldi.;0x00ac5b78:extrdi.;0x00ac5b78:extrdi.;0x00ac5b80:clrlwi.;0x00ac5b88:clrrwi.;0x00ac5b90:fsqrts.;0x00ac5b98:frsqrte;0x00ac5ba0:cntlzd.;0x00ac5ba8:fctidz.;0x00ac5bb0:insrdi.;0x00ac5bb8:clrldi.;0x00ac5bc0:clrrdi.;0x00ac5bc8:evcmpeq;0x00ac5bd0:efscfsf;0x00ac5bd8:efscfuf;0x00ac5be0:efsctsf;0x00ac5be8:efsctuf;0x00ac5bf0:efscfui;0x00ac5bf8:efscfsi;0x00ac5c00:efsctui;0x00ac5c08:efsctsi;0x00ac5c10:ptesync;0x00ac5c18:tlbsync;0x00ac5c20:e_cmphl;0x00ac5c28:efdnabs;0x00ac5c30:efdcfsi;0x00ac5c38:efdcfui;0x00ac5c40:efdctsi;0x00ac5c48:efdctui;0x00ac5c50:efsmadd;0x00ac5c58:efsmsub;0x00ac5c60:psq_lux,
0x004952b8,FUN_004952b8,insert_instruction_field,mask and insert one value into a selected bitfield of a 32-bit PPC instruction word,0.999,decompile;bitfield_primitive,caller:0x00495fc4;caller:0x00496041;caller:0x004960f6;caller:0x004962cb,analysis/ppc_emitter/build_ai_manifest.py,0x004952d8,33,,0x00495fc4;0x00496041;0x004960f6;0x004961ab;0x004961f7;0x00496261;0x004962cb;0x00496348;0x00496411;0x004964aa;0x0049655f,,,,
0x004952d9,FUN_004952d9,resolve_operand_value,resolve immediate/symbol/relocation value for binary encoder,0.910,decompile;callee_graph,analysis/ppc_emitter/decompiled_output/004952d9_resolve_operand_value.c;caller:0x00497b18,analysis/ppc_emitter/build_ai_manifest.py,0x00495d18,2512,,0x004952d9;0x00497b18;0x004a263f,0x004952d9;0x00568af3;0x00568d7a;0x0058fd09;0x0058fd71;0x006ba38f;0x006c1109;0x006c5950,848:PICearly:0x00c4099e;1067:ppctoc:0x00c40a79,,
0x00495d19,FUN_00495d19,map_register_number,map IR register operand to encoded 5-bit PPC register number,0.990,decompile;field_packer_use,analysis/ppc_emitter/decompiled_output/00495d19_map_register_number.c,analysis/ppc_emitter/build_ai_manifest.py,0x00495edf,387,,0x00495d19;0x004965be;0x00497b18;0x004a263f,0x00495d19;0x00568af3;0x00568d7a,,,
0x00495fc4,FUN_00495fc4,encode_d_form,pack D-form fields and emit one 32-bit instruction word,0.999,decompile;bitfield_positions;output_call,"bits:21:5,16:5,0:16;callee:0x004e5aad",analysis/ppc_emitter/build_ai_manifest.py,0x00496040,125,,0x00497b18;0x004a263f,0x004952b8;0x004e5aad;0x0062375b,,,
0x00496041,FUN_00496041,encode_psq_d_form,pack Espresso psq D-form including W/I fields,0.999,decompile;opcode_table,"format:0xa3;bits:21:5,16:5,0:12,15:1,12:3",analysis/ppc_emitter/build_ai_manifest.py,0x004960f5,181,,0x00497b18,0x004952b8;0x004e5aad;0x0062375b,,,
0x004960f6,FUN_004960f6,encode_psq_x_form,pack Espresso psq indexed form including W/I fields,0.999,decompile;opcode_table,"format:0xa4;bits:21:5,16:5,11:5,10:1,7:3",analysis/ppc_emitter/build_ai_manifest.py,0x004961aa,181,,0x00497b18,0x004952b8;0x004e5aad;0x0062375b,,,
0x004961ab,FUN_004961ab,encode_branch_i_form,pack PPC I-form branch displacement,0.990,decompile;bitfield_positions,shift:2;width:24,analysis/ppc_emitter/build_ai_manifest.py,0x004961f6,76,,0x00497b18,0x004952b8;0x004e5aad;0x0058fd09;0x0062375b,,,
0x004961f7,FUN_004961f7,encode_branch_b_form,pack PPC B-form BO/BI and branch displacement,0.980,decompile;bitfield_positions,bits:18:3;disp_shift:2;width:14,analysis/ppc_emitter/build_ai_manifest.py,0x00496260,106,,0x00497b18,0x004952b8;0x004e5aad;0x0058fd09;0x0062375b,,,
0x004962cb,FUN_004962cb,encode_x_form,pack three 5-bit PPC X-form fields,0.999,decompile;bitfield_positions,"bits:21:5,16:5,11:5",analysis/ppc_emitter/build_ai_manifest.py,0x00496347,125,,0x004965be;0x00497b18,0x004952b8;0x004e5aad;0x0062375b,,,
0x00496348,FUN_00496348,encode_rotate_mask_form,pack split PPC rotate/mask fields,0.990,decompile;bitfield_positions,analysis/ppc_emitter/decompiled_output/00496348_encode_rotate_mask_form.c,analysis/ppc_emitter/build_ai_manifest.py,0x00496410,201,,0x00497b18,0x004952b8;0x004e5aad;0x0062375b,,,
0x004964aa,FUN_004964aa,encode_multi_field_form,pack five PPC instruction fields,0.990,decompile;bitfield_positions,"bits:21:5,16:5,11:5,6:5,1:5",analysis/ppc_emitter/build_ai_manifest.py,0x0049655e,181,,0x00497b18;0x004a263f,0x004952b8;0x004e5aad;0x0062375b,,,
0x004969e6,FUN_004969e6,lookup_opcode_descriptor,construct final mnemonic spelling and hash-lookup encoding descriptor,0.995,decompile;hash_table,hash_table:0x00bdae18;analysis/ppc_emitter/decompiled_output/004969e6_lookup_opcode_descriptor.c,analysis/ppc_emitter/build_ai_manifest.py,0x00497006,1569,,0x00497b18,0x004654d6;0x00568af3;0x00568d7a;0x005a1d6b;0x006b11dc;0x00a94070;0x00a94190;0x00a956a0,1164:powerarch:0x00c40ada;2062:AltiVec:0x00c40e5c,0x00ac6810:stwbr;0x00ac6816:sthbr,
0x00497b18,FUN_00497b18,encode_ppc_object_instruction,binary/object PPC instruction encoder dispatching by descriptor format id,0.999,decompile;opcode_table;option_gate,option:1346;descriptor_lookup:0x004969e6,analysis/ppc_emitter/build_ai_manifest.py,0x0049a2e6,9607,,0x0047f1a6,0x00491e29;0x004952d9;0x00495d19;0x00495ee0;0x00495fc4;0x00496041;0x004960f6;0x004961ab;0x004961f7;0x00496261;0x004962cb;0x00496348;0x004964aa;0x0049655f;0x004965be;0x004969e6;0x00497007;0x004a969d;0x004e57e7;0x004e59aa;0x004e5aad;0x004e76f6;0x004efe25;0x00568af3;0x00568d7a;0x00573543;0x0058fd09;0x0059954e;0x006212e6;0x006213ae;0x0062375b;0x006259e4;0x0063dc43;0x0063dfd1;0x0063e098;0x006b106f;0x006b1096;0x006bc0d8;0x006bfe34,445:bigcase:0x00c4080b;696:ppcvle:0x00c40906;848:PICearly:0x00c4099e;1110:ppcmisalignld:0x00c40aa4;1128:ppcsfp:0x00c40ab6;1346:elfobj:0x00c40b90;1893:ghdb:0x00c40db3;2686:ppc_lwz_absol:0x00c410cc,,
0x0049a873,FUN_0049a873,ppc_relocation_adjust,target +0x7b4 callback; adjust PPC relocation field offset/width and selected relocation kinds before generic object relocation creation,0.940,vtable_slot;decompile;relocation_path,target_slot:0x7b4;caller:0x004e76f6;analysis/ppc_emitter/decompiled/0049a873_ppc_relocation_adjust.c,analysis/ppc_emitter/build_ai_manifest.py,0x0049a998,294,,,0x004a969d,78:bigendian:0x00c4069c;995:?:0x00c40a31,,0x7b4
0x004e57e7,FUN_004e57e7,write_object_halfword,write one 16-bit halfword to text/object output with target endianness,0.990,decompile;option_gate;output_path,option:75;option:78;analysis/ppc_emitter/decompiled/004e57e7_write_object_halfword.c,analysis/ppc_emitter/build_ai_manifest.py,0x004e5959,371,,0x00497b18;0x004a25a5;0x004e59aa;0x004e5aad;0x004ea566;0x004ecaa2,0x0047dd67;0x004e4c9f;0x004e55cc;0x004e5670;0x004e56ff;0x004e595a;0x00522354;0x00568af3,75:obj:0x00c40699;78:bigendian:0x00c4069c;1607:stringsinpools:0x00c40c95,,
0x004e5aad,FUN_004e5aad,write_object_word,write one 32-bit word using output endianness/object mode,0.995,decompile;option_gate,option:75;option:78;analysis/ppc_emitter/decompiled/004e5aad_write_object_word.c,analysis/ppc_emitter/build_ai_manifest.py,0x004e5ce0,564,,0x00443695;0x004819b4;0x00495fa2;0x00495fc4;0x00496041;0x004960f6;0x004961ab;0x004961f7;0x00496261;0x004962cb;0x00496348;0x00496411;0x004964aa;0x0049655f;0x00497b18;0x004a25c8;0x004e5ce1;0x004ea23a;0x004ecaa2;0x004f2723;0x00621c85;0x006220a7;0x00630f90;0x006c920f,0x0047dd67;0x004e4c9f;0x004e55cc;0x004e5670;0x004e57e7;0x004e595a;0x00522354;0x00568af3;0x0058fd09,75:obj:0x00c40699;78:bigendian:0x00c4069c;1607:stringsinpools:0x00c40c95,,
0x004e76f6,FUN_004e76f6,add_object_relocation,create object relocation records for symbolic PPC operands,0.970,decompile;relocation_calls,analysis/ppc_emitter/decompiled/004e76f6_add_object_relocation.c,analysis/ppc_emitter/build_ai_manifest.py,0x004e86f1,4064,,0x00497007;0x00497b18;0x004a263f;0x004e5e63;0x004e76f6,0x004d9b7d;0x004e427d;0x004e61d5;0x004e6c29;0x004e76ad;0x004e76f6;0x004e8847;0x004e9dcd;0x00568af3;0x0062e3e0;0x0062e8f3;0x0062ea39;0x0062f3eb;0x0062f431;0x0063090b;0x0063094a;0x00630a7a,141:interproc_staticbase:0x00c406db;221:blockcheck:0x00c4072b;250:thumb2:0x00c40748;462:use_fully_qualified_relocs:0x00c4081c;1397:?:0x00c40bc3;1685:thumb:0x00c40ce3;1778:absblockloc:0x00c40d40;3044:fullsymrelocs:0x00c41232;3158:no_blockreloc_fix:0x00c412a4;3196:function_relative_relocations:0x00c412ca;4397:blockfixes:0x00c4177b,,
0x004f5247,FUN_004f5247,write_compiled_procedure,iterate final instructions and send each to target output routine,0.970,decompile;callgraph,callee:0x0047f1a6;analysis/ppc_emitter/decompiled/004f5247_post_codegen_metrics_or_stats.c,analysis/ppc_emitter/build_ai_manifest.py,0x004f5963,1821,,0x006ae05c,0x0047f1a6;0x004816c0;0x00481816;0x004e5347;0x004e7105;0x004e873c;0x004eee04;0x004ef189;0x004efa9a;0x004f0fe9;0x004f4c4a;0x004f5000;0x004f502b;0x005225ad;0x00528014;0x00568af3;0x00568d7a;0x0059c4fc;0x0059c814;0x006213b8;0x00621bdf;0x006264eb;0x0062f3eb;0x006307ad;0x0063d23b;0x0063d5da;0x006721a9,10:consistent:0x00c40658;66:?:0x00c40690;74:sysV:0x00c40698;75:obj:0x00c40699;110:?:0x00c406bc;629:outtdesc:0x00c408c3;745:has_delay_slot:0x00c40937;767:better_asm_format:0x00c4094d;780:ELF:0x00c4095a;1346:elfobj:0x00c40b90;1361:dbgmangledprocs:0x00c40b9f;1893:ghdb:0x00c40db3;2013:ghdb_pi:0x00c40e2b;2296:align_labels:0x00c40f46;2486:consistenthilo:0x00c41004;3330:gen_endbegin_proc:0x00c41350;3450:keepblocklabels:0x00c413c8;3838:consistentcode:0x00c4154c,0x00acedf6:%;Routine complexity metric: %d ,
0x0062375b,FUN_0062375b,advance_output_position,advance emitted-code position and debug/output accounting before each encoded instruction word,0.990,decompile;encoder_callgraph,callee_from:0x00495fc4;analysis/ppc_emitter/decompiled/0062375b_advance_output_location.c,analysis/ppc_emitter/build_ai_manifest.py,0x006237fc,162,,0x0047c3f0;0x00495fa2;0x00495fc4;0x00496041;0x004960f6;0x004961ab;0x004961f7;0x00496261;0x004962cb;0x00496348;0x00496411;0x004964aa;0x0049655f;0x00497b18;0x004a25a5;0x004a25c8;0x006b3827;0x006bbf26;0x0074123f,0x004e5347;0x00625bfb;0x0063d6d3,1189:dotsym:0x00c40af3;1893:ghdb:0x00c40db3;2013:ghdb_pi:0x00c40e2b;3110:showtextoff:0x00c41274,0x00b021ca:OFF:%d%s:,
0x006a60dd,FUN_006a60dd,dump_machine_code_marker,optional text marker around machine-code diagnostic output,0.930,decompile;option_gate,option:75;analysis/ppc_emitter/decompiled/006a60dd_dump_machine_code.c,analysis/ppc_emitter/build_ai_manifest.py,0x006a616b,143,,0x006a6302;0x006ae05c,0x004e5347;0x004e690a;0x005225ad,75:obj:0x00c40699;4551:limited_dump:0x00c41815,,
0x006ae05c,codewrite,codewrite,generic final-codewrite stage; invokes PPC target +0x5e4 before procedure output,0.995,decompile;vtable_dispatch;callgraph,analysis/ghidra/out/keypasses/006ae05c_codewrite.c;target_slot:0x5e4;callee:0x004f5247,analysis/ppc_emitter/build_ai_manifest.py,0x006ae38a,815,,0x006ae504,0x004f4165;0x004f5247;0x00625238;0x00627a4e;0x006a60dd;0x006a9289;0x006aba67;0x006abe34;0x006c6968;0x006ce39f;0x0078213e;0x009a3143;0x009d934f,,,
0x006ce39f,FUN_006ce39f,direct_c20asm_prepass,mark repeated direct C2.0 asm nodes before final output,0.900,decompile;option_gate,option:3377;analysis/ppc_emitter/decompiled/006ce39f_direct_c20asm_helper.c,analysis/ppc_emitter/build_ai_manifest.py,0x006ce457,185,,0x006ae05c,,,,
0x0074281b,FUN_0074281b,generic_indopc_encode_dispatch,generic opcode interface dispatch; target encode then optional text conversion/binary callback,0.960,source_path;decompile;option_gate,src/compilers/indep/indopc.cc;option:75;analysis/ppc_emitter/decompiled/0074281b_indopc_encode_dispatch.c,analysis/ppc_emitter/build_ai_manifest.py,0x007429d0,438,src/compilers/indep/indopc.cc,0x007438b4;0x0074520f,0x0047e00e;0x00568af3;0x00568b3b;0x0059f126;0x005b99ff;0x0073d957,10:consistent:0x00c40658;75:obj:0x00c40699,0x00b0c5a8:(sizeof(opdata)/sizeof((opdata)[0])) >= storage;0x00b0c5d8:..\src\compilers\indep\indopc.cc,
