fixture,mnemonic,format_id,base_encoding,opcode_callsite
analysis/oracle_local/t_asm.s,add,9,0x7c000214,0x00492c7c
analysis/oracle_local/t_asm.s,addi,13,0x38000000,0x00492254
analysis/oracle_local/t_asm.s,blr,5,0x4e800020,0x00493398
analysis/oracle_local/t_asm.s,lwz,8,0x80000000,0x0049204c
analysis/oracle_local/t_asm.s,mr,72,0x7c000378,0x00493a00
analysis/oracle_local/t_asm.s,stw,8,0x90000000,0x00492164
analysis/oracle_local/t_asm.s,stwu,8,0x94000000,0x00492178
analysis/oracle/_ps_probe/ps.s,addi,13,0x38000000,0x00492254
analysis/oracle/_ps_probe/ps.s,bl,2,0x48000001,0x00491f20
analysis/oracle/_ps_probe/ps.s,blr,5,0x4e800020,0x00493398
analysis/oracle/_ps_probe/ps.s,fmr,34,0xfc000090,0x004927e0
analysis/oracle/_ps_probe/ps.s,isync,5,0x4c00012c,0x00494531
analysis/oracle/_ps_probe/ps.s,lfd,32,0xc8000000,0x004926f0
analysis/oracle/_ps_probe/ps.s,lfs,32,0xc0000000,0x004926a0
analysis/oracle/_ps_probe/ps.s,lwz,8,0x80000000,0x0049204c
analysis/oracle/_ps_probe/ps.s,mflr,31,0x7c0802a6,0x00493988
analysis/oracle/_ps_probe/ps.s,mtlr,31,0x7c0803a6,0x0049394c
analysis/oracle/_ps_probe/ps.s,ps_merge10,35,0x100004a0,0x00494a21
analysis/oracle/_ps_probe/ps.s,stfd,32,0xd8000000,0x00492790
analysis/oracle/_ps_probe/ps.s,stfs,32,0xd0000000,0x00492740
analysis/oracle/_ps_probe/ps.s,stw,8,0x90000000,0x00492164
analysis/oracle/_ps_probe/ps.s,stwu,8,0x94000000,0x00492178
analysis/oracle/_ps_probe/vector__Ospeed__Ovector.s,blr,5,0x4e800020,0x00493398
analysis/oracle/_ps_probe/vector__Ospeed__Ovector.s,fadds,35,0xec00002a,0x004928a8
analysis/oracle/_ps_probe/vector__Ospeed__Ovector.s,fmadds,37,0xec00003a,0x00492a10
analysis/oracle/_ps_probe/vector__Ospeed__Ovector.s,fmuls,36,0xec000032,0x00492948
analysis/oracle/_ps_probe/vector__Ospeed__Ovector.s,lfs,32,0xc0000000,0x004926a0
analysis/oracle/_ps_probe/vector__Ospeed__Ovector.s,stfs,32,0xd0000000,0x00492740
analysis/oracle/_ps_probe/vector_pragma__Ospeed__Ovector.s,addi,13,0x38000000,0x00492254
analysis/oracle/_ps_probe/vector_pragma__Ospeed__Ovector.s,bdnz,55,0x42000000,0x004935a0
analysis/oracle/_ps_probe/vector_pragma__Ospeed__Ovector.s,blr,5,0x4e800020,0x00493398
analysis/oracle/_ps_probe/vector_pragma__Ospeed__Ovector.s,fadds,35,0xec00002a,0x004928a8
analysis/oracle/_ps_probe/vector_pragma__Ospeed__Ovector.s,fmadds,37,0xec00003a,0x00492a10
analysis/oracle/_ps_probe/vector_pragma__Ospeed__Ovector.s,lfsu,32,0xc4000000,0x004926b4
analysis/oracle/_ps_probe/vector_pragma__Ospeed__Ovector.s,lfsx,33,0x7c00042e,0x004926c8
analysis/oracle/_ps_probe/vector_pragma__Ospeed__Ovector.s,li,70,0x38000000,0x004939d8
analysis/oracle/_ps_probe/vector_pragma__Ospeed__Ovector.s,mtctr,31,0x7c0903a6,0x00493960
analysis/oracle/_ps_probe/vector_pragma__Ospeed__Ovector.s,stfsu,32,0xd4000000,0x00492754
analysis/oracle/_ps_probe/vector_pragma__Ospeed__Ovector.s,stfsx,33,0x7c00052e,0x00492768
analysis/oracle/_ps_probe/vector_pragma__Ospeed__Ovector.s,subi,63,0x38000000,0x00493690
