source_file	function_entry	function_name	xrefs	confidence
src/asm/ease/easedis.cc	0079ab66	FUN_0079ab66	2	1.000
src/asm/ease/easedis.cc	007972fd	FUN_007972fd	1	1.000
src/asm/ease/easedis.h	00795d77	FUN_00795d77	1	1.000
src/asm/ease/easefield.cc	00786515	FUN_00786515	2	1.000
src/asm/ease/easefield.cc	00786837	FUN_00786837	2	1.000
src/asm/ease/easefield.cc	00786589	FUN_00786589	1	1.000
src/asm/ease/easefield.cc	00786a31	FUN_00786a31	1	1.000
src/asm/ease/easefield.cc	00787175	FUN_00787175	1	1.000
src/asm/ease/easefield.cc	007874c6	FUN_007874c6	1	1.000
src/asm/ease/easeparsers.h	0073b751	FUN_0073b751	1	1.000
src/asm/ease/easeparsers.h	0073b7ac	FUN_0073b7ac	1	1.000
src/asm/ease/easeparsers.h	0078a732	FUN_0078a732	1	1.000
src/asm/ease/easeparsers.h	0078a78d	FUN_0078a78d	1	1.000
src/asm/ease/easetarg.cc	00790b2e	FUN_00790b2e	2	1.000
src/asm/ease/easetarg.cc	0078dcfb	FUN_0078dcfb	1	1.000
src/asm/ease/easetarg.cc	0078fd46	FUN_0078fd46	1	1.000
src/compilers/edg/ghs_be.cc	009af6f8	FUN_009af6f8	18	1.000
src/compilers/edg/ghs_be.cc	009a8c8b	FUN_009a8c8b	10	1.000
src/compilers/edg/ghs_be.cc	009a812c	FUN_009a812c	6	1.000
src/compilers/edg/ghs_be.cc	009a9598	FUN_009a9598	5	1.000
src/compilers/edg/ghs_be.cc	009a4908	FUN_009a4908	4	1.000
src/compilers/edg/ghs_be.cc	009a6857	FUN_009a6857	4	1.000
src/compilers/edg/ghs_be.cc	009a7b8b	FUN_009a7b8b	4	1.000
src/compilers/edg/ghs_be.cc	009ad045	FUN_009ad045	4	1.000
src/compilers/edg/ghs_be.cc	009aeb82	FUN_009aeb82	4	1.000
src/compilers/edg/ghs_be.cc	009af348	FUN_009af348	4	1.000
src/compilers/edg/ghs_be.cc	009b1507	FUN_009b1507	4	1.000
src/compilers/edg/ghs_be.cc	009b31ba	FUN_009b31ba	4	1.000
src/compilers/edg/ghs_be.cc	009b5dbf	FUN_009b5dbf	4	1.000
src/compilers/edg/ghs_be.cc	009a5919	FUN_009a5919	3	1.000
src/compilers/edg/ghs_be.cc	009a711c	FUN_009a711c	3	1.000
src/compilers/edg/ghs_be.cc	009aed79	FUN_009aed79	3	1.000
src/compilers/edg/ghs_be.cc	009b38c3	FUN_009b38c3	3	1.000
src/compilers/edg/ghs_be.cc	009b544b	FUN_009b544b	3	1.000
src/compilers/edg/ghs_be.cc	009b5634	FUN_009b5634	3	1.000
src/compilers/edg/ghs_be.cc	009b9129	FUN_009b9129	3	1.000
src/compilers/edg/ghs_be.cc	009a7e8f	FUN_009a7e8f	2	1.000
src/compilers/edg/ghs_be.cc	009accdd	FUN_009accdd	2	1.000
src/compilers/edg/ghs_be.cc	009ace8a	FUN_009ace8a	2	1.000
src/compilers/edg/ghs_be.cc	009adc87	FUN_009adc87	2	1.000
src/compilers/edg/ghs_be.cc	009ae5d3	FUN_009ae5d3	2	1.000
src/compilers/edg/ghs_be.cc	009b46cc	FUN_009b46cc	2	1.000
src/compilers/edg/ghs_be.cc	009b4f5f	FUN_009b4f5f	2	1.000
src/compilers/edg/ghs_be.cc	009b83a5	FUN_009b83a5	2	1.000
src/compilers/edg/ghs_be.cc	009b958b	FUN_009b958b	2	1.000
src/compilers/edg/ghs_be.cc	009a47f1	FUN_009a47f1	1	1.000
src/compilers/edg/ghs_be.cc	009a4bf3	FUN_009a4bf3	1	1.000
src/compilers/edg/ghs_be.cc	009a5837	FUN_009a5837	1	1.000
src/compilers/edg/ghs_be.cc	009a585f	FUN_009a585f	1	1.000
src/compilers/edg/ghs_be.cc	009a588f	FUN_009a588f	1	1.000
src/compilers/edg/ghs_be.cc	009a6cc7	FUN_009a6cc7	1	1.000
src/compilers/edg/ghs_be.cc	009a6f2d	FUN_009a6f2d	1	1.000
src/compilers/edg/ghs_be.cc	009a8b08	FUN_009a8b08	1	1.000
src/compilers/edg/ghs_be.cc	009a9d84	FUN_009a9d84	1	1.000
src/compilers/edg/ghs_be.cc	009a9e05	FUN_009a9e05	1	1.000
src/compilers/edg/ghs_be.cc	009a9f77	FUN_009a9f77	1	1.000
src/compilers/edg/ghs_be.cc	009aa01d	FUN_009aa01d	1	1.000
src/compilers/edg/ghs_be.cc	009aa23d	FUN_009aa23d	1	1.000
src/compilers/edg/ghs_be.cc	009aa2ff	FUN_009aa2ff	1	1.000
src/compilers/edg/ghs_be.cc	009aa372	FUN_009aa372	1	1.000
src/compilers/edg/ghs_be.cc	009aa4e6	FUN_009aa4e6	1	1.000
src/compilers/edg/ghs_be.cc	009ac113	FUN_009ac113	1	1.000
src/compilers/edg/ghs_be.cc	009ad645	FUN_009ad645	1	1.000
src/compilers/edg/ghs_be.cc	009aea4e	FUN_009aea4e	1	1.000
src/compilers/edg/ghs_be.cc	009af010	FUN_009af010	1	1.000
src/compilers/edg/ghs_be.cc	009af0bb	FUN_009af0bb	1	1.000
src/compilers/edg/ghs_be.cc	009af176	FUN_009af176	1	1.000
src/compilers/edg/ghs_be.cc	009af670	FUN_009af670	1	1.000
src/compilers/edg/ghs_be.cc	009b0f20	FUN_009b0f20	1	1.000
src/compilers/edg/ghs_be.cc	009b1b93	FUN_009b1b93	1	1.000
src/compilers/edg/ghs_be.cc	009b2306	FUN_009b2306	1	1.000
src/compilers/edg/ghs_be.cc	009b23ec	FUN_009b23ec	1	1.000
src/compilers/edg/ghs_be.cc	009b249d	FUN_009b249d	1	1.000
src/compilers/edg/ghs_be.cc	009b27a7	FUN_009b27a7	1	1.000
src/compilers/edg/ghs_be.cc	009b2f6a	FUN_009b2f6a	1	1.000
src/compilers/edg/ghs_be.cc	009b575d	FUN_009b575d	1	1.000
src/compilers/edg/ghs_be.cc	009b7c05	FUN_009b7c05	1	1.000
src/compilers/edg/ghs_be.cc	009b7e87	FUN_009b7e87	1	1.000
src/compilers/edg/ghs_be.cc	009b8034	FUN_009b8034	1	1.000
src/compilers/edg/ghs_be.cc	009b93c8	FUN_009b93c8	1	1.000
src/compilers/edg/ghs_debug.c	009be5c4	FUN_009be5c4	6	1.000
src/compilers/edg/ghs_debug.c	009bed20	FUN_009bed20	5	1.000
src/compilers/edg/ghs_debug.c	009bc1c0	FUN_009bc1c0	4	1.000
src/compilers/edg/ghs_debug.c	009bb7f8	FUN_009bb7f8	3	1.000
src/compilers/edg/ghs_debug.c	009bbe7a	FUN_009bbe7a	3	1.000
src/compilers/edg/ghs_debug.c	009bd1a9	FUN_009bd1a9	2	1.000
src/compilers/edg/ghs_debug.c	009bd657	FUN_009bd657	2	1.000
src/compilers/edg/ghs_debug.c	009bdac9	FUN_009bdac9	2	1.000
src/compilers/edg/ghs_debug.c	009be3eb	FUN_009be3eb	2	1.000
src/compilers/edg/ghs_debug.c	009bf687	FUN_009bf687	2	1.000
src/compilers/edg/ghs_debug.c	009bb230	FUN_009bb230	1	1.000
src/compilers/edg/ghs_debug.c	009bb27e	FUN_009bb27e	1	1.000
src/compilers/edg/ghs_debug.c	009bb2f3	FUN_009bb2f3	1	1.000
src/compilers/edg/ghs_debug.c	009bb3b9	FUN_009bb3b9	1	1.000
src/compilers/edg/ghs_debug.c	009bb4b3	FUN_009bb4b3	1	1.000
src/compilers/edg/ghs_debug.c	009bb711	FUN_009bb711	1	1.000
src/compilers/edg/ghs_debug.c	009bb7c0	FUN_009bb7c0	1	1.000
src/compilers/edg/ghs_debug.c	009bba90	FUN_009bba90	1	1.000
src/compilers/edg/ghs_debug.c	009bbc2f	FUN_009bbc2f	1	1.000
src/compilers/edg/ghs_debug.c	009bbdc8	FUN_009bbdc8	1	1.000
src/compilers/edg/ghs_debug.c	009bbe21	FUN_009bbe21	1	1.000
src/compilers/edg/ghs_debug.c	009bcc10	FUN_009bcc10	1	1.000
src/compilers/edg/ghs_debug.c	009bd089	FUN_009bd089	1	1.000
src/compilers/edg/ghs_debug.c	009bd31a	FUN_009bd31a	1	1.000
src/compilers/edg/ghs_debug.c	009bd46c	FUN_009bd46c	1	1.000
src/compilers/edg/ghs_debug.c	009bd894	FUN_009bd894	1	1.000
src/compilers/edg/ghs_debug.c	009bd9e4	FUN_009bd9e4	1	1.000
src/compilers/edg/ghs_debug.c	009bda44	FUN_009bda44	1	1.000
src/compilers/edg/ghs_debug.c	009bda76	FUN_009bda76	1	1.000
src/compilers/edg/ghs_debug.c	009bdc29	FUN_009bdc29	1	1.000
src/compilers/edg/ghs_debug.c	009bdd9b	FUN_009bdd9b	1	1.000
src/compilers/edg/ghs_debug.c	009bde5b	FUN_009bde5b	1	1.000
src/compilers/edg/ghs_debug.c	009bdf35	FUN_009bdf35	1	1.000
src/compilers/edg/ghs_debug.c	009bdf7b	FUN_009bdf7b	1	1.000
src/compilers/edg/ghs_debug.c	009be04d	FUN_009be04d	1	1.000
src/compilers/edg/ghs_debug.c	009be363	FUN_009be363	1	1.000
src/compilers/edg/ghs_debug.c	009bf5c3	FUN_009bf5c3	1	1.000
src/compilers/edg/ghs_debug.c	009bf8a6	FUN_009bf8a6	1	1.000
src/compilers/edg/ghs_tdeh.cc	009c01cf	FUN_009c01cf	2	1.000
src/compilers/edg/ghs_tdeh.cc	009c033b	FUN_009c033b	2	1.000
src/compilers/edg/ghs_tdeh.cc	009c0b55	FUN_009c0b55	2	1.000
src/compilers/edg/ghs_tdeh.cc	009c0153	FUN_009c0153	1	1.000
src/compilers/edg/ghs_tdeh.cc	009c019b	FUN_009c019b	1	1.000
src/compilers/edg/ghs_tdeh.cc	009c1356	FUN_009c1356	1	1.000
src/compilers/indep/ghspascal.cc	005b9771	FUN_005b9771	2	1.000
src/compilers/indep/ghspascal.h	0048ce9f	FUN_0048ce9f	31	1.000
src/compilers/indep/ghspascal.h	004a8d79	FUN_004a8d79	2	1.000
src/compilers/indep/ghspascal.h	005693bf	FUN_005693bf	2	1.000
src/compilers/indep/ghspascal.h	0066e8a1	FUN_0066e8a1	2	1.000
src/compilers/indep/ghspascal.h	0066f237	FUN_0066f237	1	1.000
src/compilers/indep/ghspascal.h	009a0f4e	FUN_009a0f4e	1	1.000
src/compilers/indep/indcase.cc	007253cc	FUN_007253cc	3	1.000
src/compilers/indep/indcase.cc	00725f1c	FUN_00725f1c	3	1.000
src/compilers/indep/indcase.cc	007250db	FUN_007250db	2	1.000
src/compilers/indep/indcase.cc	00726220	FUN_00726220	2	1.000
src/compilers/indep/indcase.cc	00721f03	FUN_00721f03	1	1.000
src/compilers/indep/indcase.cc	0072217c	FUN_0072217c	1	1.000
src/compilers/indep/indcase.cc	00722aa8	FUN_00722aa8	1	1.000
src/compilers/indep/indcase.cc	00724b9f	FUN_00724b9f	1	1.000
src/compilers/indep/indcod.cc	005092b9	FUN_005092b9	1	1.000
src/compilers/indep/indcod.cc	0050946d	FUN_0050946d	1	1.000
src/compilers/indep/inddfvnadvisor.cc	00667482	FUN_00667482	1	1.000
src/compilers/indep/indopc.cc	0074281b	FUN_0074281b	1	1.000
src/compilers/indep/indstatic.cc	0061ac7b	FUN_0061ac7b	1	1.000
src/edg/src/attribute.c	007a669f	FUN_007a669f	5	1.000
src/edg/src/attribute.c	007a38f6	FUN_007a38f6	3	1.000
src/edg/src/attribute.c	007a3bb6	FUN_007a3bb6	3	1.000
src/edg/src/attribute.c	007a5cc9	FUN_007a5cc9	3	1.000
src/edg/src/attribute.c	007a3870	FUN_007a3870	2	1.000
src/edg/src/attribute.c	007a433f	FUN_007a433f	2	1.000
src/edg/src/attribute.c	007a3a2b	FUN_007a3a2b	1	1.000
src/edg/src/attribute.c	007a3ea1	FUN_007a3ea1	1	1.000
src/edg/src/attribute.c	007a4089	FUN_007a4089	1	1.000
src/edg/src/attribute.c	007a4e71	FUN_007a4e71	1	1.000
src/edg/src/attribute.c	007a5464	FUN_007a5464	1	1.000
src/edg/src/attribute.c	007a5661	FUN_007a5661	1	1.000
src/edg/src/attribute.c	007a703e	FUN_007a703e	1	1.000
src/edg/src/attribute.c	007a7087	FUN_007a7087	1	1.000
src/edg/src/attribute.c	007a715b	FUN_007a715b	1	1.000
src/edg/src/attribute.c	007a7206	FUN_007a7206	1	1.000
src/edg/src/attribute.c	007a7494	FUN_007a7494	1	1.000
src/edg/src/attribute.c	007a75be	FUN_007a75be	1	1.000
src/edg/src/class_decl.c	007b7dcf	FUN_007b7dcf	9	1.000
src/edg/src/class_decl.c	007ab15f	FUN_007ab15f	8	1.000
src/edg/src/class_decl.c	007b1d7c	FUN_007b1d7c	4	1.000
src/edg/src/class_decl.c	007aa5f0	FUN_007aa5f0	3	1.000
src/edg/src/class_decl.c	007b3087	FUN_007b3087	3	1.000
src/edg/src/class_decl.c	007ba59f	FUN_007ba59f	3	1.000
src/edg/src/class_decl.c	007a7dcb	FUN_007a7dcb	2	1.000
src/edg/src/class_decl.c	007a83c5	FUN_007a83c5	2	1.000
src/edg/src/class_decl.c	007aa217	FUN_007aa217	2	1.000
src/edg/src/class_decl.c	007ab35b	FUN_007ab35b	2	1.000
src/edg/src/class_decl.c	007ab944	FUN_007ab944	2	1.000
src/edg/src/class_decl.c	007abe51	FUN_007abe51	2	1.000
src/edg/src/class_decl.c	007ae6e4	FUN_007ae6e4	2	1.000
src/edg/src/class_decl.c	007aeb83	FUN_007aeb83	2	1.000
src/edg/src/class_decl.c	007b1554	FUN_007b1554	2	1.000
src/edg/src/class_decl.c	007b4780	FUN_007b4780	2	1.000
src/edg/src/class_decl.c	007b4868	FUN_007b4868	2	1.000
src/edg/src/class_decl.c	007b566e	FUN_007b566e	2	1.000
src/edg/src/class_decl.c	007b5c1d	FUN_007b5c1d	2	1.000
src/edg/src/class_decl.c	007b6e36	FUN_007b6e36	2	1.000
src/edg/src/class_decl.c	007ba76f	FUN_007ba76f	2	1.000
src/edg/src/class_decl.c	007a7e8f	FUN_007a7e8f	1	1.000
src/edg/src/class_decl.c	007a826f	FUN_007a826f	1	1.000
src/edg/src/class_decl.c	007a98a6	FUN_007a98a6	1	1.000
src/edg/src/class_decl.c	007aa3e3	FUN_007aa3e3	1	1.000
src/edg/src/class_decl.c	007ab685	FUN_007ab685	1	1.000
src/edg/src/class_decl.c	007abd13	FUN_007abd13	1	1.000
src/edg/src/class_decl.c	007abffb	FUN_007abffb	1	1.000
src/edg/src/class_decl.c	007ac1fa	FUN_007ac1fa	1	1.000
src/edg/src/class_decl.c	007ac385	FUN_007ac385	1	1.000
src/edg/src/class_decl.c	007ad06b	FUN_007ad06b	1	1.000
src/edg/src/class_decl.c	007ad2de	FUN_007ad2de	1	1.000
src/edg/src/class_decl.c	007ae52e	FUN_007ae52e	1	1.000
src/edg/src/class_decl.c	007ae9d5	FUN_007ae9d5	1	1.000
src/edg/src/class_decl.c	007aed13	FUN_007aed13	1	1.000
src/edg/src/class_decl.c	007aee39	FUN_007aee39	1	1.000
src/edg/src/class_decl.c	007af08c	FUN_007af08c	1	1.000
src/edg/src/class_decl.c	007af38b	FUN_007af38b	1	1.000
src/edg/src/class_decl.c	007af650	FUN_007af650	1	1.000
src/edg/src/class_decl.c	007b0162	FUN_007b0162	1	1.000
src/edg/src/class_decl.c	007b0ba6	FUN_007b0ba6	1	1.000
src/edg/src/class_decl.c	007b255c	FUN_007b255c	1	1.000
src/edg/src/class_decl.c	007b2b77	FUN_007b2b77	1	1.000
src/edg/src/class_decl.c	007b4524	FUN_007b4524	1	1.000
src/edg/src/class_decl.c	007b4927	FUN_007b4927	1	1.000
src/edg/src/class_decl.c	007b5db6	FUN_007b5db6	1	1.000
src/edg/src/class_decl.c	007b61c1	FUN_007b61c1	1	1.000
src/edg/src/class_decl.c	007b62c8	FUN_007b62c8	1	1.000
src/edg/src/class_decl.c	007b641c	FUN_007b641c	1	1.000
src/edg/src/class_decl.c	007b728a	FUN_007b728a	1	1.000
src/edg/src/class_decl.c	007b7511	FUN_007b7511	1	1.000
src/edg/src/class_decl.c	007b9b62	FUN_007b9b62	1	1.000
src/edg/src/class_decl.c	007b9cda	FUN_007b9cda	1	1.000
src/edg/src/class_decl.c	007b9d1e	FUN_007b9d1e	1	1.000
src/edg/src/class_decl.c	007ba047	FUN_007ba047	1	1.000
src/edg/src/class_decl.c	007bb541	FUN_007bb541	1	1.000
src/edg/src/class_decl.c	007bb58f	FUN_007bb58f	1	1.000
src/edg/src/class_decl.c	007bb790	FUN_007bb790	1	1.000
src/edg/src/class_decl.c	007bbaef	FUN_007bbaef	1	1.000
src/edg/src/cmd_line.c	007c6b9f	FUN_007c6b9f	31	1.000
src/edg/src/cmd_line.c	007bbf40	FUN_007bbf40	2	1.000
src/edg/src/cmd_line.c	007c635d	FUN_007c635d	2	1.000
src/edg/src/cmd_line.c	007be66d	FUN_007be66d	1	1.000
src/edg/src/cmd_line.c	007befd4	FUN_007befd4	1	1.000
src/edg/src/cmd_line.c	007c0ea3	FUN_007c0ea3	1	1.000
src/edg/src/cmd_line.c	007c13c6	FUN_007c13c6	1	1.000
src/edg/src/cmd_line.c	007c2294	FUN_007c2294	1	1.000
src/edg/src/cmd_line.c	007c618c	FUN_007c618c	1	1.000
src/edg/src/cmd_line.c	007c6211	FUN_007c6211	1	1.000
src/edg/src/cmd_line.c	007c62bf	FUN_007c62bf	1	1.000
src/edg/src/cmd_line.c	007c6ad4	FUN_007c6ad4	1	1.000
src/edg/src/cmd_line.c	007c6b5e	FUN_007c6b5e	1	1.000
src/edg/src/const_ints.c	007ca958	FUN_007ca958	1	1.000
src/edg/src/debug.c	007cca65	FUN_007cca65	1	1.000
src/edg/src/debug.c	007cce2b	FUN_007cce2b	1	1.000
src/edg/src/decl_inits.c	007d1a69	FUN_007d1a69	9	1.000
src/edg/src/decl_inits.c	007d352b	FUN_007d352b	8	1.000
src/edg/src/decl_inits.c	007cfcd8	FUN_007cfcd8	7	1.000
src/edg/src/decl_inits.c	007d136d	FUN_007d136d	7	1.000
src/edg/src/decl_inits.c	007cd36a	FUN_007cd36a	4	1.000
src/edg/src/decl_inits.c	007cf6ce	FUN_007cf6ce	4	1.000
src/edg/src/decl_inits.c	007d5794	FUN_007d5794	4	1.000
src/edg/src/decl_inits.c	007ce658	FUN_007ce658	3	1.000
src/edg/src/decl_inits.c	007cf270	FUN_007cf270	3	1.000
src/edg/src/decl_inits.c	007d0ea2	FUN_007d0ea2	3	1.000
src/edg/src/decl_inits.c	007d3464	FUN_007d3464	3	1.000
src/edg/src/decl_inits.c	007cd609	FUN_007cd609	2	1.000
src/edg/src/decl_inits.c	007cdd59	FUN_007cdd59	2	1.000
src/edg/src/decl_inits.c	007cecd9	FUN_007cecd9	2	1.000
src/edg/src/decl_inits.c	007cfc16	FUN_007cfc16	2	1.000
src/edg/src/decl_inits.c	007d1061	FUN_007d1061	2	1.000
src/edg/src/decl_inits.c	007d16de	FUN_007d16de	2	1.000
src/edg/src/decl_inits.c	007cd1e4	FUN_007cd1e4	1	1.000
src/edg/src/decl_inits.c	007cd2c4	FUN_007cd2c4	1	1.000
src/edg/src/decl_inits.c	007cdae6	FUN_007cdae6	1	1.000
src/edg/src/decl_inits.c	007cea90	FUN_007cea90	1	1.000
src/edg/src/decl_inits.c	007cef87	FUN_007cef87	1	1.000
src/edg/src/decl_inits.c	007cf1a8	FUN_007cf1a8	1	1.000
src/edg/src/decl_inits.c	007d180b	FUN_007d180b	1	1.000
src/edg/src/decl_inits.c	007d1893	FUN_007d1893	1	1.000
src/edg/src/decl_inits.c	007d2ba1	FUN_007d2ba1	1	1.000
src/edg/src/decl_inits.c	007d3284	FUN_007d3284	1	1.000
src/edg/src/decl_inits.c	007d33c2	FUN_007d33c2	1	1.000
src/edg/src/decl_inits.c	007d52dd	FUN_007d52dd	1	1.000
src/edg/src/decl_spec.c	007d94d1	FUN_007d94d1	11	1.000
src/edg/src/decl_spec.c	007dfce5	FUN_007dfce5	9	1.000
src/edg/src/decl_spec.c	007dbac2	FUN_007dbac2	6	1.000
src/edg/src/decl_spec.c	007d6ed8	FUN_007d6ed8	4	1.000
src/edg/src/decl_spec.c	007d793a	FUN_007d793a	4	1.000
src/edg/src/decl_spec.c	007d8fe5	FUN_007d8fe5	2	1.000
src/edg/src/decl_spec.c	007dd0c5	FUN_007dd0c5	2	1.000
src/edg/src/decl_spec.c	007df515	FUN_007df515	2	1.000
src/edg/src/decl_spec.c	007d5e70	FUN_007d5e70	1	1.000
src/edg/src/decl_spec.c	007d6020	FUN_007d6020	1	1.000
src/edg/src/decl_spec.c	007d6494	FUN_007d6494	1	1.000
src/edg/src/decl_spec.c	007d658d	FUN_007d658d	1	1.000
src/edg/src/decl_spec.c	007d662f	FUN_007d662f	1	1.000
src/edg/src/decl_spec.c	007d77cc	FUN_007d77cc	1	1.000
src/edg/src/decl_spec.c	007d8981	FUN_007d8981	1	1.000
src/edg/src/decl_spec.c	007d8df2	FUN_007d8df2	1	1.000
src/edg/src/decl_spec.c	007d8ef9	FUN_007d8ef9	1	1.000
src/edg/src/decl_spec.c	007db760	FUN_007db760	1	1.000
src/edg/src/decl_spec.c	007dd444	FUN_007dd444	1	1.000
src/edg/src/decl_spec.c	007ddc45	FUN_007ddc45	1	1.000
src/edg/src/decl_spec.c	007de8e2	FUN_007de8e2	1	1.000
src/edg/src/decl_spec.c	007dea0a	FUN_007dea0a	1	1.000
src/edg/src/decl_spec.c	007ded06	FUN_007ded06	1	1.000
src/edg/src/decl_spec.c	007dedf8	FUN_007dedf8	1	1.000
src/edg/src/decl_spec.c	007dee7f	FUN_007dee7f	1	1.000
src/edg/src/decl_spec.c	007df00b	FUN_007df00b	1	1.000
src/edg/src/decl_spec.c	007e40b9	FUN_007e40b9	1	1.000
src/edg/src/declarator.c	007eab9d	FUN_007eab9d	9	1.000
src/edg/src/declarator.c	007e62d0	FUN_007e62d0	4	1.000
src/edg/src/declarator.c	007e49e4	FUN_007e49e4	3	1.000
src/edg/src/declarator.c	007e7cdb	FUN_007e7cdb	2	1.000
src/edg/src/declarator.c	007e9c8e	FUN_007e9c8e	2	1.000
src/edg/src/declarator.c	007e42d0	FUN_007e42d0	1	1.000
src/edg/src/declarator.c	007e450a	FUN_007e450a	1	1.000
src/edg/src/declarator.c	007e4784	FUN_007e4784	1	1.000
src/edg/src/declarator.c	007e85a6	FUN_007e85a6	1	1.000
src/edg/src/declarator.c	007e86b5	FUN_007e86b5	1	1.000
src/edg/src/declarator.c	007e88ec	FUN_007e88ec	1	1.000
src/edg/src/declarator.c	007e8f8a	FUN_007e8f8a	1	1.000
src/edg/src/declarator.c	007ec2f9	FUN_007ec2f9	1	1.000
src/edg/src/declarator.c	007ec430	FUN_007ec430	1	1.000
src/edg/src/decls.c	007f4db7	FUN_007f4db7	21	1.000
src/edg/src/decls.c	007f3662	FUN_007f3662	8	1.000
src/edg/src/decls.c	007f793c	FUN_007f793c	7	1.000
src/edg/src/decls.c	00802fed	FUN_00802fed	6	1.000
src/edg/src/decls.c	007ed7f2	FUN_007ed7f2	4	1.000
src/edg/src/decls.c	007ef12b	FUN_007ef12b	4	1.000
src/edg/src/decls.c	007f0236	FUN_007f0236	4	1.000
src/edg/src/decls.c	007f203a	FUN_007f203a	4	1.000
src/edg/src/decls.c	007f0a12	FUN_007f0a12	3	1.000
src/edg/src/decls.c	007fdb9f	FUN_007fdb9f	3	1.000
src/edg/src/decls.c	007fef44	FUN_007fef44	3	1.000
src/edg/src/decls.c	008008bb	FUN_008008bb	3	1.000
src/edg/src/decls.c	007efadc	FUN_007efadc	2	1.000
src/edg/src/decls.c	007f1237	FUN_007f1237	2	1.000
src/edg/src/decls.c	007f177f	FUN_007f177f	2	1.000
src/edg/src/decls.c	007f298f	FUN_007f298f	2	1.000
src/edg/src/decls.c	007f9786	FUN_007f9786	2	1.000
src/edg/src/decls.c	007fd95f	FUN_007fd95f	2	1.000
src/edg/src/decls.c	007ed1c8	FUN_007ed1c8	1	1.000
src/edg/src/decls.c	007ed4c5	FUN_007ed4c5	1	1.000
src/edg/src/decls.c	007ee261	FUN_007ee261	1	1.000
src/edg/src/decls.c	007ee8ff	FUN_007ee8ff	1	1.000
src/edg/src/decls.c	007ee9e9	FUN_007ee9e9	1	1.000
src/edg/src/decls.c	007eeb10	FUN_007eeb10	1	1.000
src/edg/src/decls.c	007eede4	FUN_007eede4	1	1.000
src/edg/src/decls.c	007eeede	FUN_007eeede	1	1.000
src/edg/src/decls.c	007f0499	FUN_007f0499	1	1.000
src/edg/src/decls.c	007f0603	FUN_007f0603	1	1.000
src/edg/src/decls.c	007f251e	FUN_007f251e	1	1.000
src/edg/src/decls.c	007f2902	FUN_007f2902	1	1.000
src/edg/src/decls.c	007f2dca	FUN_007f2dca	1	1.000
src/edg/src/decls.c	007f2eb7	FUN_007f2eb7	1	1.000
src/edg/src/decls.c	007f4560	FUN_007f4560	1	1.000
src/edg/src/decls.c	007f490d	FUN_007f490d	1	1.000
src/edg/src/decls.c	007f8f08	FUN_007f8f08	1	1.000
src/edg/src/decls.c	007f958a	FUN_007f958a	1	1.000
src/edg/src/decls.c	007fb2b5	FUN_007fb2b5	1	1.000
src/edg/src/decls.c	007fb7ba	FUN_007fb7ba	1	1.000
src/edg/src/decls.c	007fbcea	FUN_007fbcea	1	1.000
src/edg/src/decls.c	007fc13c	FUN_007fc13c	1	1.000
src/edg/src/decls.c	007fc461	FUN_007fc461	1	1.000
src/edg/src/decls.c	007fcdad	FUN_007fcdad	1	1.000
src/edg/src/decls.c	007fd85e	FUN_007fd85e	1	1.000
src/edg/src/decls.c	007fe992	FUN_007fe992	1	1.000
src/edg/src/decls.c	007ff6cd	FUN_007ff6cd	1	1.000
src/edg/src/decls.c	00802b50	FUN_00802b50	1	1.000
src/edg/src/decls.c	00802e78	FUN_00802e78	1	1.000
src/edg/src/decls.c	00803cb1	FUN_00803cb1	1	1.000
src/edg/src/disambig.c	008047da	FUN_008047da	1	1.000
src/edg/src/disambig.c	008048b2	FUN_008048b2	1	1.000
src/edg/src/disambig.c	0080496f	FUN_0080496f	1	1.000
src/edg/src/disambig.c	00804b14	FUN_00804b14	1	1.000
src/edg/src/disambig.c	008051f7	FUN_008051f7	1	1.000
src/edg/src/dsp_c.c	0098a3be	FUN_0098a3be	6	1.000
src/edg/src/dsp_c.c	0098956f	FUN_0098956f	5	1.000
src/edg/src/dsp_c.c	0098a752	FUN_0098a752	4	1.000
src/edg/src/dsp_c.c	0098c1a6	FUN_0098c1a6	4	1.000
src/edg/src/dsp_c.c	00989462	FUN_00989462	2	1.000
src/edg/src/dsp_c.c	00989b16	FUN_00989b16	2	1.000
src/edg/src/dsp_c.c	0098a126	FUN_0098a126	2	1.000
src/edg/src/dsp_c.c	0098a90b	FUN_0098a90b	2	1.000
src/edg/src/dsp_c.c	0098ab6a	FUN_0098ab6a	2	1.000
src/edg/src/dsp_c.c	0098c855	FUN_0098c855	2	1.000
src/edg/src/dsp_c.c	009898a6	FUN_009898a6	1	1.000
src/edg/src/dsp_c.c	0098991c	FUN_0098991c	1	1.000
src/edg/src/dsp_c.c	00989bce	FUN_00989bce	1	1.000
src/edg/src/dsp_c.c	00989f53	FUN_00989f53	1	1.000
src/edg/src/dsp_c.c	0098a064	FUN_0098a064	1	1.000
src/edg/src/dsp_c.c	0098a360	FUN_0098a360	1	1.000
src/edg/src/dsp_c.c	0098ac1a	FUN_0098ac1a	1	1.000
src/edg/src/dsp_c.c	0098aebf	FUN_0098aebf	1	1.000
src/edg/src/dsp_c.c	0098b672	FUN_0098b672	1	1.000
src/edg/src/dsp_c.c	0098b764	FUN_0098b764	1	1.000
src/edg/src/dsp_c.c	0098b95c	FUN_0098b95c	1	1.000
src/edg/src/dsp_c.c	0098c6f9	FUN_0098c6f9	1	1.000
src/edg/src/dsp_c.c	0098c96d	FUN_0098c96d	1	1.000
src/edg/src/dsp_c.c	0098c9bc	FUN_0098c9bc	1	1.000
src/edg/src/dsp_c_targ.c	0098d03a	FUN_0098d03a	1	1.000
src/edg/src/dsp_c_targ.c	0098d096	FUN_0098d096	1	1.000
src/edg/src/dsp_c_targ.c	0098d5ed	FUN_0098d5ed	1	1.000
src/edg/src/dsp_c_targ.c	0098d7eb	FUN_0098d7eb	1	1.000
src/edg/src/error.c	00806965	FUN_00806965	3	1.000
src/edg/src/error.c	00806cde	FUN_00806cde	2	1.000
src/edg/src/error.c	00809912	FUN_00809912	2	1.000
src/edg/src/error.c	00806410	FUN_00806410	1	1.000
src/edg/src/error.c	00806825	FUN_00806825	1	1.000
src/edg/src/error.c	008068c5	FUN_008068c5	1	1.000
src/edg/src/error.c	00807f8e	FUN_00807f8e	1	1.000
src/edg/src/error.c	0080877a	FUN_0080877a	1	1.000
src/edg/src/error.c	00809597	FUN_00809597	1	1.000
src/edg/src/error.c	00809b57	FUN_00809b57	1	1.000
src/edg/src/error.c	0080a039	FUN_0080a039	1	1.000
src/edg/src/error.c	0080a98e	FUN_0080a98e	1	1.000
src/edg/src/error.c	0080a9f8	FUN_0080a9f8	1	1.000
src/edg/src/error.c	0080b6af	FUN_0080b6af	1	1.000
src/edg/src/expr.c	00815bb3	FUN_00815bb3	11	1.000
src/edg/src/expr.c	0080bf8f	FUN_0080bf8f	9	1.000
src/edg/src/expr.c	0080ff61	FUN_0080ff61	5	1.000
src/edg/src/expr.c	0082f1a4	FUN_0082f1a4	5	1.000
src/edg/src/expr.c	0080e55b	FUN_0080e55b	4	1.000
src/edg/src/expr.c	00815a09	FUN_00815a09	4	1.000
src/edg/src/expr.c	0081a3d7	FUN_0081a3d7	4	1.000
src/edg/src/expr.c	0080d667	FUN_0080d667	3	1.000
src/edg/src/expr.c	0080e03b	FUN_0080e03b	3	1.000
src/edg/src/expr.c	0081d812	FUN_0081d812	3	1.000
src/edg/src/expr.c	008293bf	FUN_008293bf	3	1.000
src/edg/src/expr.c	0082974d	FUN_0082974d	3	1.000
src/edg/src/expr.c	0082b020	FUN_0082b020	3	1.000
src/edg/src/expr.c	0082e2ef	FUN_0082e2ef	3	1.000
src/edg/src/expr.c	0082eafe	FUN_0082eafe	3	1.000
src/edg/src/expr.c	0082f74d	FUN_0082f74d	3	1.000
src/edg/src/expr.c	0082fb41	FUN_0082fb41	3	1.000
src/edg/src/expr.c	0080bac0	FUN_0080bac0	2	1.000
src/edg/src/expr.c	0080dda3	FUN_0080dda3	2	1.000
src/edg/src/expr.c	0080e8a6	FUN_0080e8a6	2	1.000
src/edg/src/expr.c	0081549d	FUN_0081549d	2	1.000
src/edg/src/expr.c	00815b3b	FUN_00815b3b	2	1.000
src/edg/src/expr.c	00816b49	FUN_00816b49	2	1.000
src/edg/src/expr.c	00816d9e	FUN_00816d9e	2	1.000
src/edg/src/expr.c	0081c0fd	FUN_0081c0fd	2	1.000
src/edg/src/expr.c	0082572e	FUN_0082572e	2	1.000
src/edg/src/expr.c	0082ac46	FUN_0082ac46	2	1.000
src/edg/src/expr.c	0082e3b6	FUN_0082e3b6	2	1.000
src/edg/src/expr.c	0082e563	FUN_0082e563	2	1.000
src/edg/src/expr.c	0082f8d8	FUN_0082f8d8	2	1.000
src/edg/src/expr.c	0082fcbd	FUN_0082fcbd	2	1.000
src/edg/src/expr.c	0080bb82	FUN_0080bb82	1	1.000
src/edg/src/expr.c	0080bcc1	FUN_0080bcc1	1	1.000
src/edg/src/expr.c	0080bd9c	FUN_0080bd9c	1	1.000
src/edg/src/expr.c	0080cc68	FUN_0080cc68	1	1.000
src/edg/src/expr.c	0080d352	FUN_0080d352	1	1.000
src/edg/src/expr.c	0080e3ee	FUN_0080e3ee	1	1.000
src/edg/src/expr.c	0080fa1d	FUN_0080fa1d	1	1.000
src/edg/src/expr.c	0080fdfc	FUN_0080fdfc	1	1.000
src/edg/src/expr.c	00811a11	FUN_00811a11	1	1.000
src/edg/src/expr.c	00811a69	FUN_00811a69	1	1.000
src/edg/src/expr.c	00811b07	FUN_00811b07	1	1.000
src/edg/src/expr.c	008132c4	FUN_008132c4	1	1.000
src/edg/src/expr.c	008139a2	FUN_008139a2	1	1.000
src/edg/src/expr.c	00815177	FUN_00815177	1	1.000
src/edg/src/expr.c	008157b7	FUN_008157b7	1	1.000
src/edg/src/expr.c	0081595e	FUN_0081595e	1	1.000
src/edg/src/expr.c	00816019	FUN_00816019	1	1.000
src/edg/src/expr.c	008162ff	FUN_008162ff	1	1.000
src/edg/src/expr.c	008166a9	FUN_008166a9	1	1.000
src/edg/src/expr.c	0081681c	FUN_0081681c	1	1.000
src/edg/src/expr.c	00816976	FUN_00816976	1	1.000
src/edg/src/expr.c	0081706e	FUN_0081706e	1	1.000
src/edg/src/expr.c	00817aef	FUN_00817aef	1	1.000
src/edg/src/expr.c	00817c06	FUN_00817c06	1	1.000
src/edg/src/expr.c	00817faf	FUN_00817faf	1	1.000
src/edg/src/expr.c	008182ef	FUN_008182ef	1	1.000
src/edg/src/expr.c	00818485	FUN_00818485	1	1.000
src/edg/src/expr.c	0081a226	FUN_0081a226	1	1.000
src/edg/src/expr.c	0081b874	FUN_0081b874	1	1.000
src/edg/src/expr.c	0081c09d	FUN_0081c09d	1	1.000
src/edg/src/expr.c	0081c530	FUN_0081c530	1	1.000
src/edg/src/expr.c	0081c818	FUN_0081c818	1	1.000
src/edg/src/expr.c	0081d943	FUN_0081d943	1	1.000
src/edg/src/expr.c	0081db96	FUN_0081db96	1	1.000
src/edg/src/expr.c	0081f9a4	FUN_0081f9a4	1	1.000
src/edg/src/expr.c	0081fc49	FUN_0081fc49	1	1.000
src/edg/src/expr.c	00821999	FUN_00821999	1	1.000
src/edg/src/expr.c	0082468a	FUN_0082468a	1	1.000
src/edg/src/expr.c	008248d9	FUN_008248d9	1	1.000
src/edg/src/expr.c	00825080	FUN_00825080	1	1.000
src/edg/src/expr.c	00827a19	FUN_00827a19	1	1.000
src/edg/src/expr.c	0082916d	FUN_0082916d	1	1.000
src/edg/src/expr.c	008291f3	FUN_008291f3	1	1.000
src/edg/src/expr.c	008294b8	FUN_008294b8	1	1.000
src/edg/src/expr.c	0082a769	FUN_0082a769	1	1.000
src/edg/src/expr.c	0082aaeb	FUN_0082aaeb	1	1.000
src/edg/src/expr.c	0082abd1	FUN_0082abd1	1	1.000
src/edg/src/expr.c	0082ad98	FUN_0082ad98	1	1.000
src/edg/src/expr.c	0082ae04	FUN_0082ae04	1	1.000
src/edg/src/expr.c	0082b4b6	FUN_0082b4b6	1	1.000
src/edg/src/expr.c	0082d10d	FUN_0082d10d	1	1.000
src/edg/src/expr.c	0082d247	FUN_0082d247	1	1.000
src/edg/src/expr.c	0082d3b5	FUN_0082d3b5	1	1.000
src/edg/src/expr.c	0082d636	FUN_0082d636	1	1.000
src/edg/src/expr.c	0082d98e	FUN_0082d98e	1	1.000
src/edg/src/expr.c	0082df69	FUN_0082df69	1	1.000
src/edg/src/expr.c	0082e851	FUN_0082e851	1	1.000
src/edg/src/expr.c	0082e8a4	FUN_0082e8a4	1	1.000
src/edg/src/expr.c	0082e995	FUN_0082e995	1	1.000
src/edg/src/expr.c	0082edf7	FUN_0082edf7	1	1.000
src/edg/src/expr.c	0082f096	FUN_0082f096	1	1.000
src/edg/src/expr.c	0082fa5b	FUN_0082fa5b	1	1.000
src/edg/src/expr.c	00830048	FUN_00830048	1	1.000
src/edg/src/exprutil.c	00835768	FUN_00835768	3	1.000
src/edg/src/exprutil.c	0083eed9	FUN_0083eed9	3	1.000
src/edg/src/exprutil.c	00831126	FUN_00831126	2	1.000
src/edg/src/exprutil.c	00831b07	FUN_00831b07	2	1.000
src/edg/src/exprutil.c	00831dc8	FUN_00831dc8	2	1.000
src/edg/src/exprutil.c	00836280	FUN_00836280	2	1.000
src/edg/src/exprutil.c	00837ed4	FUN_00837ed4	2	1.000
src/edg/src/exprutil.c	00839d19	FUN_00839d19	2	1.000
src/edg/src/exprutil.c	0083a2be	FUN_0083a2be	2	1.000
src/edg/src/exprutil.c	0083a4d0	FUN_0083a4d0	2	1.000
src/edg/src/exprutil.c	0083abbf	FUN_0083abbf	2	1.000
src/edg/src/exprutil.c	0083af4d	FUN_0083af4d	2	1.000
src/edg/src/exprutil.c	0083c115	FUN_0083c115	2	1.000
src/edg/src/exprutil.c	0083c44d	FUN_0083c44d	2	1.000
src/edg/src/exprutil.c	0083c95b	FUN_0083c95b	2	1.000
src/edg/src/exprutil.c	0083fc12	FUN_0083fc12	2	1.000
src/edg/src/exprutil.c	00830f3e	FUN_00830f3e	1	1.000
src/edg/src/exprutil.c	008315fc	FUN_008315fc	1	1.000
src/edg/src/exprutil.c	0083234e	FUN_0083234e	1	1.000
src/edg/src/exprutil.c	0083263a	FUN_0083263a	1	1.000
src/edg/src/exprutil.c	008329d1	FUN_008329d1	1	1.000
src/edg/src/exprutil.c	00832bfc	FUN_00832bfc	1	1.000
src/edg/src/exprutil.c	008331ce	FUN_008331ce	1	1.000
src/edg/src/exprutil.c	0083394d	FUN_0083394d	1	1.000
src/edg/src/exprutil.c	00833a00	FUN_00833a00	1	1.000
src/edg/src/exprutil.c	00834725	FUN_00834725	1	1.000
src/edg/src/exprutil.c	008347b2	FUN_008347b2	1	1.000
src/edg/src/exprutil.c	008360cb	FUN_008360cb	1	1.000
src/edg/src/exprutil.c	008361cb	FUN_008361cb	1	1.000
src/edg/src/exprutil.c	00837210	FUN_00837210	1	1.000
src/edg/src/exprutil.c	008379c2	FUN_008379c2	1	1.000
src/edg/src/exprutil.c	00838f82	FUN_00838f82	1	1.000
src/edg/src/exprutil.c	00839350	FUN_00839350	1	1.000
src/edg/src/exprutil.c	0083a214	FUN_0083a214	1	1.000
src/edg/src/exprutil.c	0083a333	FUN_0083a333	1	1.000
src/edg/src/exprutil.c	0083a8c2	FUN_0083a8c2	1	1.000
src/edg/src/exprutil.c	0083ad6d	FUN_0083ad6d	1	1.000
src/edg/src/exprutil.c	0083b57d	FUN_0083b57d	1	1.000
src/edg/src/exprutil.c	0083ba96	FUN_0083ba96	1	1.000
src/edg/src/exprutil.c	0083c78c	FUN_0083c78c	1	1.000
src/edg/src/exprutil.c	0083d63a	FUN_0083d63a	1	1.000
src/edg/src/exprutil.c	0083dde7	FUN_0083dde7	1	1.000
src/edg/src/exprutil.c	0083df98	FUN_0083df98	1	1.000
src/edg/src/exprutil.c	0083f522	FUN_0083f522	1	1.000
src/edg/src/exprutil.c	0083fa9d	FUN_0083fa9d	1	1.000
src/edg/src/exprutil.c	0083fee0	FUN_0083fee0	1	1.000
src/edg/src/exprutil.c	0083ff6f	FUN_0083ff6f	1	1.000
src/edg/src/exprutil.c	00840726	FUN_00840726	1	1.000
src/edg/src/exprutil.c	00840b3c	FUN_00840b3c	1	1.000
src/edg/src/exprutil.c	00841233	FUN_00841233	1	1.000
src/edg/src/exprutil.c	00841c3c	FUN_00841c3c	1	1.000
src/edg/src/exprutil.c	00841c98	FUN_00841c98	1	1.000
src/edg/src/extasm.c	00842bf0	FUN_00842bf0	2	1.000
src/edg/src/extasm.c	008435c5	FUN_008435c5	2	1.000
src/edg/src/extasm.c	008422cc	FUN_008422cc	1	1.000
src/edg/src/extasm.c	008424c5	FUN_008424c5	1	1.000
src/edg/src/extasm.c	00842509	FUN_00842509	1	1.000
src/edg/src/extasm.c	008426e7	FUN_008426e7	1	1.000
src/edg/src/extasm.c	0084272b	FUN_0084272b	1	1.000
src/edg/src/extasm.c	0084283f	FUN_0084283f	1	1.000
src/edg/src/extasm.c	00842883	FUN_00842883	1	1.000
src/edg/src/extasm.c	008429d4	FUN_008429d4	1	1.000
src/edg/src/extasm.c	00842a18	FUN_00842a18	1	1.000
src/edg/src/extasm.c	00842bac	FUN_00842bac	1	1.000
src/edg/src/extasm.c	008431e4	FUN_008431e4	1	1.000
src/edg/src/extasm.c	008434bf	FUN_008434bf	1	1.000
src/edg/src/extasm.c	0084413c	FUN_0084413c	1	1.000
src/edg/src/fe_init.c	008446fc	FUN_008446fc	2	1.000
src/edg/src/fe_init.c	00844782	FUN_00844782	2	1.000
src/edg/src/fe_init.c	00844a71	FUN_00844a71	1	1.000
src/edg/src/fe_init.c	00846b86	FUN_00846b86	1	1.000
src/edg/src/fe_wrapup.c	00847a05	FUN_00847a05	3	1.000
src/edg/src/fe_wrapup.c	00847063	FUN_00847063	2	1.000
src/edg/src/fe_wrapup.c	0084720c	FUN_0084720c	1	1.000
src/edg/src/fe_wrapup.c	0084758f	FUN_0084758f	1	1.000
src/edg/src/fe_wrapup.c	00847c27	FUN_00847c27	1	1.000
src/edg/src/float_pt.c	00848c67	FUN_00848c67	2	1.000
src/edg/src/float_pt.c	00848f35	FUN_00848f35	2	1.000
src/edg/src/float_pt.c	0084a3fc	FUN_0084a3fc	2	1.000
src/edg/src/float_pt.c	0084850c	FUN_0084850c	1	1.000
src/edg/src/float_pt.c	00848a18	FUN_00848a18	1	1.000
src/edg/src/float_pt.c	008491eb	FUN_008491eb	1	1.000
src/edg/src/folding.c	0085274d	FUN_0085274d	15	1.000
src/edg/src/folding.c	0084ce5c	FUN_0084ce5c	8	1.000
src/edg/src/folding.c	0085201e	FUN_0085201e	5	1.000
src/edg/src/folding.c	0084b0b5	FUN_0084b0b5	4	1.000
src/edg/src/folding.c	0084aba0	FUN_0084aba0	2	1.000
src/edg/src/folding.c	00851ed9	FUN_00851ed9	2	1.000
src/edg/src/folding.c	0085306b	FUN_0085306b	2	1.000
src/edg/src/folding.c	0084a8a8	FUN_0084a8a8	1	1.000
src/edg/src/folding.c	0084b563	FUN_0084b563	1	1.000
src/edg/src/folding.c	0084b9b7	FUN_0084b9b7	1	1.000
src/edg/src/folding.c	0084ca79	FUN_0084ca79	1	1.000
src/edg/src/folding.c	0084d844	FUN_0084d844	1	1.000
src/edg/src/folding.c	0084e015	FUN_0084e015	1	1.000
src/edg/src/folding.c	0084e903	FUN_0084e903	1	1.000
src/edg/src/folding.c	0084ecc6	FUN_0084ecc6	1	1.000
src/edg/src/folding.c	0084f380	FUN_0084f380	1	1.000
src/edg/src/folding.c	0084f46d	FUN_0084f46d	1	1.000
src/edg/src/folding.c	00850115	FUN_00850115	1	1.000
src/edg/src/folding.c	0085046e	FUN_0085046e	1	1.000
src/edg/src/folding.c	008507b4	FUN_008507b4	1	1.000
src/edg/src/folding.c	008508cf	FUN_008508cf	1	1.000
src/edg/src/folding.c	00850d79	FUN_00850d79	1	1.000
src/edg/src/folding.c	00850fa6	FUN_00850fa6	1	1.000
src/edg/src/folding.c	00852232	FUN_00852232	1	1.000
src/edg/src/folding.c	008522ff	FUN_008522ff	1	1.000
src/edg/src/folding.c	008524bb	FUN_008524bb	1	1.000
src/edg/src/folding.c	00852f72	FUN_00852f72	1	1.000
src/edg/src/func_def.c	008545aa	FUN_008545aa	10	1.000
src/edg/src/func_def.c	00854946	FUN_00854946	6	1.000
src/edg/src/func_def.c	00855bb5	FUN_00855bb5	4	1.000
src/edg/src/func_def.c	00853cce	FUN_00853cce	3	1.000
src/edg/src/func_def.c	008551d4	FUN_008551d4	3	1.000
src/edg/src/func_def.c	00856b1e	FUN_00856b1e	3	1.000
src/edg/src/func_def.c	008535c1	FUN_008535c1	1	1.000
src/edg/src/func_def.c	008538e0	FUN_008538e0	1	1.000
src/edg/src/func_def.c	0085398f	FUN_0085398f	1	1.000
src/edg/src/func_def.c	00853f92	FUN_00853f92	1	1.000
src/edg/src/func_def.c	00854424	FUN_00854424	1	1.000
src/edg/src/func_def.c	00856323	FUN_00856323	1	1.000
src/edg/src/host_envir.c	00858a70	FUN_00858a70	3	1.000
src/edg/src/host_envir.c	008579e2	FUN_008579e2	2	1.000
src/edg/src/host_envir.c	00859164	FUN_00859164	2	1.000
src/edg/src/host_envir.c	00859229	FUN_00859229	2	1.000
src/edg/src/host_envir.c	0085714e	FUN_0085714e	1	1.000
src/edg/src/host_envir.c	00857c4b	FUN_00857c4b	1	1.000
src/edg/src/host_envir.c	008588a4	FUN_008588a4	1	1.000
src/edg/src/host_envir.c	00858cb0	FUN_00858cb0	1	1.000
src/edg/src/host_envir.c	00858ce3	FUN_00858ce3	1	1.000
src/edg/src/host_envir.c	00859537	FUN_00859537	1	1.000
src/edg/src/host_envir.c	00859573	FUN_00859573	1	1.000
src/edg/src/host_envir.c	008595f1	FUN_008595f1	1	1.000
src/edg/src/host_envir.c	00859696	FUN_00859696	1	1.000
src/edg/src/host_envir.c	0085a1e2	FUN_0085a1e2	1	1.000
src/edg/src/host_envir.c	0085a7d6	FUN_0085a7d6	1	1.000
src/edg/src/host_envir.c	0085ac38	FUN_0085ac38	1	1.000
src/edg/src/host_util.h	0085aeff	FUN_0085aeff	1	1.000
src/edg/src/il.c	0086f1ed	FUN_0086f1ed	11	1.000
src/edg/src/il.c	0086b4b6	FUN_0086b4b6	6	1.000
src/edg/src/il.c	0086c813	FUN_0086c813	6	1.000
src/edg/src/il.c	00869aa3	FUN_00869aa3	5	1.000
src/edg/src/il.c	0086f4bf	FUN_0086f4bf	5	1.000
src/edg/src/il.c	0086163c	FUN_0086163c	4	1.000
src/edg/src/il.c	0086287c	FUN_0086287c	4	1.000
src/edg/src/il.c	008655c0	FUN_008655c0	4	1.000
src/edg/src/il.c	008656c7	FUN_008656c7	4	1.000
src/edg/src/il.c	0086836f	FUN_0086836f	4	1.000
src/edg/src/il.c	0086bb52	FUN_0086bb52	4	1.000
src/edg/src/il.c	0086183a	FUN_0086183a	3	1.000
src/edg/src/il.c	00864e6b	FUN_00864e6b	3	1.000
src/edg/src/il.c	00865510	FUN_00865510	3	1.000
src/edg/src/il.c	00865e7d	FUN_00865e7d	3	1.000
src/edg/src/il.c	008684dd	FUN_008684dd	3	1.000
src/edg/src/il.c	008693f1	FUN_008693f1	3	1.000
src/edg/src/il.c	00869880	FUN_00869880	3	1.000
src/edg/src/il.c	008699c2	FUN_008699c2	3	1.000
src/edg/src/il.c	0086a3c9	FUN_0086a3c9	3	1.000
src/edg/src/il.c	0086be80	FUN_0086be80	3	1.000
src/edg/src/il.c	0086fb85	FUN_0086fb85	3	1.000
src/edg/src/il.c	00870788	FUN_00870788	3	1.000
src/edg/src/il.c	008610c8	FUN_008610c8	2	1.000
src/edg/src/il.c	008623de	FUN_008623de	2	1.000
src/edg/src/il.c	00862a18	FUN_00862a18	2	1.000
src/edg/src/il.c	008635b9	FUN_008635b9	2	1.000
src/edg/src/il.c	00863be3	FUN_00863be3	2	1.000
src/edg/src/il.c	00864881	FUN_00864881	2	1.000
src/edg/src/il.c	00865929	FUN_00865929	2	1.000
src/edg/src/il.c	00865ae4	FUN_00865ae4	2	1.000
src/edg/src/il.c	008673d7	FUN_008673d7	2	1.000
src/edg/src/il.c	008682a8	FUN_008682a8	2	1.000
src/edg/src/il.c	0086908a	FUN_0086908a	2	1.000
src/edg/src/il.c	008697ab	FUN_008697ab	2	1.000
src/edg/src/il.c	0086a231	FUN_0086a231	2	1.000
src/edg/src/il.c	0086a544	FUN_0086a544	2	1.000
src/edg/src/il.c	0086aba9	FUN_0086aba9	2	1.000
src/edg/src/il.c	0086d4d5	FUN_0086d4d5	2	1.000
src/edg/src/il.c	0086e415	FUN_0086e415	2	1.000
src/edg/src/il.c	0086e71a	FUN_0086e71a	2	1.000
src/edg/src/il.c	0086e795	FUN_0086e795	2	1.000
src/edg/src/il.c	0086f9e1	FUN_0086f9e1	2	1.000
src/edg/src/il.c	00870184	FUN_00870184	2	1.000
src/edg/src/il.c	00870261	FUN_00870261	2	1.000
src/edg/src/il.c	00870609	FUN_00870609	2	1.000
src/edg/src/il.c	00870ea7	FUN_00870ea7	2	1.000
src/edg/src/il.c	00871f09	FUN_00871f09	2	1.000
src/edg/src/il.c	0085c20f	FUN_0085c20f	1	1.000
src/edg/src/il.c	0085f39b	FUN_0085f39b	1	1.000
src/edg/src/il.c	008602ce	FUN_008602ce	1	1.000
src/edg/src/il.c	00860e4c	FUN_00860e4c	1	1.000
src/edg/src/il.c	00860ff5	FUN_00860ff5	1	1.000
src/edg/src/il.c	008614f1	FUN_008614f1	1	1.000
src/edg/src/il.c	00861923	FUN_00861923	1	1.000
src/edg/src/il.c	00861cf1	FUN_00861cf1	1	1.000
src/edg/src/il.c	0086237c	FUN_0086237c	1	1.000
src/edg/src/il.c	00862612	FUN_00862612	1	1.000
src/edg/src/il.c	00862b30	FUN_00862b30	1	1.000
src/edg/src/il.c	00862e91	FUN_00862e91	1	1.000
src/edg/src/il.c	00863064	FUN_00863064	1	1.000
src/edg/src/il.c	008633c7	FUN_008633c7	1	1.000
src/edg/src/il.c	008646a9	FUN_008646a9	1	1.000
src/edg/src/il.c	00864770	FUN_00864770	1	1.000
src/edg/src/il.c	00864a31	FUN_00864a31	1	1.000
src/edg/src/il.c	00864fe9	FUN_00864fe9	1	1.000
src/edg/src/il.c	00865471	FUN_00865471	1	1.000
src/edg/src/il.c	008654b4	FUN_008654b4	1	1.000
src/edg/src/il.c	00865d93	FUN_00865d93	1	1.000
src/edg/src/il.c	00866289	FUN_00866289	1	1.000
src/edg/src/il.c	00866688	FUN_00866688	1	1.000
src/edg/src/il.c	0086680b	FUN_0086680b	1	1.000
src/edg/src/il.c	00866936	FUN_00866936	1	1.000
src/edg/src/il.c	008669f9	FUN_008669f9	1	1.000
src/edg/src/il.c	00866bed	FUN_00866bed	1	1.000
src/edg/src/il.c	00866d4f	FUN_00866d4f	1	1.000
src/edg/src/il.c	00866e15	FUN_00866e15	1	1.000
src/edg/src/il.c	00867630	FUN_00867630	1	1.000
src/edg/src/il.c	00867a50	FUN_00867a50	1	1.000
src/edg/src/il.c	00867c50	FUN_00867c50	1	1.000
src/edg/src/il.c	00867da0	FUN_00867da0	1	1.000
src/edg/src/il.c	00867e6f	FUN_00867e6f	1	1.000
src/edg/src/il.c	0086803f	FUN_0086803f	1	1.000
src/edg/src/il.c	00868337	FUN_00868337	1	1.000
src/edg/src/il.c	008687d5	FUN_008687d5	1	1.000
src/edg/src/il.c	00868be9	FUN_00868be9	1	1.000
src/edg/src/il.c	00868cbc	FUN_00868cbc	1	1.000
src/edg/src/il.c	00868e78	FUN_00868e78	1	1.000
src/edg/src/il.c	008696de	FUN_008696de	1	1.000
src/edg/src/il.c	00869dbf	FUN_00869dbf	1	1.000
src/edg/src/il.c	00869f9e	FUN_00869f9e	1	1.000
src/edg/src/il.c	0086a4aa	FUN_0086a4aa	1	1.000
src/edg/src/il.c	0086aa80	FUN_0086aa80	1	1.000
src/edg/src/il.c	0086aae6	FUN_0086aae6	1	1.000
src/edg/src/il.c	0086ce45	FUN_0086ce45	1	1.000
src/edg/src/il.c	0086d31d	FUN_0086d31d	1	1.000
src/edg/src/il.c	0086d72a	FUN_0086d72a	1	1.000
src/edg/src/il.c	0086dff8	FUN_0086dff8	1	1.000
src/edg/src/il.c	0086e241	FUN_0086e241	1	1.000
src/edg/src/il.c	0086e602	FUN_0086e602	1	1.000
src/edg/src/il.c	0086e84b	FUN_0086e84b	1	1.000
src/edg/src/il.c	0086f128	FUN_0086f128	1	1.000
src/edg/src/il.c	0086f72c	FUN_0086f72c	1	1.000
src/edg/src/il.c	0086f90b	FUN_0086f90b	1	1.000
src/edg/src/il.c	0086fb08	FUN_0086fb08	1	1.000
src/edg/src/il.c	0086fe0c	FUN_0086fe0c	1	1.000
src/edg/src/il.c	00870c46	FUN_00870c46	1	1.000
src/edg/src/il.c	00870e0f	FUN_00870e0f	1	1.000
src/edg/src/il.c	00870f3b	FUN_00870f3b	1	1.000
src/edg/src/il.c	00871234	FUN_00871234	1	1.000
src/edg/src/il.c	0087132e	FUN_0087132e	1	1.000
src/edg/src/il.c	00871752	FUN_00871752	1	1.000
src/edg/src/il.c	0087189b	FUN_0087189b	1	1.000
src/edg/src/il.c	0087217e	FUN_0087217e	1	1.000
src/edg/src/il.c	008722e2	FUN_008722e2	1	1.000
src/edg/src/il.c	00872711	FUN_00872711	1	1.000
src/edg/src/il_alloc.c	00873490	FUN_00873490	2	1.000
src/edg/src/il_alloc.c	008737e7	FUN_008737e7	2	1.000
src/edg/src/il_alloc.c	0087358c	FUN_0087358c	1	1.000
src/edg/src/il_alloc.c	00873606	FUN_00873606	1	1.000
src/edg/src/il_alloc.c	00873d6f	FUN_00873d6f	1	1.000
src/edg/src/il_alloc.c	00874c41	FUN_00874c41	1	1.000
src/edg/src/il_alloc.c	00875149	FUN_00875149	1	1.000
src/edg/src/il_alloc.c	00875450	FUN_00875450	1	1.000
src/edg/src/il_alloc.c	00875d08	FUN_00875d08	1	1.000
src/edg/src/il_alloc.c	00876029	FUN_00876029	1	1.000
src/edg/src/il_alloc.c	008764c9	FUN_008764c9	1	1.000
src/edg/src/il_display.c	00877ba2	FUN_00877ba2	1	1.000
src/edg/src/il_display.c	00877c2a	FUN_00877c2a	1	1.000
src/edg/src/il_display.c	0087a559	FUN_0087a559	1	1.000
src/edg/src/il_display.c	0087a8f7	FUN_0087a8f7	1	1.000
src/edg/src/il_display.c	0087e1ce	FUN_0087e1ce	1	1.000
src/edg/src/il_to_str.c	00885175	FUN_00885175	8	1.000
src/edg/src/il_to_str.c	00881a6f	FUN_00881a6f	5	1.000
src/edg/src/il_to_str.c	00882827	FUN_00882827	5	1.000
src/edg/src/il_to_str.c	00880812	FUN_00880812	4	1.000
src/edg/src/il_to_str.c	0088211a	FUN_0088211a	3	1.000
src/edg/src/il_to_str.c	00884866	FUN_00884866	3	1.000
src/edg/src/il_to_str.c	008839ad	FUN_008839ad	2	1.000
src/edg/src/il_to_str.c	00883ab8	FUN_00883ab8	2	1.000
src/edg/src/il_to_str.c	00884012	FUN_00884012	2	1.000
src/edg/src/il_to_str.c	008806fe	FUN_008806fe	1	1.000
src/edg/src/il_to_str.c	00880a22	FUN_00880a22	1	1.000
src/edg/src/il_to_str.c	00880b7f	FUN_00880b7f	1	1.000
src/edg/src/il_to_str.c	00880c78	FUN_00880c78	1	1.000
src/edg/src/il_to_str.c	00880cf5	FUN_00880cf5	1	1.000
src/edg/src/il_to_str.c	00880f22	FUN_00880f22	1	1.000
src/edg/src/il_to_str.c	008813be	FUN_008813be	1	1.000
src/edg/src/il_to_str.c	00882d1b	FUN_00882d1b	1	1.000
src/edg/src/il_to_str.c	008832d2	FUN_008832d2	1	1.000
src/edg/src/il_to_str.c	00883341	FUN_00883341	1	1.000
src/edg/src/il_to_str.c	00883930	FUN_00883930	1	1.000
src/edg/src/il_to_str.c	008847c0	FUN_008847c0	1	1.000
src/edg/src/il_to_str.c	00884bd0	FUN_00884bd0	1	1.000
src/edg/src/il_to_str.c	00884ca6	FUN_00884ca6	1	1.000
src/edg/src/il_to_str.c	00885119	FUN_00885119	1	1.000
src/edg/src/il_to_str.c	00886211	FUN_00886211	1	1.000
src/edg/src/il_walk.c	00891b70	FUN_00891b70	2	1.000
src/edg/src/il_walk.c	0089cdc3	FUN_0089cdc3	2	1.000
src/edg/src/il_walk.c	0088dc14	FUN_0088dc14	1	1.000
src/edg/src/il_walk.c	0088dfde	FUN_0088dfde	1	1.000
src/edg/src/il_walk.c	0088e157	FUN_0088e157	1	1.000
src/edg/src/il_walk.c	008927f0	FUN_008927f0	1	1.000
src/edg/src/il_walk.c	00892989	FUN_00892989	1	1.000
src/edg/src/il_walk.c	00892aaf	FUN_00892aaf	1	1.000
src/edg/src/il_walk.c	00897a1d	FUN_00897a1d	1	1.000
src/edg/src/il_walk.c	00897d56	FUN_00897d56	1	1.000
src/edg/src/il_walk.c	00898050	FUN_00898050	1	1.000
src/edg/src/il_walk.c	0089d07e	FUN_0089d07e	1	1.000
src/edg/src/il_walk.c	0089d23f	FUN_0089d23f	1	1.000
src/edg/src/il_walk.c	0089d4c2	FUN_0089d4c2	1	1.000
src/edg/src/il_walk.c	0089d88d	FUN_0089d88d	1	1.000
src/edg/src/inline.c	0089fe75	FUN_0089fe75	6	1.000
src/edg/src/inline.c	0089ea3d	FUN_0089ea3d	3	1.000
src/edg/src/inline.c	0089edfc	FUN_0089edfc	3	1.000
src/edg/src/inline.c	0089fd03	FUN_0089fd03	3	1.000
src/edg/src/inline.c	0089e76c	FUN_0089e76c	2	1.000
src/edg/src/inline.c	0089f15d	FUN_0089f15d	2	1.000
src/edg/src/inline.c	0089dd61	FUN_0089dd61	1	1.000
src/edg/src/inline.c	0089df76	FUN_0089df76	1	1.000
src/edg/src/inline.c	0089e39e	FUN_0089e39e	1	1.000
src/edg/src/inline.c	0089e46d	FUN_0089e46d	1	1.000
src/edg/src/inline.c	0089e99f	FUN_0089e99f	1	1.000
src/edg/src/inline.c	0089e9e8	FUN_0089e9e8	1	1.000
src/edg/src/inline.c	0089fe1e	FUN_0089fe1e	1	1.000
src/edg/src/inline.c	008a0606	FUN_008a0606	1	1.000
src/edg/src/layout.c	008a2371	FUN_008a2371	2	1.000
src/edg/src/layout.c	008a261b	FUN_008a261b	2	1.000
src/edg/src/layout.c	008a33ae	FUN_008a33ae	2	1.000
src/edg/src/layout.c	008a07a8	FUN_008a07a8	1	1.000
src/edg/src/layout.c	008a0949	FUN_008a0949	1	1.000
src/edg/src/layout.c	008a19a1	FUN_008a19a1	1	1.000
src/edg/src/layout.c	008a1cd1	FUN_008a1cd1	1	1.000
src/edg/src/layout.c	008a2b2e	FUN_008a2b2e	1	1.000
src/edg/src/layout.c	008a37d4	FUN_008a37d4	1	1.000
src/edg/src/layout.c	008a38c5	FUN_008a38c5	1	1.000
src/edg/src/layout.c	008a3d9b	FUN_008a3d9b	1	1.000
src/edg/src/lexical.c	008a94e9	FUN_008a94e9	5	1.000
src/edg/src/lexical.c	008b489b	FUN_008b489b	5	1.000
src/edg/src/lexical.c	008a7795	FUN_008a7795	4	1.000
src/edg/src/lexical.c	008aee55	FUN_008aee55	4	1.000
src/edg/src/lexical.c	008a48d3	FUN_008a48d3	3	1.000
src/edg/src/lexical.c	008a53f7	FUN_008a53f7	3	1.000
src/edg/src/lexical.c	008a6768	FUN_008a6768	3	1.000
src/edg/src/lexical.c	008a7453	FUN_008a7453	3	1.000
src/edg/src/lexical.c	008aa729	FUN_008aa729	3	1.000
src/edg/src/lexical.c	008ad1e3	FUN_008ad1e3	3	1.000
src/edg/src/lexical.c	008ad653	FUN_008ad653	3	1.000
src/edg/src/lexical.c	008b27db	FUN_008b27db	3	1.000
src/edg/src/lexical.c	008a5654	FUN_008a5654	2	1.000
src/edg/src/lexical.c	008a58ec	FUN_008a58ec	2	1.000
src/edg/src/lexical.c	008a69b6	FUN_008a69b6	2	1.000
src/edg/src/lexical.c	008ad973	FUN_008ad973	2	1.000
src/edg/src/lexical.c	008adbb4	FUN_008adbb4	2	1.000
src/edg/src/lexical.c	008aeacb	FUN_008aeacb	2	1.000
src/edg/src/lexical.c	008b397f	FUN_008b397f	2	1.000
src/edg/src/lexical.c	008b7a69	FUN_008b7a69	2	1.000
src/edg/src/lexical.c	008b8b7c	FUN_008b8b7c	2	1.000
src/edg/src/lexical.c	008a3fa2	FUN_008a3fa2	1	1.000
src/edg/src/lexical.c	008a457d	FUN_008a457d	1	1.000
src/edg/src/lexical.c	008a4ab4	FUN_008a4ab4	1	1.000
src/edg/src/lexical.c	008a512f	FUN_008a512f	1	1.000
src/edg/src/lexical.c	008a52c7	FUN_008a52c7	1	1.000
src/edg/src/lexical.c	008a5549	FUN_008a5549	1	1.000
src/edg/src/lexical.c	008a5c58	FUN_008a5c58	1	1.000
src/edg/src/lexical.c	008a5e50	FUN_008a5e50	1	1.000
src/edg/src/lexical.c	008a5fb8	FUN_008a5fb8	1	1.000
src/edg/src/lexical.c	008a616a	FUN_008a616a	1	1.000
src/edg/src/lexical.c	008a774d	FUN_008a774d	1	1.000
src/edg/src/lexical.c	008a80c3	FUN_008a80c3	1	1.000
src/edg/src/lexical.c	008abefe	FUN_008abefe	1	1.000
src/edg/src/lexical.c	008acddd	FUN_008acddd	1	1.000
src/edg/src/lexical.c	008ae04a	FUN_008ae04a	1	1.000
src/edg/src/lexical.c	008ae557	FUN_008ae557	1	1.000
src/edg/src/lexical.c	008ae90b	FUN_008ae90b	1	1.000
src/edg/src/lexical.c	008b09da	FUN_008b09da	1	1.000
src/edg/src/lexical.c	008b0a5e	FUN_008b0a5e	1	1.000
src/edg/src/lexical.c	008b15eb	FUN_008b15eb	1	1.000
src/edg/src/lexical.c	008b1723	FUN_008b1723	1	1.000
src/edg/src/lexical.c	008b25cb	FUN_008b25cb	1	1.000
src/edg/src/lexical.c	008b377a	FUN_008b377a	1	1.000
src/edg/src/lexical.c	008b66b1	FUN_008b66b1	1	1.000
src/edg/src/lexical.c	008b72c4	FUN_008b72c4	1	1.000
src/edg/src/lexical.c	008b763f	FUN_008b763f	1	1.000
src/edg/src/lexical.c	008b7db8	FUN_008b7db8	1	1.000
src/edg/src/lexical.c	008b8194	FUN_008b8194	1	1.000
src/edg/src/lexical.c	008b9415	FUN_008b9415	1	1.000
src/edg/src/literals.c	008ba7f2	FUN_008ba7f2	9	1.000
src/edg/src/literals.c	008bb7c0	FUN_008bb7c0	4	1.000
src/edg/src/literals.c	008bbbb4	FUN_008bbbb4	4	1.000
src/edg/src/literals.c	008bb1d2	FUN_008bb1d2	3	1.000
src/edg/src/literals.c	008bb08a	FUN_008bb08a	2	1.000
src/edg/src/literals.c	008ba4f3	FUN_008ba4f3	1	1.000
src/edg/src/lookup.c	008bc253	FUN_008bc253	2	1.000
src/edg/src/lookup.c	008bc7c7	FUN_008bc7c7	2	1.000
src/edg/src/lookup.c	008bc91e	FUN_008bc91e	2	1.000
src/edg/src/lookup.c	008bcb23	FUN_008bcb23	2	1.000
src/edg/src/lookup.c	008bc5a1	FUN_008bc5a1	1	1.000
src/edg/src/lookup.c	008bcebf	FUN_008bcebf	1	1.000
src/edg/src/lookup.c	008bcfbb	FUN_008bcfbb	1	1.000
src/edg/src/lookup.c	008bd0b7	FUN_008bd0b7	1	1.000
src/edg/src/lookup.c	008bd17e	FUN_008bd17e	1	1.000
src/edg/src/lookup.c	008bd3d1	FUN_008bd3d1	1	1.000
src/edg/src/lookup.c	008bd87f	FUN_008bd87f	1	1.000
src/edg/src/lookup.c	008bf041	FUN_008bf041	1	1.000
src/edg/src/lookup.c	008bf6f4	FUN_008bf6f4	1	1.000
src/edg/src/lookup.c	008bf8e8	FUN_008bf8e8	1	1.000
src/edg/src/lookup.c	008c0207	FUN_008c0207	1	1.000
src/edg/src/lookup.c	008c0c18	FUN_008c0c18	1	1.000
src/edg/src/lookup.c	008c11c6	FUN_008c11c6	1	1.000
src/edg/src/lookup.c	008c22a7	FUN_008c22a7	1	1.000
src/edg/src/lookup.c	008c2868	FUN_008c2868	1	1.000
src/edg/src/lookup.c	008c2be4	FUN_008c2be4	1	1.000
src/edg/src/lookup.c	008c3aad	FUN_008c3aad	1	1.000
src/edg/src/lookup.c	008c3e76	FUN_008c3e76	1	1.000
src/edg/src/lookup.c	008c433a	FUN_008c433a	1	1.000
src/edg/src/lookup.c	008c463b	FUN_008c463b	1	1.000
src/edg/src/lower_c99.c	008c5f99	FUN_008c5f99	12	1.000
src/edg/src/lower_c99.c	008c674e	FUN_008c674e	4	1.000
src/edg/src/lower_c99.c	008c4ea7	FUN_008c4ea7	2	1.000
src/edg/src/lower_c99.c	008c56cf	FUN_008c56cf	2	1.000
src/edg/src/lower_c99.c	008c6d23	FUN_008c6d23	2	1.000
src/edg/src/lower_c99.c	008c70ee	FUN_008c70ee	2	1.000
src/edg/src/lower_c99.c	008c74a5	FUN_008c74a5	2	1.000
src/edg/src/lower_c99.c	008c46ed	FUN_008c46ed	1	1.000
src/edg/src/lower_c99.c	008c48a9	FUN_008c48a9	1	1.000
src/edg/src/lower_c99.c	008c49a6	FUN_008c49a6	1	1.000
src/edg/src/lower_c99.c	008c4ab5	FUN_008c4ab5	1	1.000
src/edg/src/lower_c99.c	008c4da2	FUN_008c4da2	1	1.000
src/edg/src/lower_c99.c	008c51a7	FUN_008c51a7	1	1.000
src/edg/src/lower_c99.c	008c53ae	FUN_008c53ae	1	1.000
src/edg/src/lower_c99.c	008c550a	FUN_008c550a	1	1.000
src/edg/src/lower_c99.c	008c55fb	FUN_008c55fb	1	1.000
src/edg/src/lower_c99.c	008c5755	FUN_008c5755	1	1.000
src/edg/src/lower_c99.c	008c57e5	FUN_008c57e5	1	1.000
src/edg/src/lower_c99.c	008c5874	FUN_008c5874	1	1.000
src/edg/src/lower_c99.c	008c5903	FUN_008c5903	1	1.000
src/edg/src/lower_c99.c	008c5992	FUN_008c5992	1	1.000
src/edg/src/lower_c99.c	008c5a21	FUN_008c5a21	1	1.000
src/edg/src/lower_c99.c	008c5ad3	FUN_008c5ad3	1	1.000
src/edg/src/lower_c99.c	008c5ca9	FUN_008c5ca9	1	1.000
src/edg/src/lower_c99.c	008c5e3f	FUN_008c5e3f	1	1.000
src/edg/src/lower_c99.c	008c5ecf	FUN_008c5ecf	1	1.000
src/edg/src/lower_c99.c	008c661d	FUN_008c661d	1	1.000
src/edg/src/lower_c99.c	008c66a2	FUN_008c66a2	1	1.000
src/edg/src/lower_c99.c	008c6939	FUN_008c6939	1	1.000
src/edg/src/lower_c99.c	008c6c0e	FUN_008c6c0e	1	1.000
src/edg/src/lower_c99.c	008c741b	FUN_008c741b	1	1.000
src/edg/src/lower_c99.c	008c7592	FUN_008c7592	1	1.000
src/edg/src/lower_c99.c	008c76dc	FUN_008c76dc	1	1.000
src/edg/src/lower_c99.c	008c7a1e	FUN_008c7a1e	1	1.000
src/edg/src/lower_c99.c	008c7bed	FUN_008c7bed	1	1.000
src/edg/src/lower_c99.c	008c844b	FUN_008c844b	1	1.000
src/edg/src/lower_eh.c	008ccd76	FUN_008ccd76	6	1.000
src/edg/src/lower_eh.c	008c8da3	FUN_008c8da3	3	1.000
src/edg/src/lower_eh.c	008c8a86	FUN_008c8a86	2	1.000
src/edg/src/lower_eh.c	008c98f7	FUN_008c98f7	2	1.000
src/edg/src/lower_eh.c	008ca2e9	FUN_008ca2e9	2	1.000
src/edg/src/lower_eh.c	008c86e1	FUN_008c86e1	1	1.000
src/edg/src/lower_eh.c	008c91e2	FUN_008c91e2	1	1.000
src/edg/src/lower_eh.c	008c9349	FUN_008c9349	1	1.000
src/edg/src/lower_eh.c	008c9557	FUN_008c9557	1	1.000
src/edg/src/lower_eh.c	008c96bb	FUN_008c96bb	1	1.000
src/edg/src/lower_eh.c	008c9ccf	FUN_008c9ccf	1	1.000
src/edg/src/lower_eh.c	008ca1b6	FUN_008ca1b6	1	1.000
src/edg/src/lower_eh.c	008ca23b	FUN_008ca23b	1	1.000
src/edg/src/lower_eh.c	008ca432	FUN_008ca432	1	1.000
src/edg/src/lower_eh.c	008ca6a2	FUN_008ca6a2	1	1.000
src/edg/src/lower_eh.c	008ca722	FUN_008ca722	1	1.000
src/edg/src/lower_eh.c	008cafd8	FUN_008cafd8	1	1.000
src/edg/src/lower_eh.c	008cb879	FUN_008cb879	1	1.000
src/edg/src/lower_eh.c	008cc3be	FUN_008cc3be	1	1.000
src/edg/src/lower_eh.c	008cc684	FUN_008cc684	1	1.000
src/edg/src/lower_eh.c	008cd667	FUN_008cd667	1	1.000
src/edg/src/lower_eh.c	008cda64	FUN_008cda64	1	1.000
src/edg/src/lower_il.c	008d6dc6	FUN_008d6dc6	10	1.000
src/edg/src/lower_il.c	008dbc34	FUN_008dbc34	6	1.000
src/edg/src/lower_il.c	008d9b98	FUN_008d9b98	5	1.000
src/edg/src/lower_il.c	008daf17	FUN_008daf17	4	1.000
src/edg/src/lower_il.c	008d554f	FUN_008d554f	3	1.000
src/edg/src/lower_il.c	008d8a2b	FUN_008d8a2b	3	1.000
src/edg/src/lower_il.c	008d9084	FUN_008d9084	3	1.000
src/edg/src/lower_il.c	008dacd3	FUN_008dacd3	3	1.000
src/edg/src/lower_il.c	008ce31c	FUN_008ce31c	2	1.000
src/edg/src/lower_il.c	008ce55d	FUN_008ce55d	2	1.000
src/edg/src/lower_il.c	008cfcb2	FUN_008cfcb2	2	1.000
src/edg/src/lower_il.c	008cfddd	FUN_008cfddd	2	1.000
src/edg/src/lower_il.c	008d0ae0	FUN_008d0ae0	2	1.000
src/edg/src/lower_il.c	008d13e3	FUN_008d13e3	2	1.000
src/edg/src/lower_il.c	008d2d14	FUN_008d2d14	2	1.000
src/edg/src/lower_il.c	008d2f6b	FUN_008d2f6b	2	1.000
src/edg/src/lower_il.c	008d3f40	FUN_008d3f40	2	1.000
src/edg/src/lower_il.c	008d870a	FUN_008d870a	2	1.000
src/edg/src/lower_il.c	008d96c1	FUN_008d96c1	2	1.000
src/edg/src/lower_il.c	008db6ae	FUN_008db6ae	2	1.000
src/edg/src/lower_il.c	008dbaee	FUN_008dbaee	2	1.000
src/edg/src/lower_il.c	008dc0a6	FUN_008dc0a6	2	1.000
src/edg/src/lower_il.c	008ce293	FUN_008ce293	1	1.000
src/edg/src/lower_il.c	008ce4b1	FUN_008ce4b1	1	1.000
src/edg/src/lower_il.c	008ce51e	FUN_008ce51e	1	1.000
src/edg/src/lower_il.c	008ce5bf	FUN_008ce5bf	1	1.000
src/edg/src/lower_il.c	008ce71a	FUN_008ce71a	1	1.000
src/edg/src/lower_il.c	008ce87b	FUN_008ce87b	1	1.000
src/edg/src/lower_il.c	008ce8ff	FUN_008ce8ff	1	1.000
src/edg/src/lower_il.c	008cea9b	FUN_008cea9b	1	1.000
src/edg/src/lower_il.c	008cebde	FUN_008cebde	1	1.000
src/edg/src/lower_il.c	008ced83	FUN_008ced83	1	1.000
src/edg/src/lower_il.c	008cf59c	FUN_008cf59c	1	1.000
src/edg/src/lower_il.c	008cfb3c	FUN_008cfb3c	1	1.000
src/edg/src/lower_il.c	008cfbad	FUN_008cfbad	1	1.000
src/edg/src/lower_il.c	008d0055	FUN_008d0055	1	1.000
src/edg/src/lower_il.c	008d05d9	FUN_008d05d9	1	1.000
src/edg/src/lower_il.c	008d06c6	FUN_008d06c6	1	1.000
src/edg/src/lower_il.c	008d08ea	FUN_008d08ea	1	1.000
src/edg/src/lower_il.c	008d0e48	FUN_008d0e48	1	1.000
src/edg/src/lower_il.c	008d12ce	FUN_008d12ce	1	1.000
src/edg/src/lower_il.c	008d15c9	FUN_008d15c9	1	1.000
src/edg/src/lower_il.c	008d18a0	FUN_008d18a0	1	1.000
src/edg/src/lower_il.c	008d1908	FUN_008d1908	1	1.000
src/edg/src/lower_il.c	008d1943	FUN_008d1943	1	1.000
src/edg/src/lower_il.c	008d1c02	FUN_008d1c02	1	1.000
src/edg/src/lower_il.c	008d1cca	FUN_008d1cca	1	1.000
src/edg/src/lower_il.c	008d21b0	FUN_008d21b0	1	1.000
src/edg/src/lower_il.c	008d2508	FUN_008d2508	1	1.000
src/edg/src/lower_il.c	008d277e	FUN_008d277e	1	1.000
src/edg/src/lower_il.c	008d317b	FUN_008d317b	1	1.000
src/edg/src/lower_il.c	008d3425	FUN_008d3425	1	1.000
src/edg/src/lower_il.c	008d3b8b	FUN_008d3b8b	1	1.000
src/edg/src/lower_il.c	008d4e93	FUN_008d4e93	1	1.000
src/edg/src/lower_il.c	008d526a	FUN_008d526a	1	1.000
src/edg/src/lower_il.c	008d5f66	FUN_008d5f66	1	1.000
src/edg/src/lower_il.c	008d6189	FUN_008d6189	1	1.000
src/edg/src/lower_il.c	008d6c03	FUN_008d6c03	1	1.000
src/edg/src/lower_il.c	008d6c72	FUN_008d6c72	1	1.000
src/edg/src/lower_il.c	008d7adf	FUN_008d7adf	1	1.000
src/edg/src/lower_il.c	008d7e6b	FUN_008d7e6b	1	1.000
src/edg/src/lower_il.c	008d7f72	FUN_008d7f72	1	1.000
src/edg/src/lower_il.c	008d804d	FUN_008d804d	1	1.000
src/edg/src/lower_il.c	008d81c5	FUN_008d81c5	1	1.000
src/edg/src/lower_il.c	008d820e	FUN_008d820e	1	1.000
src/edg/src/lower_il.c	008d8263	FUN_008d8263	1	1.000
src/edg/src/lower_il.c	008d82b8	FUN_008d82b8	1	1.000
src/edg/src/lower_il.c	008d8547	FUN_008d8547	1	1.000
src/edg/src/lower_il.c	008d8b54	FUN_008d8b54	1	1.000
src/edg/src/lower_il.c	008d8c4e	FUN_008d8c4e	1	1.000
src/edg/src/lower_il.c	008d8ca4	FUN_008d8ca4	1	1.000
src/edg/src/lower_il.c	008d8d3c	FUN_008d8d3c	1	1.000
src/edg/src/lower_il.c	008d9419	FUN_008d9419	1	1.000
src/edg/src/lower_il.c	008d9479	FUN_008d9479	1	1.000
src/edg/src/lower_il.c	008da0bd	FUN_008da0bd	1	1.000
src/edg/src/lower_il.c	008da145	FUN_008da145	1	1.000
src/edg/src/lower_il.c	008da2f8	FUN_008da2f8	1	1.000
src/edg/src/lower_il.c	008da847	FUN_008da847	1	1.000
src/edg/src/lower_il.c	008da8ba	FUN_008da8ba	1	1.000
src/edg/src/lower_il.c	008daae4	FUN_008daae4	1	1.000
src/edg/src/lower_il.c	008db1c6	FUN_008db1c6	1	1.000
src/edg/src/lower_il.c	008db56c	FUN_008db56c	1	1.000
src/edg/src/lower_il.c	008db986	FUN_008db986	1	1.000
src/edg/src/lower_il.c	008dbba2	FUN_008dbba2	1	1.000
src/edg/src/lower_il.c	008dc861	FUN_008dc861	1	1.000
src/edg/src/lower_il.c	008dc8f2	FUN_008dc8f2	1	1.000
src/edg/src/lower_il.c	008dca14	FUN_008dca14	1	1.000
src/edg/src/lower_il.c	008dce44	FUN_008dce44	1	1.000
src/edg/src/lower_il.c	008dd43c	FUN_008dd43c	1	1.000
src/edg/src/lower_il.c	008dd5c9	FUN_008dd5c9	1	1.000
src/edg/src/lower_init.c	008e351c	FUN_008e351c	9	1.000
src/edg/src/lower_init.c	008e717e	FUN_008e717e	8	1.000
src/edg/src/lower_init.c	008e0bf8	FUN_008e0bf8	7	1.000
src/edg/src/lower_init.c	008e48be	FUN_008e48be	4	1.000
src/edg/src/lower_init.c	008e9efe	FUN_008e9efe	4	1.000
src/edg/src/lower_init.c	008ead75	FUN_008ead75	4	1.000
src/edg/src/lower_init.c	008de848	FUN_008de848	3	1.000
src/edg/src/lower_init.c	008e0226	FUN_008e0226	3	1.000
src/edg/src/lower_init.c	008e1467	FUN_008e1467	3	1.000
src/edg/src/lower_init.c	008e4573	FUN_008e4573	3	1.000
src/edg/src/lower_init.c	008e52cd	FUN_008e52cd	3	1.000
src/edg/src/lower_init.c	008e6bd8	FUN_008e6bd8	3	1.000
src/edg/src/lower_init.c	008e8bcb	FUN_008e8bcb	3	1.000
src/edg/src/lower_init.c	008eb1db	FUN_008eb1db	3	1.000
src/edg/src/lower_init.c	008dd8be	FUN_008dd8be	2	1.000
src/edg/src/lower_init.c	008dddfa	FUN_008dddfa	2	1.000
src/edg/src/lower_init.c	008deb72	FUN_008deb72	2	1.000
src/edg/src/lower_init.c	008e0480	FUN_008e0480	2	1.000
src/edg/src/lower_init.c	008e056b	FUN_008e056b	2	1.000
src/edg/src/lower_init.c	008e2943	FUN_008e2943	2	1.000
src/edg/src/lower_init.c	008e2bc1	FUN_008e2bc1	2	1.000
src/edg/src/lower_init.c	008e2c76	FUN_008e2c76	2	1.000
src/edg/src/lower_init.c	008e4b65	FUN_008e4b65	2	1.000
src/edg/src/lower_init.c	008e5bd4	FUN_008e5bd4	2	1.000
src/edg/src/lower_init.c	008e6684	FUN_008e6684	2	1.000
src/edg/src/lower_init.c	008e7aba	FUN_008e7aba	2	1.000
src/edg/src/lower_init.c	008e8411	FUN_008e8411	2	1.000
src/edg/src/lower_init.c	008e8528	FUN_008e8528	2	1.000
src/edg/src/lower_init.c	008e90c6	FUN_008e90c6	2	1.000
src/edg/src/lower_init.c	008e9271	FUN_008e9271	2	1.000
src/edg/src/lower_init.c	008e95aa	FUN_008e95aa	2	1.000
src/edg/src/lower_init.c	008e96bb	FUN_008e96bb	2	1.000
src/edg/src/lower_init.c	008e996f	FUN_008e996f	2	1.000
src/edg/src/lower_init.c	008ea3b5	FUN_008ea3b5	2	1.000
src/edg/src/lower_init.c	008ea479	FUN_008ea479	2	1.000
src/edg/src/lower_init.c	008ddc11	FUN_008ddc11	1	1.000
src/edg/src/lower_init.c	008ddfcb	FUN_008ddfcb	1	1.000
src/edg/src/lower_init.c	008de09e	FUN_008de09e	1	1.000
src/edg/src/lower_init.c	008dec16	FUN_008dec16	1	1.000
src/edg/src/lower_init.c	008df4a2	FUN_008df4a2	1	1.000
src/edg/src/lower_init.c	008df92e	FUN_008df92e	1	1.000
src/edg/src/lower_init.c	008dfa43	FUN_008dfa43	1	1.000
src/edg/src/lower_init.c	008dfcad	FUN_008dfcad	1	1.000
src/edg/src/lower_init.c	008e079e	FUN_008e079e	1	1.000
src/edg/src/lower_init.c	008e1108	FUN_008e1108	1	1.000
src/edg/src/lower_init.c	008e178a	FUN_008e178a	1	1.000
src/edg/src/lower_init.c	008e1c0e	FUN_008e1c0e	1	1.000
src/edg/src/lower_init.c	008e1ee7	FUN_008e1ee7	1	1.000
src/edg/src/lower_init.c	008e23b8	FUN_008e23b8	1	1.000
src/edg/src/lower_init.c	008e2828	FUN_008e2828	1	1.000
src/edg/src/lower_init.c	008e28dd	FUN_008e28dd	1	1.000
src/edg/src/lower_init.c	008e2abb	FUN_008e2abb	1	1.000
src/edg/src/lower_init.c	008e2b78	FUN_008e2b78	1	1.000
src/edg/src/lower_init.c	008e5106	FUN_008e5106	1	1.000
src/edg/src/lower_init.c	008e51b0	FUN_008e51b0	1	1.000
src/edg/src/lower_init.c	008e5815	FUN_008e5815	1	1.000
src/edg/src/lower_init.c	008e59e5	FUN_008e59e5	1	1.000
src/edg/src/lower_init.c	008e61ec	FUN_008e61ec	1	1.000
src/edg/src/lower_init.c	008e6505	FUN_008e6505	1	1.000
src/edg/src/lower_init.c	008e65c6	FUN_008e65c6	1	1.000
src/edg/src/lower_init.c	008e67d3	FUN_008e67d3	1	1.000
src/edg/src/lower_init.c	008e6897	FUN_008e6897	1	1.000
src/edg/src/lower_init.c	008e7f70	FUN_008e7f70	1	1.000
src/edg/src/lower_init.c	008e7fd8	FUN_008e7fd8	1	1.000
src/edg/src/lower_init.c	008e8093	FUN_008e8093	1	1.000
src/edg/src/lower_init.c	008e824c	FUN_008e824c	1	1.000
src/edg/src/lower_init.c	008e8748	FUN_008e8748	1	1.000
src/edg/src/lower_init.c	008e91cb	FUN_008e91cb	1	1.000
src/edg/src/lower_init.c	008ea6d4	FUN_008ea6d4	1	1.000
src/edg/src/lower_init.c	008ea8a9	FUN_008ea8a9	1	1.000
src/edg/src/lower_init.c	008eac34	FUN_008eac34	1	1.000
src/edg/src/lower_init.c	008eb80c	FUN_008eb80c	1	1.000
src/edg/src/lower_name.c	008edca8	FUN_008edca8	6	1.000
src/edg/src/lower_name.c	008ed7d5	FUN_008ed7d5	5	1.000
src/edg/src/lower_name.c	008ece10	FUN_008ece10	4	1.000
src/edg/src/lower_name.c	008ed548	FUN_008ed548	4	1.000
src/edg/src/lower_name.c	008ec323	FUN_008ec323	3	1.000
src/edg/src/lower_name.c	008ed399	FUN_008ed399	3	1.000
src/edg/src/lower_name.c	008edafe	FUN_008edafe	3	1.000
src/edg/src/lower_name.c	008eeb0b	FUN_008eeb0b	3	1.000
src/edg/src/lower_name.c	008ebd9c	FUN_008ebd9c	2	1.000
src/edg/src/lower_name.c	008ec0e6	FUN_008ec0e6	2	1.000
src/edg/src/lower_name.c	008ec787	FUN_008ec787	2	1.000
src/edg/src/lower_name.c	008eca8d	FUN_008eca8d	2	1.000
src/edg/src/lower_name.c	008f0002	FUN_008f0002	2	1.000
src/edg/src/lower_name.c	008f03cd	FUN_008f03cd	2	1.000
src/edg/src/lower_name.c	008eb8ea	FUN_008eb8ea	1	1.000
src/edg/src/lower_name.c	008eb975	FUN_008eb975	1	1.000
src/edg/src/lower_name.c	008eb9ce	FUN_008eb9ce	1	1.000
src/edg/src/lower_name.c	008ebf0d	FUN_008ebf0d	1	1.000
src/edg/src/lower_name.c	008ec01f	FUN_008ec01f	1	1.000
src/edg/src/lower_name.c	008ec4cd	FUN_008ec4cd	1	1.000
src/edg/src/lower_name.c	008ecc4b	FUN_008ecc4b	1	1.000
src/edg/src/lower_name.c	008ed030	FUN_008ed030	1	1.000
src/edg/src/lower_name.c	008ed15f	FUN_008ed15f	1	1.000
src/edg/src/lower_name.c	008ed221	FUN_008ed221	1	1.000
src/edg/src/lower_name.c	008ef00c	FUN_008ef00c	1	1.000
src/edg/src/lower_name.c	008ef0d2	FUN_008ef0d2	1	1.000
src/edg/src/lower_name.c	008ef2b0	FUN_008ef2b0	1	1.000
src/edg/src/lower_name.c	008ef3b6	FUN_008ef3b6	1	1.000
src/edg/src/lower_name.c	008ef485	FUN_008ef485	1	1.000
src/edg/src/lower_name.c	008ef4d5	FUN_008ef4d5	1	1.000
src/edg/src/lower_name.c	008efd9a	FUN_008efd9a	1	1.000
src/edg/src/lower_name.c	008f0713	FUN_008f0713	1	1.000
src/edg/src/macro.c	008f97c0	FUN_008f97c0	4	1.000
src/edg/src/macro.c	008f6e2e	FUN_008f6e2e	3	1.000
src/edg/src/macro.c	008f902e	FUN_008f902e	3	1.000
src/edg/src/macro.c	008f1155	FUN_008f1155	2	1.000
src/edg/src/macro.c	008f2ac1	FUN_008f2ac1	2	1.000
src/edg/src/macro.c	008f5d25	FUN_008f5d25	2	1.000
src/edg/src/macro.c	008f6124	FUN_008f6124	2	1.000
src/edg/src/macro.c	008f8ebc	FUN_008f8ebc	2	1.000
src/edg/src/macro.c	008f0dc0	FUN_008f0dc0	1	1.000
src/edg/src/macro.c	008f14b3	FUN_008f14b3	1	1.000
src/edg/src/macro.c	008f2337	FUN_008f2337	1	1.000
src/edg/src/macro.c	008f240c	FUN_008f240c	1	1.000
src/edg/src/macro.c	008f28f3	FUN_008f28f3	1	1.000
src/edg/src/macro.c	008f30f8	FUN_008f30f8	1	1.000
src/edg/src/macro.c	008f362c	FUN_008f362c	1	1.000
src/edg/src/macro.c	008f8881	FUN_008f8881	1	1.000
src/edg/src/macro.c	008f9231	FUN_008f9231	1	1.000
src/edg/src/macro.c	008f9b9a	FUN_008f9b9a	1	1.000
src/edg/src/macro.c	008f9fba	FUN_008f9fba	1	1.000
src/edg/src/mem_manage.c	008fb747	FUN_008fb747	1	1.000
src/edg/src/mem_manage.c	008fb84e	FUN_008fb84e	1	1.000
src/edg/src/mem_manage.c	008fbdd3	FUN_008fbdd3	1	1.000
src/edg/src/ms_attrib.c	008fc560	FUN_008fc560	1	1.000
src/edg/src/ms_attrib.c	008fc7ce	FUN_008fc7ce	1	1.000
src/edg/src/ms_attrib.c	008fcc54	FUN_008fcc54	1	1.000
src/edg/src/ms_attrib.c	008fcd20	FUN_008fcd20	1	1.000
src/edg/src/ms_attrib.c	008fce13	FUN_008fce13	1	1.000
src/edg/src/ms_attrib.c	008fd12d	FUN_008fd12d	1	1.000
src/edg/src/ms_attrib.c	008fd22e	FUN_008fd22e	1	1.000
src/edg/src/ms_attrib.c	008fd2ad	FUN_008fd2ad	1	1.000
src/edg/src/ms_attrib.c	008fd2e6	FUN_008fd2e6	1	1.000
src/edg/src/ms_attrib.c	008fd4e5	FUN_008fd4e5	1	1.000
src/edg/src/ms_attrib.c	008fd689	FUN_008fd689	1	1.000
src/edg/src/overload.c	00903a31	FUN_00903a31	7	1.000
src/edg/src/overload.c	00900e3f	FUN_00900e3f	5	1.000
src/edg/src/overload.c	009009e0	FUN_009009e0	4	1.000
src/edg/src/overload.c	00904c3d	FUN_00904c3d	4	1.000
src/edg/src/overload.c	00911142	FUN_00911142	4	1.000
src/edg/src/overload.c	0090aa36	FUN_0090aa36	3	1.000
src/edg/src/overload.c	0090d052	FUN_0090d052	3	1.000
src/edg/src/overload.c	0090e22b	FUN_0090e22b	3	1.000
src/edg/src/overload.c	008ff657	FUN_008ff657	2	1.000
src/edg/src/overload.c	00902690	FUN_00902690	2	1.000
src/edg/src/overload.c	00903632	FUN_00903632	2	1.000
src/edg/src/overload.c	0090374e	FUN_0090374e	2	1.000
src/edg/src/overload.c	009046c2	FUN_009046c2	2	1.000
src/edg/src/overload.c	009050ff	FUN_009050ff	2	1.000
src/edg/src/overload.c	00908263	FUN_00908263	2	1.000
src/edg/src/overload.c	0090a70f	FUN_0090a70f	2	1.000
src/edg/src/overload.c	0090d1a7	FUN_0090d1a7	2	1.000
src/edg/src/overload.c	0090ebc5	FUN_0090ebc5	2	1.000
src/edg/src/overload.c	0090ff23	FUN_0090ff23	2	1.000
src/edg/src/overload.c	009103a8	FUN_009103a8	2	1.000
src/edg/src/overload.c	008fe2c3	FUN_008fe2c3	1	1.000
src/edg/src/overload.c	008fe434	FUN_008fe434	1	1.000
src/edg/src/overload.c	008fefc2	FUN_008fefc2	1	1.000
src/edg/src/overload.c	008ff0bb	FUN_008ff0bb	1	1.000
src/edg/src/overload.c	008ff2f9	FUN_008ff2f9	1	1.000
src/edg/src/overload.c	008ff468	FUN_008ff468	1	1.000
src/edg/src/overload.c	0090155b	FUN_0090155b	1	1.000
src/edg/src/overload.c	009018c6	FUN_009018c6	1	1.000
src/edg/src/overload.c	00901d70	FUN_00901d70	1	1.000
src/edg/src/overload.c	009023ff	FUN_009023ff	1	1.000
src/edg/src/overload.c	00902b11	FUN_00902b11	1	1.000
src/edg/src/overload.c	00902ebb	FUN_00902ebb	1	1.000
src/edg/src/overload.c	009038fb	FUN_009038fb	1	1.000
src/edg/src/overload.c	0090454d	FUN_0090454d	1	1.000
src/edg/src/overload.c	009049bb	FUN_009049bb	1	1.000
src/edg/src/overload.c	0090679d	FUN_0090679d	1	1.000
src/edg/src/overload.c	00907777	FUN_00907777	1	1.000
src/edg/src/overload.c	00907d6e	FUN_00907d6e	1	1.000
src/edg/src/overload.c	00907f14	FUN_00907f14	1	1.000
src/edg/src/overload.c	009090dc	FUN_009090dc	1	1.000
src/edg/src/overload.c	00909271	FUN_00909271	1	1.000
src/edg/src/overload.c	009095be	FUN_009095be	1	1.000
src/edg/src/overload.c	0090a441	FUN_0090a441	1	1.000
src/edg/src/overload.c	0090b946	FUN_0090b946	1	1.000
src/edg/src/overload.c	0090c762	FUN_0090c762	1	1.000
src/edg/src/overload.c	0090cec5	FUN_0090cec5	1	1.000
src/edg/src/overload.c	0090eb4f	FUN_0090eb4f	1	1.000
src/edg/src/overload.c	0090fabb	FUN_0090fabb	1	1.000
src/edg/src/overload.c	0090fc43	FUN_0090fc43	1	1.000
src/edg/src/overload.c	0090fd6a	FUN_0090fd6a	1	1.000
src/edg/src/overload.c	009108fb	FUN_009108fb	1	1.000
src/edg/src/overload.c	00910e89	FUN_00910e89	1	1.000
src/edg/src/pch.c	00913005	FUN_00913005	3	1.000
src/edg/src/pch.c	00912083	FUN_00912083	2	1.000
src/edg/src/pch.c	00913553	FUN_00913553	2	1.000
src/edg/src/pch.c	009114c0	FUN_009114c0	1	1.000
src/edg/src/pch.c	0091164f	FUN_0091164f	1	1.000
src/edg/src/pch.c	009116d4	FUN_009116d4	1	1.000
src/edg/src/pch.c	009118a6	FUN_009118a6	1	1.000
src/edg/src/pch.c	009119c3	FUN_009119c3	1	1.000
src/edg/src/pch.c	00912190	FUN_00912190	1	1.000
src/edg/src/pch.c	009122a8	FUN_009122a8	1	1.000
src/edg/src/pch.c	00913b86	FUN_00913b86	1	1.000
src/edg/src/pch.c	00914045	FUN_00914045	1	1.000
src/edg/src/pch.c	009140c8	FUN_009140c8	1	1.000
src/edg/src/pragma.c	009145b8	FUN_009145b8	6	1.000
src/edg/src/pragma.c	00914f41	FUN_00914f41	4	1.000
src/edg/src/pragma.c	00915789	FUN_00915789	2	1.000
src/edg/src/pragma.c	00914860	FUN_00914860	1	1.000
src/edg/src/pragma.c	009149fd	FUN_009149fd	1	1.000
src/edg/src/pragma.c	00914dca	FUN_00914dca	1	1.000
src/edg/src/pragma.c	0091528b	FUN_0091528b	1	1.000
src/edg/src/pragma.c	00915377	FUN_00915377	1	1.000
src/edg/src/pragma.c	00915b37	FUN_00915b37	1	1.000
src/edg/src/pragma_asmsym.c	00990421	FUN_00990421	3	1.000
src/edg/src/pragma_asmsym.c	00990d3d	FUN_00990d3d	3	1.000
src/edg/src/pragma_asmsym.c	00991312	FUN_00991312	2	1.000
src/edg/src/pragma_asmsym.c	00991457	FUN_00991457	2	1.000
src/edg/src/pragma_asmsym.c	0098f2dd	FUN_0098f2dd	1	1.000
src/edg/src/pragma_asmsym.c	0098f460	FUN_0098f460	1	1.000
src/edg/src/pragma_asmsym.c	0098f512	FUN_0098f512	1	1.000
src/edg/src/pragma_asmsym.c	0098f65e	FUN_0098f65e	1	1.000
src/edg/src/pragma_asmsym.c	009900db	FUN_009900db	1	1.000
src/edg/src/pragma_asmsym.c	00990284	FUN_00990284	1	1.000
src/edg/src/pragma_asmsym.c	009906e8	FUN_009906e8	1	1.000
src/edg/src/pragma_asmsym.c	009907e3	FUN_009907e3	1	1.000
src/edg/src/pragma_asmsym.c	009909a5	FUN_009909a5	1	1.000
src/edg/src/pragma_asmsym.c	00990a12	FUN_00990a12	1	1.000
src/edg/src/pragma_asmsym.c	00990ae1	FUN_00990ae1	1	1.000
src/edg/src/pragma_asmsym.c	00990bee	FUN_00990bee	1	1.000
src/edg/src/pragma_asmsym.c	00990e44	FUN_00990e44	1	1.000
src/edg/src/pragma_ghs.c	009876a8	FUN_009876a8	6	1.000
src/edg/src/pragma_ghs.c	009813e5	FUN_009813e5	2	1.000
src/edg/src/pragma_ghs.c	0098408c	FUN_0098408c	2	1.000
src/edg/src/pragma_ghs.c	00985244	FUN_00985244	2	1.000
src/edg/src/pragma_ghs.c	009866eb	FUN_009866eb	2	1.000
src/edg/src/pragma_ghs.c	0098688d	FUN_0098688d	2	1.000
src/edg/src/pragma_ghs.c	0098713b	FUN_0098713b	2	1.000
src/edg/src/pragma_ghs.c	00987571	FUN_00987571	2	1.000
src/edg/src/pragma_ghs.c	0097f4b5	FUN_0097f4b5	1	1.000
src/edg/src/pragma_ghs.c	0097fc93	FUN_0097fc93	1	1.000
src/edg/src/pragma_ghs.c	0097ff3b	FUN_0097ff3b	1	1.000
src/edg/src/pragma_ghs.c	0097ff7d	FUN_0097ff7d	1	1.000
src/edg/src/pragma_ghs.c	0097ffbe	FUN_0097ffbe	1	1.000
src/edg/src/pragma_ghs.c	009802dd	FUN_009802dd	1	1.000
src/edg/src/pragma_ghs.c	0098050a	FUN_0098050a	1	1.000
src/edg/src/pragma_ghs.c	00980651	FUN_00980651	1	1.000
src/edg/src/pragma_ghs.c	009808fd	FUN_009808fd	1	1.000
src/edg/src/pragma_ghs.c	00980ac5	FUN_00980ac5	1	1.000
src/edg/src/pragma_ghs.c	00980c47	FUN_00980c47	1	1.000
src/edg/src/pragma_ghs.c	00981cc5	FUN_00981cc5	1	1.000
src/edg/src/pragma_ghs.c	00981edf	FUN_00981edf	1	1.000
src/edg/src/pragma_ghs.c	009829b0	FUN_009829b0	1	1.000
src/edg/src/pragma_ghs.c	009839b4	FUN_009839b4	1	1.000
src/edg/src/pragma_ghs.c	00983adf	FUN_00983adf	1	1.000
src/edg/src/pragma_ghs.c	00984bfd	FUN_00984bfd	1	1.000
src/edg/src/pragma_ghs.c	0098548b	FUN_0098548b	1	1.000
src/edg/src/pragma_ghs.c	00985794	FUN_00985794	1	1.000
src/edg/src/pragma_ghs.c	009858d4	FUN_009858d4	1	1.000
src/edg/src/pragma_ghs.c	0098643b	FUN_0098643b	1	1.000
src/edg/src/pragma_ghs.c	00986667	FUN_00986667	1	1.000
src/edg/src/pragma_ghs.c	009869db	FUN_009869db	1	1.000
src/edg/src/pragma_ghs.c	00986f47	FUN_00986f47	1	1.000
src/edg/src/pragma_ghs.c	00987a20	FUN_00987a20	1	1.000
src/edg/src/pragma_ghs.c	009886ff	FUN_009886ff	1	1.000
src/edg/src/pragma_ghs.c	00988872	FUN_00988872	1	1.000
src/edg/src/pragma_ghs.c	00988909	FUN_00988909	1	1.000
src/edg/src/preproc.c	009180f5	FUN_009180f5	2	1.000
src/edg/src/preproc.c	00918611	FUN_00918611	1	1.000
src/edg/src/scope_stk.c	00920cd6	FUN_00920cd6	10	1.000
src/edg/src/scope_stk.c	0091bf3e	FUN_0091bf3e	3	1.000
src/edg/src/scope_stk.c	0091e098	FUN_0091e098	3	1.000
src/edg/src/scope_stk.c	0091e94d	FUN_0091e94d	3	1.000
src/edg/src/scope_stk.c	0091b373	FUN_0091b373	2	1.000
src/edg/src/scope_stk.c	0091b5d3	FUN_0091b5d3	2	1.000
src/edg/src/scope_stk.c	0091d8c3	FUN_0091d8c3	2	1.000
src/edg/src/scope_stk.c	0091e448	FUN_0091e448	2	1.000
src/edg/src/scope_stk.c	00920093	FUN_00920093	2	1.000
src/edg/src/scope_stk.c	00920518	FUN_00920518	2	1.000
src/edg/src/scope_stk.c	0092079c	FUN_0092079c	2	1.000
src/edg/src/scope_stk.c	0091b4d4	FUN_0091b4d4	1	1.000
src/edg/src/scope_stk.c	0091ba08	FUN_0091ba08	1	1.000
src/edg/src/scope_stk.c	0091bd4d	FUN_0091bd4d	1	1.000
src/edg/src/scope_stk.c	0091bdbc	FUN_0091bdbc	1	1.000
src/edg/src/scope_stk.c	0091c045	FUN_0091c045	1	1.000
src/edg/src/scope_stk.c	0091c3c2	FUN_0091c3c2	1	1.000
src/edg/src/scope_stk.c	0091d36f	FUN_0091d36f	1	1.000
src/edg/src/scope_stk.c	0091d455	FUN_0091d455	1	1.000
src/edg/src/scope_stk.c	0091d53c	FUN_0091d53c	1	1.000
src/edg/src/scope_stk.c	0091d6e0	FUN_0091d6e0	1	1.000
src/edg/src/scope_stk.c	0091d763	FUN_0091d763	1	1.000
src/edg/src/scope_stk.c	0091d87c	FUN_0091d87c	1	1.000
src/edg/src/scope_stk.c	0091db92	FUN_0091db92	1	1.000
src/edg/src/scope_stk.c	0091dfe9	FUN_0091dfe9	1	1.000
src/edg/src/scope_stk.c	0091e56f	FUN_0091e56f	1	1.000
src/edg/src/scope_stk.c	0091f8cc	FUN_0091f8cc	1	1.000
src/edg/src/scope_stk.c	0091f9c7	FUN_0091f9c7	1	1.000
src/edg/src/scope_stk.c	0091faf5	FUN_0091faf5	1	1.000
src/edg/src/scope_stk.c	009202d6	FUN_009202d6	1	1.000
src/edg/src/scope_stk.c	0092092e	FUN_0092092e	1	1.000
src/edg/src/scope_stk.c	00920b41	FUN_00920b41	1	1.000
src/edg/src/scope_stk.c	009217e8	FUN_009217e8	1	1.000
src/edg/src/scope_stk.c	009219f2	FUN_009219f2	1	1.000
src/edg/src/scope_stk.c	00921b5c	FUN_00921b5c	1	1.000
src/edg/src/scope_stk.c	00921d24	FUN_00921d24	1	1.000
src/edg/src/scope_stk.c	00921f7f	FUN_00921f7f	1	1.000
src/edg/src/statements.c	0092c607	FUN_0092c607	6	1.000
src/edg/src/statements.c	0092884c	FUN_0092884c	5	1.000
src/edg/src/statements.c	00923403	FUN_00923403	4	1.000
src/edg/src/statements.c	009235b1	FUN_009235b1	4	1.000
src/edg/src/statements.c	00923a38	FUN_00923a38	4	1.000
src/edg/src/statements.c	009258fc	FUN_009258fc	4	1.000
src/edg/src/statements.c	00928649	FUN_00928649	4	1.000
src/edg/src/statements.c	0092ae9b	FUN_0092ae9b	4	1.000
src/edg/src/statements.c	009230c9	FUN_009230c9	3	1.000
src/edg/src/statements.c	00924812	FUN_00924812	3	1.000
src/edg/src/statements.c	00924c2c	FUN_00924c2c	3	1.000
src/edg/src/statements.c	00926735	FUN_00926735	3	1.000
src/edg/src/statements.c	0092322a	FUN_0092322a	2	1.000
src/edg/src/statements.c	00923d5f	FUN_00923d5f	2	1.000
src/edg/src/statements.c	00925ac2	FUN_00925ac2	2	1.000
src/edg/src/statements.c	0092694a	FUN_0092694a	2	1.000
src/edg/src/statements.c	00928fdb	FUN_00928fdb	2	1.000
src/edg/src/statements.c	0092a461	FUN_0092a461	2	1.000
src/edg/src/statements.c	0092bb39	FUN_0092bb39	2	1.000
src/edg/src/statements.c	00923c1b	FUN_00923c1b	1	1.000
src/edg/src/statements.c	009241c3	FUN_009241c3	1	1.000
src/edg/src/statements.c	009246a3	FUN_009246a3	1	1.000
src/edg/src/statements.c	00924782	FUN_00924782	1	1.000
src/edg/src/statements.c	00924bad	FUN_00924bad	1	1.000
src/edg/src/statements.c	00924bf1	FUN_00924bf1	1	1.000
src/edg/src/statements.c	009264b2	FUN_009264b2	1	1.000
src/edg/src/statements.c	00926880	FUN_00926880	1	1.000
src/edg/src/statements.c	00927717	FUN_00927717	1	1.000
src/edg/src/statements.c	00927b52	FUN_00927b52	1	1.000
src/edg/src/statements.c	009282ee	FUN_009282ee	1	1.000
src/edg/src/statements.c	00928587	FUN_00928587	1	1.000
src/edg/src/statements.c	00928b49	FUN_00928b49	1	1.000
src/edg/src/statements.c	00928ce7	FUN_00928ce7	1	1.000
src/edg/src/statements.c	00929392	FUN_00929392	1	1.000
src/edg/src/statements.c	00929652	FUN_00929652	1	1.000
src/edg/src/statements.c	00929e6b	FUN_00929e6b	1	1.000
src/edg/src/statements.c	0092aa52	FUN_0092aa52	1	1.000
src/edg/src/statements.c	0092ac91	FUN_0092ac91	1	1.000
src/edg/src/statements.c	0092b455	FUN_0092b455	1	1.000
src/edg/src/statements.c	0092c531	FUN_0092c531	1	1.000
src/edg/src/statements.c	0092cf9d	FUN_0092cf9d	1	1.000
src/edg/src/symbol_ref.c	0092de92	FUN_0092de92	7	1.000
src/edg/src/symbol_ref.c	0092d6d8	FUN_0092d6d8	1	1.000
src/edg/src/symbol_ref.c	0092d793	FUN_0092d793	1	1.000
src/edg/src/symbol_ref.c	0092db75	FUN_0092db75	1	1.000
src/edg/src/symbol_ref.c	0092dd3a	FUN_0092dd3a	1	1.000
src/edg/src/symbol_ref.c	0092e821	FUN_0092e821	1	1.000
src/edg/src/symbol_ref.c	0092e9b5	FUN_0092e9b5	1	1.000
src/edg/src/symbol_tbl.c	0093ee50	FUN_0093ee50	9	1.000
src/edg/src/symbol_tbl.c	0093e4ac	FUN_0093e4ac	5	1.000
src/edg/src/symbol_tbl.c	009349db	FUN_009349db	4	1.000
src/edg/src/symbol_tbl.c	00939596	FUN_00939596	3	1.000
src/edg/src/symbol_tbl.c	00939cbb	FUN_00939cbb	3	1.000
src/edg/src/symbol_tbl.c	0093a45a	FUN_0093a45a	3	1.000
src/edg/src/symbol_tbl.c	0093f8f7	FUN_0093f8f7	3	1.000
src/edg/src/symbol_tbl.c	0093454d	FUN_0093454d	2	1.000
src/edg/src/symbol_tbl.c	009345f8	FUN_009345f8	2	1.000
src/edg/src/symbol_tbl.c	0093623a	FUN_0093623a	2	1.000
src/edg/src/symbol_tbl.c	00937abf	FUN_00937abf	2	1.000
src/edg/src/symbol_tbl.c	00937f2b	FUN_00937f2b	2	1.000
src/edg/src/symbol_tbl.c	00938a1a	FUN_00938a1a	2	1.000
src/edg/src/symbol_tbl.c	00938adf	FUN_00938adf	2	1.000
src/edg/src/symbol_tbl.c	0093a2d0	FUN_0093a2d0	2	1.000
src/edg/src/symbol_tbl.c	0093abfa	FUN_0093abfa	2	1.000
src/edg/src/symbol_tbl.c	0093b0ec	FUN_0093b0ec	2	1.000
src/edg/src/symbol_tbl.c	0093dd34	FUN_0093dd34	2	1.000
src/edg/src/symbol_tbl.c	0093f26d	FUN_0093f26d	2	1.000
src/edg/src/symbol_tbl.c	0093f62f	FUN_0093f62f	2	1.000
src/edg/src/symbol_tbl.c	00933981	FUN_00933981	1	1.000
src/edg/src/symbol_tbl.c	00933ce7	FUN_00933ce7	1	1.000
src/edg/src/symbol_tbl.c	009347ec	FUN_009347ec	1	1.000
src/edg/src/symbol_tbl.c	009354b6	FUN_009354b6	1	1.000
src/edg/src/symbol_tbl.c	009356a4	FUN_009356a4	1	1.000
src/edg/src/symbol_tbl.c	00935f4c	FUN_00935f4c	1	1.000
src/edg/src/symbol_tbl.c	009361d9	FUN_009361d9	1	1.000
src/edg/src/symbol_tbl.c	00937e5d	FUN_00937e5d	1	1.000
src/edg/src/symbol_tbl.c	00938bef	FUN_00938bef	1	1.000
src/edg/src/symbol_tbl.c	00938c89	FUN_00938c89	1	1.000
src/edg/src/symbol_tbl.c	009393d5	FUN_009393d5	1	1.000
src/edg/src/symbol_tbl.c	00939880	FUN_00939880	1	1.000
src/edg/src/symbol_tbl.c	00939a16	FUN_00939a16	1	1.000
src/edg/src/symbol_tbl.c	0093a238	FUN_0093a238	1	1.000
src/edg/src/symbol_tbl.c	0093a393	FUN_0093a393	1	1.000
src/edg/src/symbol_tbl.c	0093a652	FUN_0093a652	1	1.000
src/edg/src/symbol_tbl.c	0093a7d6	FUN_0093a7d6	1	1.000
src/edg/src/symbol_tbl.c	0093a858	FUN_0093a858	1	1.000
src/edg/src/symbol_tbl.c	0093b04c	FUN_0093b04c	1	1.000
src/edg/src/symbol_tbl.c	0093b2ff	FUN_0093b2ff	1	1.000
src/edg/src/symbol_tbl.c	0093bb50	FUN_0093bb50	1	1.000
src/edg/src/symbol_tbl.c	0093c235	FUN_0093c235	1	1.000
src/edg/src/symbol_tbl.c	0093c413	FUN_0093c413	1	1.000
src/edg/src/symbol_tbl.c	0093c4ad	FUN_0093c4ad	1	1.000
src/edg/src/symbol_tbl.c	0093c527	FUN_0093c527	1	1.000
src/edg/src/symbol_tbl.c	0093ca65	FUN_0093ca65	1	1.000
src/edg/src/symbol_tbl.c	0093cc69	FUN_0093cc69	1	1.000
src/edg/src/symbol_tbl.c	0093d010	FUN_0093d010	1	1.000
src/edg/src/symbol_tbl.c	0093df82	FUN_0093df82	1	1.000
src/edg/src/symbol_tbl.c	0093ed15	FUN_0093ed15	1	1.000
src/edg/src/symbol_tbl.c	0093fe3e	FUN_0093fe3e	1	1.000
src/edg/src/sys_predef.c	00944ab6	FUN_00944ab6	6	1.000
src/edg/src/sys_predef.c	009412b0	FUN_009412b0	2	1.000
src/edg/src/sys_predef.c	009448fb	FUN_009448fb	1	1.000
src/edg/src/sys_predef.c	009461b8	FUN_009461b8	1	1.000
src/edg/src/target.c	00946936	FUN_00946936	3	1.000
src/edg/src/target.c	00946af0	FUN_00946af0	2	1.000
src/edg/src/templates.c	0095aecd	FUN_0095aecd	6	1.000
src/edg/src/templates.c	009504d2	FUN_009504d2	5	1.000
src/edg/src/templates.c	00954d4d	FUN_00954d4d	5	1.000
src/edg/src/templates.c	00959fc4	FUN_00959fc4	5	1.000
src/edg/src/templates.c	0094c4a7	FUN_0094c4a7	4	1.000
src/edg/src/templates.c	00952924	FUN_00952924	4	1.000
src/edg/src/templates.c	0095cce6	FUN_0095cce6	4	1.000
src/edg/src/templates.c	00962864	FUN_00962864	4	1.000
src/edg/src/templates.c	0094b14e	FUN_0094b14e	3	1.000
src/edg/src/templates.c	0094be57	FUN_0094be57	3	1.000
src/edg/src/templates.c	0095085e	FUN_0095085e	3	1.000
src/edg/src/templates.c	00950c02	FUN_00950c02	3	1.000
src/edg/src/templates.c	00951420	FUN_00951420	3	1.000
src/edg/src/templates.c	00957e3d	FUN_00957e3d	3	1.000
src/edg/src/templates.c	0095d08c	FUN_0095d08c	3	1.000
src/edg/src/templates.c	0095d7ac	FUN_0095d7ac	3	1.000
src/edg/src/templates.c	0095dc74	FUN_0095dc74	3	1.000
src/edg/src/templates.c	0095e3ad	FUN_0095e3ad	3	1.000
src/edg/src/templates.c	0095f1fe	FUN_0095f1fe	3	1.000
src/edg/src/templates.c	009605ae	FUN_009605ae	3	1.000
src/edg/src/templates.c	00962eb8	FUN_00962eb8	3	1.000
src/edg/src/templates.c	00947b1d	FUN_00947b1d	2	1.000
src/edg/src/templates.c	00948343	FUN_00948343	2	1.000
src/edg/src/templates.c	009486b0	FUN_009486b0	2	1.000
src/edg/src/templates.c	00949645	FUN_00949645	2	1.000
src/edg/src/templates.c	0094a159	FUN_0094a159	2	1.000
src/edg/src/templates.c	0094a525	FUN_0094a525	2	1.000
src/edg/src/templates.c	0094aa50	FUN_0094aa50	2	1.000
src/edg/src/templates.c	0094b6e2	FUN_0094b6e2	2	1.000
src/edg/src/templates.c	0094c978	FUN_0094c978	2	1.000
src/edg/src/templates.c	009537ef	FUN_009537ef	2	1.000
src/edg/src/templates.c	00953dd9	FUN_00953dd9	2	1.000
src/edg/src/templates.c	00953fff	FUN_00953fff	2	1.000
src/edg/src/templates.c	00956653	FUN_00956653	2	1.000
src/edg/src/templates.c	0095840d	FUN_0095840d	2	1.000
src/edg/src/templates.c	0095850a	FUN_0095850a	2	1.000
src/edg/src/templates.c	00959a3c	FUN_00959a3c	2	1.000
src/edg/src/templates.c	0095c93a	FUN_0095c93a	2	1.000
src/edg/src/templates.c	0095cc6d	FUN_0095cc6d	2	1.000
src/edg/src/templates.c	0095e0c7	FUN_0095e0c7	2	1.000
src/edg/src/templates.c	0095e72d	FUN_0095e72d	2	1.000
src/edg/src/templates.c	0095f075	FUN_0095f075	2	1.000
src/edg/src/templates.c	0095fa50	FUN_0095fa50	2	1.000
src/edg/src/templates.c	0095fef1	FUN_0095fef1	2	1.000
src/edg/src/templates.c	0096076a	FUN_0096076a	2	1.000
src/edg/src/templates.c	009607d6	FUN_009607d6	2	1.000
src/edg/src/templates.c	00960909	FUN_00960909	2	1.000
src/edg/src/templates.c	00960b35	FUN_00960b35	2	1.000
src/edg/src/templates.c	00960c6e	FUN_00960c6e	2	1.000
src/edg/src/templates.c	00960f71	FUN_00960f71	2	1.000
src/edg/src/templates.c	00961f1e	FUN_00961f1e	2	1.000
src/edg/src/templates.c	009630fa	FUN_009630fa	2	1.000
src/edg/src/templates.c	00947845	FUN_00947845	1	1.000
src/edg/src/templates.c	00947c4f	FUN_00947c4f	1	1.000
src/edg/src/templates.c	00947e45	FUN_00947e45	1	1.000
src/edg/src/templates.c	00948165	FUN_00948165	1	1.000
src/edg/src/templates.c	009482b2	FUN_009482b2	1	1.000
src/edg/src/templates.c	00948306	FUN_00948306	1	1.000
src/edg/src/templates.c	00948ca7	FUN_00948ca7	1	1.000
src/edg/src/templates.c	0094920e	FUN_0094920e	1	1.000
src/edg/src/templates.c	0094a365	FUN_0094a365	1	1.000
src/edg/src/templates.c	0094a3b7	FUN_0094a3b7	1	1.000
src/edg/src/templates.c	0094a49a	FUN_0094a49a	1	1.000
src/edg/src/templates.c	0094ad43	FUN_0094ad43	1	1.000
src/edg/src/templates.c	0094aef7	FUN_0094aef7	1	1.000
src/edg/src/templates.c	0094b547	FUN_0094b547	1	1.000
src/edg/src/templates.c	0094b669	FUN_0094b669	1	1.000
src/edg/src/templates.c	0094bd88	FUN_0094bd88	1	1.000
src/edg/src/templates.c	0094c86b	FUN_0094c86b	1	1.000
src/edg/src/templates.c	0094d0b1	FUN_0094d0b1	1	1.000
src/edg/src/templates.c	0094d412	FUN_0094d412	1	1.000
src/edg/src/templates.c	0094d5fc	FUN_0094d5fc	1	1.000
src/edg/src/templates.c	0094d84c	FUN_0094d84c	1	1.000
src/edg/src/templates.c	0094d9ef	FUN_0094d9ef	1	1.000
src/edg/src/templates.c	0094df74	FUN_0094df74	1	1.000
src/edg/src/templates.c	0094ec01	FUN_0094ec01	1	1.000
src/edg/src/templates.c	0094f19c	FUN_0094f19c	1	1.000
src/edg/src/templates.c	0094f4a2	FUN_0094f4a2	1	1.000
src/edg/src/templates.c	0094f67f	FUN_0094f67f	1	1.000
src/edg/src/templates.c	00950040	FUN_00950040	1	1.000
src/edg/src/templates.c	00950411	FUN_00950411	1	1.000
src/edg/src/templates.c	00952192	FUN_00952192	1	1.000
src/edg/src/templates.c	00952b2e	FUN_00952b2e	1	1.000
src/edg/src/templates.c	00952dd5	FUN_00952dd5	1	1.000
src/edg/src/templates.c	00952ff7	FUN_00952ff7	1	1.000
src/edg/src/templates.c	00953b6a	FUN_00953b6a	1	1.000
src/edg/src/templates.c	00953c48	FUN_00953c48	1	1.000
src/edg/src/templates.c	00953f39	FUN_00953f39	1	1.000
src/edg/src/templates.c	009540ab	FUN_009540ab	1	1.000
src/edg/src/templates.c	00954618	FUN_00954618	1	1.000
src/edg/src/templates.c	00954a0e	FUN_00954a0e	1	1.000
src/edg/src/templates.c	00954ba9	FUN_00954ba9	1	1.000
src/edg/src/templates.c	009591d6	FUN_009591d6	1	1.000
src/edg/src/templates.c	00959bd9	FUN_00959bd9	1	1.000
src/edg/src/templates.c	00959d26	FUN_00959d26	1	1.000
src/edg/src/templates.c	0095ac31	FUN_0095ac31	1	1.000
src/edg/src/templates.c	0095c35b	FUN_0095c35b	1	1.000
src/edg/src/templates.c	0095c64e	FUN_0095c64e	1	1.000
src/edg/src/templates.c	0095cf9d	FUN_0095cf9d	1	1.000
src/edg/src/templates.c	0095d47f	FUN_0095d47f	1	1.000
src/edg/src/templates.c	0095d719	FUN_0095d719	1	1.000
src/edg/src/templates.c	0095dee0	FUN_0095dee0	1	1.000
src/edg/src/templates.c	0095e22f	FUN_0095e22f	1	1.000
src/edg/src/templates.c	0095e519	FUN_0095e519	1	1.000
src/edg/src/templates.c	0095e5d8	FUN_0095e5d8	1	1.000
src/edg/src/templates.c	0095e7bf	FUN_0095e7bf	1	1.000
src/edg/src/templates.c	0095ed69	FUN_0095ed69	1	1.000
src/edg/src/templates.c	0095f7cb	FUN_0095f7cb	1	1.000
src/edg/src/templates.c	0095f8e5	FUN_0095f8e5	1	1.000
src/edg/src/templates.c	0095fcab	FUN_0095fcab	1	1.000
src/edg/src/templates.c	009609cb	FUN_009609cb	1	1.000
src/edg/src/templates.c	009614b7	FUN_009614b7	1	1.000
src/edg/src/templates.c	009616f5	FUN_009616f5	1	1.000
src/edg/src/templates.c	00963385	FUN_00963385	1	1.000
src/edg/src/trans_copy.c	00966021	FUN_00966021	17	1.000
src/edg/src/trans_copy.c	00964cb8	FUN_00964cb8	16	1.000
src/edg/src/trans_copy.c	009637e0	FUN_009637e0	5	1.000
src/edg/src/trans_copy.c	00964818	FUN_00964818	4	1.000
src/edg/src/trans_copy.c	00966dde	FUN_00966dde	4	1.000
src/edg/src/trans_copy.c	00967442	FUN_00967442	4	1.000
src/edg/src/trans_copy.c	009679ab	FUN_009679ab	4	1.000
src/edg/src/trans_copy.c	0096406b	FUN_0096406b	3	1.000
src/edg/src/trans_copy.c	0096724b	FUN_0096724b	3	1.000
src/edg/src/trans_copy.c	00964329	FUN_00964329	2	1.000
src/edg/src/trans_copy.c	009645ae	FUN_009645ae	2	1.000
src/edg/src/trans_copy.c	0096474a	FUN_0096474a	2	1.000
src/edg/src/trans_copy.c	00964aac	FUN_00964aac	2	1.000
src/edg/src/trans_copy.c	00965b96	FUN_00965b96	2	1.000
src/edg/src/trans_copy.c	009670f6	FUN_009670f6	2	1.000
src/edg/src/trans_copy.c	00963b01	FUN_00963b01	1	1.000
src/edg/src/trans_copy.c	00963c7b	FUN_00963c7b	1	1.000
src/edg/src/trans_copy.c	00963d04	FUN_00963d04	1	1.000
src/edg/src/trans_copy.c	009644fa	FUN_009644fa	1	1.000
src/edg/src/trans_copy.c	00964650	FUN_00964650	1	1.000
src/edg/src/trans_copy.c	0096497b	FUN_0096497b	1	1.000
src/edg/src/trans_copy.c	00965cad	FUN_00965cad	1	1.000
src/edg/src/trans_copy.c	00965e23	FUN_00965e23	1	1.000
src/edg/src/trans_copy.c	00965f15	FUN_00965f15	1	1.000
src/edg/src/trans_copy.c	00966f66	FUN_00966f66	1	1.000
src/edg/src/trans_copy.c	00967b69	FUN_00967b69	1	1.000
src/edg/src/trans_copy.c	00967c08	FUN_00967c08	1	1.000
src/edg/src/trans_corresp.c	009687f6	FUN_009687f6	3	1.000
src/edg/src/trans_corresp.c	0096e164	FUN_0096e164	3	1.000
src/edg/src/trans_corresp.c	009685f7	FUN_009685f7	2	1.000
src/edg/src/trans_corresp.c	00968c07	FUN_00968c07	2	1.000
src/edg/src/trans_corresp.c	00968df0	FUN_00968df0	2	1.000
src/edg/src/trans_corresp.c	0096a360	FUN_0096a360	2	1.000
src/edg/src/trans_corresp.c	0096a6eb	FUN_0096a6eb	2	1.000
src/edg/src/trans_corresp.c	0096a917	FUN_0096a917	2	1.000
src/edg/src/trans_corresp.c	0096cac1	FUN_0096cac1	2	1.000
src/edg/src/trans_corresp.c	0096e5db	FUN_0096e5db	2	1.000
src/edg/src/trans_corresp.c	0096f066	FUN_0096f066	2	1.000
src/edg/src/trans_corresp.c	009711bd	FUN_009711bd	2	1.000
src/edg/src/trans_corresp.c	00968234	FUN_00968234	1	1.000
src/edg/src/trans_corresp.c	009684ed	FUN_009684ed	1	1.000
src/edg/src/trans_corresp.c	00968eaa	FUN_00968eaa	1	1.000
src/edg/src/trans_corresp.c	00968f8e	FUN_00968f8e	1	1.000
src/edg/src/trans_corresp.c	00969195	FUN_00969195	1	1.000
src/edg/src/trans_corresp.c	00969513	FUN_00969513	1	1.000
src/edg/src/trans_corresp.c	009697ec	FUN_009697ec	1	1.000
src/edg/src/trans_corresp.c	00969967	FUN_00969967	1	1.000
src/edg/src/trans_corresp.c	009699c3	FUN_009699c3	1	1.000
src/edg/src/trans_corresp.c	00969a1f	FUN_00969a1f	1	1.000
src/edg/src/trans_corresp.c	00969a7b	FUN_00969a7b	1	1.000
src/edg/src/trans_corresp.c	00969ad7	FUN_00969ad7	1	1.000
src/edg/src/trans_corresp.c	00969b2b	FUN_00969b2b	1	1.000
src/edg/src/trans_corresp.c	00969b87	FUN_00969b87	1	1.000
src/edg/src/trans_corresp.c	00969bdb	FUN_00969bdb	1	1.000
src/edg/src/trans_corresp.c	00969c37	FUN_00969c37	1	1.000
src/edg/src/trans_corresp.c	0096a5d6	FUN_0096a5d6	1	1.000
src/edg/src/trans_corresp.c	0096ac83	FUN_0096ac83	1	1.000
src/edg/src/trans_corresp.c	0096aed1	FUN_0096aed1	1	1.000
src/edg/src/trans_corresp.c	0096b989	FUN_0096b989	1	1.000
src/edg/src/trans_corresp.c	0096bcf4	FUN_0096bcf4	1	1.000
src/edg/src/trans_corresp.c	0096d5b7	FUN_0096d5b7	1	1.000
src/edg/src/trans_corresp.c	0096dd97	FUN_0096dd97	1	1.000
src/edg/src/trans_corresp.c	0096de6e	FUN_0096de6e	1	1.000
src/edg/src/trans_corresp.c	0096e09a	FUN_0096e09a	1	1.000
src/edg/src/trans_corresp.c	0096e2d4	FUN_0096e2d4	1	1.000
src/edg/src/trans_corresp.c	0096e80c	FUN_0096e80c	1	1.000
src/edg/src/trans_corresp.c	0096f51a	FUN_0096f51a	1	1.000
src/edg/src/trans_corresp.c	0096f765	FUN_0096f765	1	1.000
src/edg/src/trans_corresp.c	0096fcaa	FUN_0096fcaa	1	1.000
src/edg/src/trans_corresp.c	0096feeb	FUN_0096feeb	1	1.000
src/edg/src/trans_corresp.c	009701c6	FUN_009701c6	1	1.000
src/edg/src/trans_corresp.c	00970627	FUN_00970627	1	1.000
src/edg/src/trans_corresp.c	0097068c	FUN_0097068c	1	1.000
src/edg/src/trans_corresp.c	00970c2b	FUN_00970c2b	1	1.000
src/edg/src/trans_corresp.c	00970fe5	FUN_00970fe5	1	1.000
src/edg/src/trans_corresp.c	009715d5	FUN_009715d5	1	1.000
src/edg/src/trans_unit.c	00971a51	FUN_00971a51	2	1.000
src/edg/src/trans_unit.c	00972002	FUN_00972002	2	1.000
src/edg/src/trans_unit.c	00971dcd	FUN_00971dcd	1	1.000
src/edg/src/trans_unit.c	00971e6e	FUN_00971e6e	1	1.000
src/edg/src/types.c	0097c16b	FUN_0097c16b	4	1.000
src/edg/src/types.c	0097385b	FUN_0097385b	3	1.000
src/edg/src/types.c	00976243	FUN_00976243	3	1.000
src/edg/src/types.c	0097bcc4	FUN_0097bcc4	3	1.000
src/edg/src/types.c	00975fe3	FUN_00975fe3	2	1.000
src/edg/src/types.c	009760d0	FUN_009760d0	2	1.000
src/edg/src/types.c	0097bf9c	FUN_0097bf9c	2	1.000
src/edg/src/types.c	0097c903	FUN_0097c903	2	1.000
src/edg/src/types.c	0097d230	FUN_0097d230	2	1.000
src/edg/src/types.c	0097dab0	FUN_0097dab0	2	1.000
src/edg/src/types.c	0097eeed	FUN_0097eeed	2	1.000
src/edg/src/types.c	009725df	FUN_009725df	1	1.000
src/edg/src/types.c	00973463	FUN_00973463	1	1.000
src/edg/src/types.c	00973cbd	FUN_00973cbd	1	1.000
src/edg/src/types.c	00974628	FUN_00974628	1	1.000
src/edg/src/types.c	00974aaf	FUN_00974aaf	1	1.000
src/edg/src/types.c	00975011	FUN_00975011	1	1.000
src/edg/src/types.c	009753a5	FUN_009753a5	1	1.000
src/edg/src/types.c	0097583b	FUN_0097583b	1	1.000
src/edg/src/types.c	00975c7f	FUN_00975c7f	1	1.000
src/edg/src/types.c	00975d39	FUN_00975d39	1	1.000
src/edg/src/types.c	00977c5b	FUN_00977c5b	1	1.000
src/edg/src/types.c	00978591	FUN_00978591	1	1.000
src/edg/src/types.c	0097a021	FUN_0097a021	1	1.000
src/edg/src/types.c	0097ae0c	FUN_0097ae0c	1	1.000
src/edg/src/types.c	0097b16e	FUN_0097b16e	1	1.000
src/edg/src/types.c	0097d151	FUN_0097d151	1	1.000
src/edg/src/types.c	0097e25c	FUN_0097e25c	1	1.000
src/edg/src/types.c	0097e2c7	FUN_0097e2c7	1	1.000
src/edg/src/types.c	0097e41e	FUN_0097e41e	1	1.000
src/edg/src/walk_entry.h	0088e2d3	FUN_0088e2d3	15	1.000
src/edg/src/walk_entry.h	00892af8	FUN_00892af8	15	1.000
src/edg/src/walk_entry.h	00886bc0	FUN_00886bc0	13	1.000
src/edg/src/walk_entry.h	008983b5	FUN_008983b5	13	1.000
src/shared/dsmangle.c	0062d2d0	FUN_0062d2d0	1	1.000
src/shared/genout.c	0059c820	FUN_0059c820	3	1.000
src/shared/gsr/gsrread.cc	009c7344	FUN_009c7344	1	1.000
src/shared/indgen.c	005a5634	FUN_005a5634	2	1.000
src/shared/indgen.c	005a56ff	FUN_005a56ff	2	1.000
src/shared/indinst/indinst.cc	007a059c	FUN_007a059c	6	1.000
src/shared/indinst/indinst.cc	0079fdcc	FUN_0079fdcc	4	1.000
src/shared/indinst/indinst.cc	007a025b	FUN_007a025b	4	1.000
src/shared/indinst/indinst.cc	0079fa60	FUN_0079fa60	3	1.000
src/shared/indinst/indinst.cc	007a044d	FUN_007a044d	2	1.000
src/shared/indinst/indinst.cc	0079fc75	FUN_0079fc75	1	1.000
src/shared/indinst/indinst.cc	007a0b02	FUN_007a0b02	1	1.000
src/shared/indinst/indinstop.cc	0079e220	FUN_0079e220	5	1.000
src/shared/indinst/indinstop.cc	0079e60a	FUN_0079e60a	2	1.000
src/shared/indinst/indinstop.cc	0079d917	FUN_0079d917	1	1.000
src/shared/indinst/indinstop.cc	0079e465	FUN_0079e465	1	1.000
src/shared/indinst/indinstop.cc	0079e4bf	FUN_0079e4bf	1	1.000
src/shared/indinst/indinstop.h	0079d78c	FUN_0079d78c	2	1.000
src/shared/indinst/indinstparsers.cc	0079b922	FUN_0079b922	6	1.000
src/shared/indinst/indinstparsers.cc	0079bd33	FUN_0079bd33	3	1.000
src/shared/indinst/indinstparsers.cc	0079b73a	FUN_0079b73a	2	1.000
src/shared/indinst/indinstparsers.cc	0079bfc6	FUN_0079bfc6	2	1.000
src/shared/indinst/indinstparsers.cc	0079c628	FUN_0079c628	2	1.000
src/shared/indinst/indinstparsers.cc	0079b5c2	FUN_0079b5c2	1	1.000
src/shared/indinst/indinstparsers.cc	0079b669	FUN_0079b669	1	1.000
src/shared/indinst/indinstparsers.cc	0079b7f8	FUN_0079b7f8	1	1.000
src/shared/indinst/indinstparsers.cc	0079bc62	FUN_0079bc62	1	1.000
src/shared/indinst/indinstparsers.cc	0079c30a	FUN_0079c30a	1	1.000
src/shared/indinst/indinstparsers.cc	0079c993	FUN_0079c993	1	1.000
src/shared/indoutputgen.cc	007a0ed0	FUN_007a0ed0	1	1.000
src/shared/indoutputgen.cc	007a0f69	FUN_007a0f69	1	1.000
src/shared/indoutputgen.cc	007a1026	FUN_007a1026	1	1.000
src/shared/indoutputgen.cc	007a1060	FUN_007a1060	1	1.000
src/shared/indoutputgen.cc	007a1098	FUN_007a1098	1	1.000
src/shared/indoutputgen.cc	007a11cf	FUN_007a11cf	1	1.000
src/shared/indtime.c	005aee45	FUN_005aee45	3	1.000
src/shared/indtime.c	005aec8f	FUN_005aec8f	1	1.000
src/shared/indtime.c	005aef5c	FUN_005aef5c	1	1.000
src/shared/indtime.c	005af210	FUN_005af210	1	1.000
src/shared/indtime.c	005af430	FUN_005af430	1	1.000
src/shared/indtime.c	005af67b	FUN_005af67b	1	1.000
